{
    "version": "0.4",
    "title": "Book Form",
    "type": "section",
    "metadata": {
        "template_type": "section-other",
        "include_in_zip": "1",
        "elementor_pro_required": null,
        "wp_page_template": "elementor_canvas"
    },
    "content": [
        {
            "id": "2a4ddf69",
            "settings": {
                "background_background": "classic",
                "background_image": {
                    "url": "",
                    "id": "",
                    "alt": "",
                    "source": "library"
                },
                "background_position": "center center",
                "background_size": "cover",
                "background_overlay_background": "classic",
                "background_overlay_opacity": {
                    "unit": "px",
                    "size": 0.71,
                    "sizes": []
                },
                "margin": {
                    "unit": "px",
                    "top": "0",
                    "right": 0,
                    "bottom": "0",
                    "left": 0,
                    "isLinked": false
                },
                "padding": {
                    "unit": "px",
                    "top": "0",
                    "right": "0",
                    "bottom": "0",
                    "left": "0",
                    "isLinked": false
                },
                "__globals__": {
                    "background_overlay_color": "",
                    "background_color": ""
                }
            },
            "elements": [
                {
                    "id": "5512f0fc",
                    "settings": {
                        "_column_size": 100,
                        "_inline_size": null,
                        "margin": {
                            "unit": "px",
                            "top": "0",
                            "right": "0",
                            "bottom": "0",
                            "left": "0",
                            "isLinked": false
                        },
                        "padding": {
                            "unit": "px",
                            "top": "0",
                            "right": "0",
                            "bottom": "0",
                            "left": "0",
                            "isLinked": false
                        }
                    },
                    "elements": [
                        {
                            "id": "766e7fd0",
                            "settings": {
                                "mf_input_label": "Email",
                                "mf_input_name": "mf-email",
                                "mf_input_placeholder": "Email",
                                "mf_input_validation_warning_message": "This field is required.",
                                "mf_input_label_color": "#FFFFFF",
                                "mf_input_label_typography_typography": "custom",
                                "mf_input_label_typography_font_family": "Russo One",
                                "mf_input_label_typography_font_size": {
                                    "unit": "em",
                                    "size": 1,
                                    "sizes": []
                                },
                                "mf_input_label_typography_font_weight": "500",
                                "mf_input_label_typography_line_height": {
                                    "unit": "em",
                                    "size": "",
                                    "sizes": []
                                },
                                "mf_input_label_typography_word_spacing": {
                                    "unit": "em",
                                    "size": "",
                                    "sizes": []
                                },
                                "mf_input_padding": {
                                    "unit": "px",
                                    "top": "17",
                                    "right": "30",
                                    "bottom": "17",
                                    "left": "30",
                                    "isLinked": false
                                },
                                "mf_input_background_background": "classic",
                                "mf_input_border_border": "solid",
                                "mf_input_border_width": {
                                    "unit": "px",
                                    "top": "1",
                                    "right": "1",
                                    "bottom": "1",
                                    "left": "1",
                                    "isLinked": true
                                },
                                "mf_input_placeholder_color": "#E3E3E3",
                                "__globals__": {
                                    "mf_input_label_typography_typography": "globals\/typography?id=a696114",
                                    "mf_input_label_color": "globals\/colors?id=10160f9",
                                    "mf_input_background_color": "globals\/colors?id=4d3bc29",
                                    "mf_input_placeholder_color": "globals\/colors?id=f513c48",
                                    "mf_input_border_color": "globals\/colors?id=secondary",
                                    "mf_input_color": "globals\/colors?id=10160f9",
                                    "mf_input_color_hover": "globals\/colors?id=10160f9",
                                    "mf_input_color_focus": "globals\/colors?id=10160f9"
                                }
                            },
                            "elements": [],
                            "isInner": false,
                            "widgetType": "mf-email",
                            "elType": "widget"
                        },
                        {
                            "id": "6aa4cf5f",
                            "settings": {
                                "mf_input_label": "Phone",
                                "mf_input_name": "",
                                "mf_input_placeholder": "Phone",
                                "mf_input_validation_warning_message": "This field is required.",
                                "mf_input_label_color": "#FFFFFF",
                                "mf_input_label_typography_typography": "custom",
                                "mf_input_label_typography_font_family": "Russo One",
                                "mf_input_label_typography_font_size": {
                                    "unit": "em",
                                    "size": 1,
                                    "sizes": []
                                },
                                "mf_input_label_typography_font_weight": "500",
                                "mf_input_label_typography_line_height": {
                                    "unit": "em",
                                    "size": "",
                                    "sizes": []
                                },
                                "mf_input_label_typography_word_spacing": {
                                    "unit": "em",
                                    "size": "",
                                    "sizes": []
                                },
                                "mf_input_padding": {
                                    "unit": "px",
                                    "top": "17",
                                    "right": "30",
                                    "bottom": "17",
                                    "left": "30",
                                    "isLinked": false
                                },
                                "mf_input_background_background": "classic",
                                "mf_input_border_border": "solid",
                                "mf_input_border_width": {
                                    "unit": "px",
                                    "top": "1",
                                    "right": "1",
                                    "bottom": "1",
                                    "left": "1",
                                    "isLinked": true
                                },
                                "__globals__": {
                                    "mf_input_label_typography_typography": "globals\/typography?id=a696114",
                                    "mf_input_label_color": "globals\/colors?id=10160f9",
                                    "mf_input_background_color": "globals\/colors?id=4d3bc29",
                                    "mf_input_placeholder_color": "globals\/colors?id=f513c48",
                                    "mf_input_color": "globals\/colors?id=10160f9",
                                    "mf_input_color_hover": "globals\/colors?id=10160f9",
                                    "mf_input_color_focus": "globals\/colors?id=10160f9",
                                    "mf_input_border_hover_color": "globals\/colors?id=secondary",
                                    "mf_input_border_color": "globals\/colors?id=63710da"
                                },
                                "mf_input_border_hover_border": "solid",
                                "mf_input_border_hover_width": {
                                    "unit": "px",
                                    "top": "1",
                                    "right": "1",
                                    "bottom": "1",
                                    "left": "1",
                                    "isLinked": true
                                }
                            },
                            "elements": [],
                            "isInner": false,
                            "widgetType": "mf-text",
                            "elType": "widget"
                        },
                        {
                            "id": "787a8d07",
                            "settings": {
                                "mf_input_label": "Description",
                                "mf_input_name": "mf-textarea",
                                "mf_input_placeholder": "Description",
                                "mf_input_validation_warning_message": "This field is required.",
                                "mf_input_label_color": "#FFFFFF",
                                "mf_input_label_typography_typography": "custom",
                                "mf_input_label_typography_font_family": "Russo One",
                                "mf_input_label_typography_font_size": {
                                    "unit": "em",
                                    "size": 1,
                                    "sizes": []
                                },
                                "mf_input_label_typography_font_weight": "500",
                                "mf_input_label_typography_line_height": {
                                    "unit": "em",
                                    "size": "",
                                    "sizes": []
                                },
                                "mf_input_label_typography_word_spacing": {
                                    "unit": "em",
                                    "size": "",
                                    "sizes": []
                                },
                                "mf_input_padding": {
                                    "unit": "px",
                                    "top": "17",
                                    "right": "30",
                                    "bottom": "17",
                                    "left": "30",
                                    "isLinked": false
                                },
                                "mf_input_background_background": "classic",
                                "mf_input_border_border": "solid",
                                "mf_input_border_width": {
                                    "unit": "px",
                                    "top": "1",
                                    "right": "1",
                                    "bottom": "1",
                                    "left": "1",
                                    "isLinked": true
                                },
                                "__globals__": {
                                    "mf_input_label_typography_typography": "globals\/typography?id=a696114",
                                    "mf_input_label_color": "globals\/colors?id=10160f9",
                                    "mf_input_background_color": "globals\/colors?id=4d3bc29",
                                    "mf_input_placeholder_color": "globals\/colors?id=f513c48",
                                    "mf_input_color": "globals\/colors?id=10160f9",
                                    "mf_input_color_hover": "globals\/colors?id=10160f9",
                                    "mf_input_color_focus": "globals\/colors?id=10160f9",
                                    "mf_input_border_hover_color": "globals\/colors?id=secondary",
                                    "mf_input_border_color": "globals\/colors?id=63710da"
                                },
                                "mf_input_border_hover_border": "solid",
                                "mf_input_border_hover_width": {
                                    "unit": "px",
                                    "top": "1",
                                    "right": "1",
                                    "bottom": "1",
                                    "left": "1",
                                    "isLinked": true
                                }
                            },
                            "elements": [],
                            "isInner": false,
                            "widgetType": "mf-textarea",
                            "elType": "widget"
                        },
                        {
                            "id": "69e9a6ba",
                            "settings": {
                                "mf_btn_text": "Submit Button",
                                "mf_btn_align": "left",
                                "mf_btn_align_mobile": "justify",
                                "mf_hidden_input": [],
                                "mf_btn_text_padding": {
                                    "unit": "px",
                                    "top": "20",
                                    "right": "40",
                                    "bottom": "20",
                                    "left": "40",
                                    "isLinked": false
                                },
                                "mf_btn_bg_color_background": "classic",
                                "mf_btn_bg_hover_color_background": "classic",
                                "mf_btn_border_radius": {
                                    "unit": "px",
                                    "top": "0",
                                    "right": "0",
                                    "bottom": "0",
                                    "left": "0",
                                    "isLinked": true
                                },
                                "mf_btn_box_shadow_group_box_shadow_type": "yes",
                                "mf_btn_box_shadow_group_box_shadow": {
                                    "horizontal": 0,
                                    "vertical": 0,
                                    "blur": 0,
                                    "spread": 0,
                                    "color": "rgba(0,0,0,0.5)"
                                },
                                "__globals__": {
                                    "mf_btn_bg_color_color": "globals\/colors?id=secondary",
                                    "mf_btn_text_color": "globals\/colors?id=10160f9",
                                    "mf_btn_bg_hover_color_color": "globals\/colors?id=primary",
                                    "mf_btn_hover_color": "globals\/colors?id=10160f9"
                                }
                            },
                            "elements": [],
                            "isInner": false,
                            "widgetType": "mf-button",
                            "elType": "widget"
                        }
                    ],
                    "isInner": false,
                    "elType": "column"
                }
            ],
            "isInner": false,
            "elType": "section"
        }
    ]
}