{
    "version": "0.4",
    "title": "FAQs",
    "type": "page",
    "metadata": {
        "template_type": "single-page",
        "include_in_zip": "1",
        "elementor_pro_required": null,
        "wp_page_template": "elementor_header_footer"
    },
    "content": [
        {
            "id": "bf15d65",
            "settings": {
                "background_background": "classic",
                "background_image": {
                    "url": "https:\/\/kitpro.site\/runnin\/wp-content\/uploads\/sites\/123\/2022\/10\/out-for-a-run-2022-10-28-05-02-57-utc.jpg",
                    "id": 477,
                    "alt": "",
                    "source": "library"
                },
                "background_position": "top center",
                "background_size": "cover",
                "background_overlay_background": "classic",
                "background_overlay_opacity": {
                    "unit": "px",
                    "size": 0.79,
                    "sizes": []
                },
                "margin": {
                    "unit": "px",
                    "top": "0",
                    "right": 0,
                    "bottom": "0",
                    "left": 0,
                    "isLinked": false
                },
                "margin_tablet": {
                    "unit": "px",
                    "top": "0",
                    "right": 0,
                    "bottom": "0",
                    "left": 0,
                    "isLinked": false
                },
                "margin_mobile": {
                    "unit": "px",
                    "top": "0",
                    "right": 0,
                    "bottom": "0",
                    "left": 0,
                    "isLinked": false
                },
                "padding": {
                    "unit": "px",
                    "top": "170",
                    "right": "0",
                    "bottom": "100",
                    "left": "0",
                    "isLinked": false
                },
                "padding_tablet": {
                    "unit": "px",
                    "top": "170",
                    "right": "30",
                    "bottom": "100",
                    "left": "30",
                    "isLinked": false
                },
                "padding_mobile": {
                    "unit": "px",
                    "top": "150",
                    "right": "20",
                    "bottom": "100",
                    "left": "20",
                    "isLinked": false
                },
                "__globals__": {
                    "background_overlay_color": "globals\/colors?id=primary"
                }
            },
            "elements": [
                {
                    "id": "2ac54d8c",
                    "settings": {
                        "_column_size": 100,
                        "_inline_size": null,
                        "margin": {
                            "unit": "px",
                            "top": "0",
                            "right": "0",
                            "bottom": "0",
                            "left": "0",
                            "isLinked": false
                        },
                        "padding": {
                            "unit": "px",
                            "top": "0",
                            "right": "0",
                            "bottom": "0",
                            "left": "0",
                            "isLinked": false
                        }
                    },
                    "elements": [
                        {
                            "id": "10533690",
                            "settings": {
                                "title": "FAQs",
                                "header_size": "h1",
                                "align": "center"
                            },
                            "elements": [],
                            "isInner": false,
                            "widgetType": "heading",
                            "elType": "widget"
                        }
                    ],
                    "isInner": false,
                    "elType": "column"
                }
            ],
            "isInner": false,
            "elType": "section"
        },
        {
            "id": "216ffb35",
            "settings": {
                "background_background": "classic",
                "margin": {
                    "unit": "px",
                    "top": "0",
                    "right": 0,
                    "bottom": "0",
                    "left": 0,
                    "isLinked": false
                },
                "padding": {
                    "unit": "px",
                    "top": "70",
                    "right": "0",
                    "bottom": "70",
                    "left": "0",
                    "isLinked": false
                },
                "__globals__": {
                    "background_color": "globals\/colors?id=2876baa"
                },
                "padding_tablet": {
                    "unit": "px",
                    "top": "70",
                    "right": "30",
                    "bottom": "70",
                    "left": "30",
                    "isLinked": false
                },
                "padding_mobile": {
                    "unit": "px",
                    "top": "70",
                    "right": "20",
                    "bottom": "70",
                    "left": "20",
                    "isLinked": false
                }
            },
            "elements": [
                {
                    "id": "11d0381c",
                    "settings": {
                        "_column_size": 100,
                        "_inline_size": null,
                        "margin": {
                            "unit": "px",
                            "top": "0",
                            "right": "0",
                            "bottom": "0",
                            "left": "0",
                            "isLinked": false
                        },
                        "padding": {
                            "unit": "px",
                            "top": "0",
                            "right": "0",
                            "bottom": "0",
                            "left": "0",
                            "isLinked": false
                        }
                    },
                    "elements": [
                        {
                            "id": "27dc98de",
                            "settings": {
                                "structure": "20"
                            },
                            "elements": [
                                {
                                    "id": "31da8fdc",
                                    "settings": {
                                        "_column_size": 50,
                                        "_inline_size": 73.333,
                                        "margin": {
                                            "unit": "px",
                                            "top": "0",
                                            "right": "30",
                                            "bottom": "0",
                                            "left": "0",
                                            "isLinked": false
                                        },
                                        "padding": {
                                            "unit": "px",
                                            "top": "0",
                                            "right": "0",
                                            "bottom": "0",
                                            "left": "0",
                                            "isLinked": false
                                        },
                                        "margin_mobile": {
                                            "unit": "px",
                                            "top": "0",
                                            "right": "0",
                                            "bottom": "0",
                                            "left": "0",
                                            "isLinked": false
                                        }
                                    },
                                    "elements": [
                                        {
                                            "id": "5d4f4ace",
                                            "settings": {
                                                "carousel": [
                                                    {
                                                        "id": 60,
                                                        "url": "https:\/\/kitpro.site\/runnin\/wp-content\/uploads\/sites\/123\/2022\/10\/logo-4.png"
                                                    },
                                                    {
                                                        "id": 59,
                                                        "url": "https:\/\/kitpro.site\/runnin\/wp-content\/uploads\/sites\/123\/2022\/10\/logo-2.png"
                                                    },
                                                    {
                                                        "id": 58,
                                                        "url": "https:\/\/kitpro.site\/runnin\/wp-content\/uploads\/sites\/123\/2022\/10\/logo-3.png"
                                                    },
                                                    {
                                                        "id": 54,
                                                        "url": "https:\/\/kitpro.site\/runnin\/wp-content\/uploads\/sites\/123\/2022\/10\/logo-1.png"
                                                    }
                                                ],
                                                "navigation": "arrows",
                                                "autoplay_speed": 2000,
                                                "slides_to_show_tablet": "2",
                                                "slides_to_show_mobile": "2",
                                                "slides_to_scroll_tablet": "4"
                                            },
                                            "elements": [],
                                            "isInner": false,
                                            "widgetType": "image-carousel",
                                            "elType": "widget"
                                        }
                                    ],
                                    "isInner": true,
                                    "elType": "column"
                                },
                                {
                                    "id": "1750afc6",
                                    "settings": {
                                        "_column_size": 50,
                                        "_inline_size": 26.667,
                                        "content_position": "center",
                                        "margin": {
                                            "unit": "px",
                                            "top": "0",
                                            "right": "0",
                                            "bottom": "0",
                                            "left": "0",
                                            "isLinked": false
                                        },
                                        "padding": {
                                            "unit": "px",
                                            "top": "0",
                                            "right": "0",
                                            "bottom": "0",
                                            "left": "30",
                                            "isLinked": false
                                        },
                                        "padding_tablet": {
                                            "unit": "px",
                                            "top": "0",
                                            "right": "0",
                                            "bottom": "0",
                                            "left": "0",
                                            "isLinked": false
                                        },
                                        "padding_mobile": {
                                            "unit": "px",
                                            "top": "30",
                                            "right": "0",
                                            "bottom": "0",
                                            "left": "0",
                                            "isLinked": false
                                        }
                                    },
                                    "elements": [
                                        {
                                            "id": "3c9d15a9",
                                            "settings": {
                                                "title": "Runnin Sponsor",
                                                "_margin": {
                                                    "unit": "px",
                                                    "top": "0",
                                                    "right": "0",
                                                    "bottom": "-10",
                                                    "left": "0",
                                                    "isLinked": false
                                                },
                                                "__globals__": {
                                                    "title_color": "globals\/colors?id=10160f9",
                                                    "typography_typography": "globals\/typography?id=accent"
                                                },
                                                "align_mobile": "center"
                                            },
                                            "elements": [],
                                            "isInner": false,
                                            "widgetType": "heading",
                                            "elType": "widget"
                                        },
                                        {
                                            "id": "5fdc7f98",
                                            "settings": {
                                                "editor": "<p>Lorem ipsum dolor sit amet, consectetur adipiscing elit.<\/p>",
                                                "_margin": {
                                                    "unit": "px",
                                                    "top": "0",
                                                    "right": "0",
                                                    "bottom": "-25",
                                                    "left": "0",
                                                    "isLinked": false
                                                },
                                                "_padding": {
                                                    "unit": "px",
                                                    "top": "0",
                                                    "right": "0",
                                                    "bottom": "0",
                                                    "left": "0",
                                                    "isLinked": false
                                                },
                                                "__globals__": {
                                                    "text_color": "globals\/colors?id=f513c48"
                                                },
                                                "align_mobile": "center",
                                                "_padding_mobile": {
                                                    "unit": "px",
                                                    "top": "0",
                                                    "right": "20",
                                                    "bottom": "0",
                                                    "left": "20",
                                                    "isLinked": false
                                                }
                                            },
                                            "elements": [],
                                            "isInner": false,
                                            "widgetType": "text-editor",
                                            "elType": "widget"
                                        },
                                        {
                                            "id": "3bf614b1",
                                            "settings": {
                                                "text": "Learn More",
                                                "selected_icon": {
                                                    "value": "fas fa-long-arrow-alt-right",
                                                    "library": "fa-solid"
                                                },
                                                "icon_align": "right",
                                                "border_radius": {
                                                    "unit": "px",
                                                    "top": "0",
                                                    "right": "0",
                                                    "bottom": "0",
                                                    "left": "0",
                                                    "isLinked": false
                                                },
                                                "text_padding": {
                                                    "unit": "px",
                                                    "top": "0",
                                                    "right": "0",
                                                    "bottom": "0",
                                                    "left": "0",
                                                    "isLinked": false
                                                },
                                                "__globals__": {
                                                    "typography_typography": "globals\/typography?id=text",
                                                    "button_text_color": "globals\/colors?id=10160f9",
                                                    "background_color": "globals\/colors?id=63710da",
                                                    "hover_color": "globals\/colors?id=secondary"
                                                },
                                                "hover_animation": "grow",
                                                "align_mobile": "center"
                                            },
                                            "elements": [],
                                            "isInner": false,
                                            "widgetType": "button",
                                            "elType": "widget"
                                        }
                                    ],
                                    "isInner": true,
                                    "elType": "column"
                                }
                            ],
                            "isInner": true,
                            "elType": "section"
                        }
                    ],
                    "isInner": false,
                    "elType": "column"
                }
            ],
            "isInner": false,
            "elType": "section"
        },
        {
            "id": "5b75123b",
            "settings": {
                "structure": "20",
                "margin": {
                    "unit": "px",
                    "top": "0",
                    "right": 0,
                    "bottom": "0",
                    "left": 0,
                    "isLinked": false
                },
                "margin_tablet": {
                    "unit": "px",
                    "top": "0",
                    "right": 0,
                    "bottom": "0",
                    "left": 0,
                    "isLinked": false
                },
                "padding": {
                    "unit": "px",
                    "top": "100",
                    "right": "0",
                    "bottom": "100",
                    "left": "0",
                    "isLinked": false
                },
                "padding_tablet": {
                    "unit": "px",
                    "top": "100",
                    "right": "30",
                    "bottom": "100",
                    "left": "30",
                    "isLinked": false
                },
                "padding_mobile": {
                    "unit": "px",
                    "top": "100",
                    "right": "20",
                    "bottom": "100",
                    "left": "20",
                    "isLinked": false
                }
            },
            "elements": [
                {
                    "id": "65367610",
                    "settings": {
                        "_column_size": 50,
                        "_inline_size": null,
                        "margin": {
                            "unit": "px",
                            "top": "0",
                            "right": "30",
                            "bottom": "0",
                            "left": "0",
                            "isLinked": false
                        },
                        "margin_tablet": {
                            "unit": "px",
                            "top": "0",
                            "right": "10",
                            "bottom": "0",
                            "left": "0",
                            "isLinked": false
                        },
                        "margin_mobile": {
                            "unit": "px",
                            "top": "0",
                            "right": "0",
                            "bottom": "40",
                            "left": "0",
                            "isLinked": false
                        },
                        "padding": {
                            "unit": "px",
                            "top": "0",
                            "right": "0",
                            "bottom": "0",
                            "left": "0",
                            "isLinked": false
                        }
                    },
                    "elements": [
                        {
                            "id": "29b54540",
                            "settings": {
                                "ekit_accordion_items": [
                                    {
                                        "acc_title": "How to Change my Photo from Admin Dashboard?",
                                        "ekit_acc_is_active": "yes",
                                        "_id": "a1149a7"
                                    },
                                    {
                                        "acc_title": "How to Change my Password easily?",
                                        "_id": "7bf1492"
                                    },
                                    {
                                        "acc_title": "How to Change my Subscription Plan using PayPal",
                                        "_id": "13cf639"
                                    }
                                ],
                                "ekit_accordion_background_background": "classic",
                                "ekit_accordion_box_shadow_open_box_shadow_type": "yes",
                                "ekit_accordion_box_shadow_open_box_shadow": {
                                    "horizontal": 0,
                                    "vertical": 0,
                                    "blur": 0,
                                    "spread": 0,
                                    "color": "rgba(0,0,0,0.5)"
                                },
                                "ekit_accordion_background_close_background": "classic",
                                "ekit_accordion_box_shadow_close_box_shadow_type": "yes",
                                "ekit_accordion_box_shadow_close_box_shadow": {
                                    "horizontal": 3,
                                    "vertical": 3,
                                    "blur": 10,
                                    "spread": 0,
                                    "color": "rgba(0, 0, 0, 0.11)"
                                },
                                "ekit_accordion_title_padding_tablet": {
                                    "unit": "px",
                                    "top": "10",
                                    "right": "10",
                                    "bottom": "10",
                                    "left": "10",
                                    "isLinked": false
                                },
                                "ekit_accordion_content_padding_tablet": {
                                    "unit": "px",
                                    "top": "20",
                                    "right": "10",
                                    "bottom": "20",
                                    "left": "10",
                                    "isLinked": false
                                },
                                "__globals__": {
                                    "ekit_accordion_title_typography_typography": "globals\/typography?id=a696114",
                                    "ekit_accordion_background_color": "globals\/colors?id=primary",
                                    "ekit_accordion_background_close_color": "globals\/colors?id=accent",
                                    "ekit_accordion_title_color": "globals\/colors?id=10160f9",
                                    "ekit_accordion_icon_color_close": "globals\/colors?id=secondary",
                                    "ekit_accordion_icon_color": "globals\/colors?id=secondary"
                                },
                                "ekit_accordion_icon_typography_close_tablet": {
                                    "unit": "px",
                                    "size": 6,
                                    "sizes": []
                                },
                                "ekit_accordion_icon_typography_tablet": {
                                    "unit": "px",
                                    "size": 0,
                                    "sizes": []
                                }
                            },
                            "elements": [],
                            "isInner": false,
                            "widgetType": "elementskit-accordion",
                            "elType": "widget"
                        }
                    ],
                    "isInner": false,
                    "elType": "column"
                },
                {
                    "id": "19177c72",
                    "settings": {
                        "_column_size": 50,
                        "_inline_size": null,
                        "margin": {
                            "unit": "px",
                            "top": "0",
                            "right": "0",
                            "bottom": "0",
                            "left": "30",
                            "isLinked": false
                        },
                        "margin_tablet": {
                            "unit": "px",
                            "top": "0",
                            "right": "0",
                            "bottom": "0",
                            "left": "10",
                            "isLinked": false
                        },
                        "margin_mobile": {
                            "unit": "px",
                            "top": "0",
                            "right": "0",
                            "bottom": "0",
                            "left": "0",
                            "isLinked": false
                        },
                        "padding": {
                            "unit": "px",
                            "top": "0",
                            "right": "0",
                            "bottom": "0",
                            "left": "0",
                            "isLinked": false
                        }
                    },
                    "elements": [
                        {
                            "id": "6c56976e",
                            "settings": {
                                "ekit_accordion_items": [
                                    {
                                        "acc_title": "How to Change my Photo from Admin Dashboard?",
                                        "ekit_acc_is_active": "yes",
                                        "_id": "a1149a7"
                                    },
                                    {
                                        "acc_title": "How to Change my Password easily?",
                                        "_id": "7bf1492"
                                    },
                                    {
                                        "acc_title": "How to Change my Subscription Plan using PayPal",
                                        "_id": "13cf639"
                                    }
                                ],
                                "ekit_accordion_background_background": "classic",
                                "ekit_accordion_box_shadow_open_box_shadow_type": "yes",
                                "ekit_accordion_box_shadow_open_box_shadow": {
                                    "horizontal": 0,
                                    "vertical": 0,
                                    "blur": 0,
                                    "spread": 0,
                                    "color": "rgba(0,0,0,0.5)"
                                },
                                "ekit_accordion_background_close_background": "classic",
                                "ekit_accordion_box_shadow_close_box_shadow_type": "yes",
                                "ekit_accordion_box_shadow_close_box_shadow": {
                                    "horizontal": 3,
                                    "vertical": 3,
                                    "blur": 10,
                                    "spread": 0,
                                    "color": "rgba(0, 0, 0, 0.11)"
                                },
                                "ekit_accordion_title_padding_tablet": {
                                    "unit": "px",
                                    "top": "10",
                                    "right": "10",
                                    "bottom": "10",
                                    "left": "10",
                                    "isLinked": false
                                },
                                "ekit_accordion_content_padding_tablet": {
                                    "unit": "px",
                                    "top": "20",
                                    "right": "10",
                                    "bottom": "20",
                                    "left": "10",
                                    "isLinked": false
                                },
                                "__globals__": {
                                    "ekit_accordion_title_typography_typography": "globals\/typography?id=a696114",
                                    "ekit_accordion_background_color": "globals\/colors?id=primary",
                                    "ekit_accordion_background_close_color": "globals\/colors?id=accent",
                                    "ekit_accordion_title_color": "globals\/colors?id=10160f9",
                                    "ekit_accordion_icon_color_close": "globals\/colors?id=secondary",
                                    "ekit_accordion_icon_color": "globals\/colors?id=secondary"
                                },
                                "ekit_accordion_icon_typography_close_tablet": {
                                    "unit": "px",
                                    "size": 0,
                                    "sizes": []
                                },
                                "ekit_accordion_icon_typography_tablet": {
                                    "unit": "px",
                                    "size": 0,
                                    "sizes": []
                                }
                            },
                            "elements": [],
                            "isInner": false,
                            "widgetType": "elementskit-accordion",
                            "elType": "widget"
                        }
                    ],
                    "isInner": false,
                    "elType": "column"
                }
            ],
            "isInner": false,
            "elType": "section"
        },
        {
            "id": "522625ee",
            "settings": {
                "margin": {
                    "unit": "px",
                    "top": "0",
                    "right": 0,
                    "bottom": "0",
                    "left": 0,
                    "isLinked": false
                },
                "padding": {
                    "unit": "px",
                    "top": "100",
                    "right": "0",
                    "bottom": "100",
                    "left": "0",
                    "isLinked": false
                },
                "padding_tablet": {
                    "unit": "px",
                    "top": "100",
                    "right": "30",
                    "bottom": "100",
                    "left": "30",
                    "isLinked": false
                },
                "padding_mobile": {
                    "unit": "px",
                    "top": "100",
                    "right": "20",
                    "bottom": "100",
                    "left": "20",
                    "isLinked": false
                },
                "background_background": "classic",
                "__globals__": {
                    "background_color": "globals\/colors?id=accent"
                }
            },
            "elements": [
                {
                    "id": "32276148",
                    "settings": {
                        "_column_size": 100,
                        "_inline_size": null,
                        "margin": {
                            "unit": "px",
                            "top": "0",
                            "right": "0",
                            "bottom": "0",
                            "left": "0",
                            "isLinked": false
                        },
                        "padding": {
                            "unit": "px",
                            "top": "0",
                            "right": "0",
                            "bottom": "0",
                            "left": "0",
                            "isLinked": false
                        }
                    },
                    "elements": [
                        {
                            "id": "3063f8f3",
                            "settings": {
                                "structure": "20",
                                "margin": {
                                    "unit": "px",
                                    "top": "0",
                                    "right": 0,
                                    "bottom": "40",
                                    "left": 0,
                                    "isLinked": false
                                },
                                "padding": {
                                    "unit": "px",
                                    "top": "0",
                                    "right": "0",
                                    "bottom": "0",
                                    "left": "0",
                                    "isLinked": false
                                }
                            },
                            "elements": [
                                {
                                    "id": "5e39a872",
                                    "settings": {
                                        "_column_size": 50,
                                        "_inline_size": null,
                                        "margin": {
                                            "unit": "px",
                                            "top": "0",
                                            "right": "0",
                                            "bottom": "0",
                                            "left": "0",
                                            "isLinked": false
                                        },
                                        "padding": {
                                            "unit": "px",
                                            "top": "0",
                                            "right": "0",
                                            "bottom": "0",
                                            "left": "0",
                                            "isLinked": false
                                        },
                                        "content_position_tablet": "center",
                                        "margin_mobile": {
                                            "unit": "px",
                                            "top": "0",
                                            "right": "0",
                                            "bottom": "20",
                                            "left": "0",
                                            "isLinked": false
                                        },
                                        "content_position": "center",
                                        "align_mobile": "center"
                                    },
                                    "elements": [
                                        {
                                            "id": "42bba0ee",
                                            "settings": {
                                                "title": "Blog &",
                                                "typography_font_family": "Russo One",
                                                "typography_font_size": {
                                                    "unit": "em",
                                                    "size": 3,
                                                    "sizes": []
                                                },
                                                "typography_font_size_tablet": {
                                                    "unit": "em",
                                                    "size": "",
                                                    "sizes": []
                                                },
                                                "typography_font_size_mobile": {
                                                    "unit": "em",
                                                    "size": "",
                                                    "sizes": []
                                                },
                                                "typography_font_weight": "500",
                                                "_margin": {
                                                    "unit": "px",
                                                    "top": "0",
                                                    "right": "0",
                                                    "bottom": "0",
                                                    "left": "0",
                                                    "isLinked": false
                                                },
                                                "align_mobile": "center",
                                                "_element_width": "auto"
                                            },
                                            "elements": [],
                                            "isInner": false,
                                            "widgetType": "heading",
                                            "elType": "widget"
                                        },
                                        {
                                            "id": "18b077de",
                                            "settings": {
                                                "title": "Article",
                                                "typography_font_family": "Russo One",
                                                "typography_font_size": {
                                                    "unit": "em",
                                                    "size": 3,
                                                    "sizes": []
                                                },
                                                "typography_font_size_tablet": {
                                                    "unit": "em",
                                                    "size": "",
                                                    "sizes": []
                                                },
                                                "typography_font_size_mobile": {
                                                    "unit": "em",
                                                    "size": "",
                                                    "sizes": []
                                                },
                                                "typography_font_weight": "500",
                                                "text_stroke_text_stroke_type": "yes",
                                                "text_stroke_text_stroke": {
                                                    "unit": "px",
                                                    "size": 1.2,
                                                    "sizes": []
                                                },
                                                "_margin": {
                                                    "unit": "px",
                                                    "top": "0",
                                                    "right": "0",
                                                    "bottom": "0",
                                                    "left": "0",
                                                    "isLinked": false
                                                },
                                                "__globals__": {
                                                    "title_color": "globals\/colors?id=63710da",
                                                    "text_stroke_stroke_color": "globals\/colors?id=primary"
                                                },
                                                "align_mobile": "center",
                                                "_padding": {
                                                    "unit": "px",
                                                    "top": "0",
                                                    "right": "0",
                                                    "bottom": "0",
                                                    "left": "20",
                                                    "isLinked": false
                                                },
                                                "_element_width": "auto"
                                            },
                                            "elements": [],
                                            "isInner": false,
                                            "widgetType": "heading",
                                            "elType": "widget"
                                        }
                                    ],
                                    "isInner": true,
                                    "elType": "column"
                                },
                                {
                                    "id": "17f7ba0b",
                                    "settings": {
                                        "_column_size": 50,
                                        "_inline_size": null,
                                        "content_position": "center",
                                        "margin": {
                                            "unit": "px",
                                            "top": "0",
                                            "right": "0",
                                            "bottom": "0",
                                            "left": "0",
                                            "isLinked": false
                                        },
                                        "padding": {
                                            "unit": "px",
                                            "top": "0",
                                            "right": "0",
                                            "bottom": "0",
                                            "left": "0",
                                            "isLinked": false
                                        }
                                    },
                                    "elements": [
                                        {
                                            "id": "695a5718",
                                            "settings": {
                                                "editor": "<p>Lorem ipsum dolor sit amet, consectetur adipiscing elit, sed do eiusmod tempor incididunt ut labore et dolore magna aliqua. Ut enim ad minim veniam, quis nostrud exercitation ullamco laboris nisi ut aliquip ex ea commodo.<\/p>",
                                                "_margin": {
                                                    "unit": "px",
                                                    "top": "0",
                                                    "right": "0",
                                                    "bottom": "-10",
                                                    "left": "0",
                                                    "isLinked": false
                                                },
                                                "align_mobile": "center",
                                                "_padding_mobile": {
                                                    "unit": "px",
                                                    "top": "0",
                                                    "right": "10",
                                                    "bottom": "0",
                                                    "left": "10",
                                                    "isLinked": false
                                                }
                                            },
                                            "elements": [],
                                            "isInner": false,
                                            "widgetType": "text-editor",
                                            "elType": "widget"
                                        }
                                    ],
                                    "isInner": true,
                                    "elType": "column"
                                }
                            ],
                            "isInner": true,
                            "elType": "section"
                        },
                        {
                            "id": "320aa882",
                            "settings": {
                                "slider_navigation_position": "outside",
                                "slider_pagination_position": "outside",
                                "posts_per_page": "9",
                                "boxed_text_margin_bottom": {
                                    "unit": "px",
                                    "size": 0,
                                    "sizes": []
                                },
                                "button_typography_typography": "custom",
                                "button_typography_font_family": "Roboto",
                                "button_typography_font_weight": "400",
                                "button_border_width": {
                                    "unit": "px",
                                    "top": "0",
                                    "right": "0",
                                    "bottom": "0",
                                    "left": "0",
                                    "isLinked": false
                                },
                                "button_border_radius": {
                                    "unit": "px",
                                    "top": "0",
                                    "right": "0",
                                    "bottom": "0",
                                    "left": "0",
                                    "isLinked": false
                                },
                                "button_padding": {
                                    "unit": "px",
                                    "top": "0",
                                    "right": "0",
                                    "bottom": "0",
                                    "left": "0",
                                    "isLinked": false
                                },
                                "button_icon": {
                                    "value": "fas fa-long-arrow-alt-right",
                                    "library": "fa-solid"
                                },
                                "boxed_date_background_color": "#F54516",
                                "__globals__": {
                                    "boxed_date_background_color": "globals\/colors?id=secondary",
                                    "button_typography_typography": "globals\/typography?id=text",
                                    "button_border_color": "",
                                    "button_background_color": "globals\/colors?id=63710da",
                                    "button_color": "globals\/colors?id=primary",
                                    "button_hover_color": "globals\/colors?id=secondary"
                                }
                            },
                            "elements": [],
                            "isInner": false,
                            "widgetType": "qi_addons_for_elementor_blog_slider",
                            "elType": "widget"
                        }
                    ],
                    "isInner": false,
                    "elType": "column"
                }
            ],
            "isInner": false,
            "elType": "section"
        }
    ]
}