{
    "version": "0.4",
    "title": "Global Kit Styles",
    "type": "section",
    "metadata": {
        "template_type": "global-styles",
        "include_in_zip": "1",
        "elementor_pro_required": null,
        "additional_template_information": [
            "These are the global theme styles configured through the Elementor Theme Styles area."
        ],
        "wp_page_template": "default"
    },
    "content": [],
    "page_settings": {
        "system_colors": [
            {
                "_id": "primary",
                "title": "Primary",
                "color": "#151515"
            },
            {
                "_id": "secondary",
                "title": "Secondary",
                "color": "#F54516"
            },
            {
                "_id": "text",
                "title": "Text",
                "color": "#7A7A7A"
            },
            {
                "_id": "accent",
                "title": "Accent",
                "color": "#F4F9E9"
            }
        ],
        "custom_colors": [
            {
                "_id": "f513c48",
                "title": "Text Dark",
                "color": "#E3E3E3"
            },
            {
                "_id": "8a6139d",
                "title": "Bg Head 1",
                "color": "#000000D9"
            },
            {
                "_id": "54d18c5",
                "title": "Bg Head 2",
                "color": "#170501"
            },
            {
                "_id": "10160f9",
                "title": "White",
                "color": "#FFFFFF"
            },
            {
                "_id": "332790e",
                "title": "Bg 1",
                "color": "#02010154"
            },
            {
                "_id": "84cd214",
                "title": "Bg 2",
                "color": "#F5451624"
            },
            {
                "_id": "63710da",
                "title": "Transparant",
                "color": "#02010100"
            },
            {
                "_id": "2876baa",
                "title": "Black",
                "color": "#000000"
            },
            {
                "_id": "4d3bc29",
                "title": "white transparant",
                "color": "#FFFFFF38"
            }
        ],
        "system_typography": [
            {
                "_id": "primary",
                "title": "H1",
                "typography_typography": "custom",
                "typography_font_family": "Russo One",
                "typography_font_weight": "500",
                "typography_font_size": {
                    "unit": "em",
                    "size": 5.3,
                    "sizes": []
                },
                "typography_font_size_tablet": {
                    "unit": "em",
                    "size": 4,
                    "sizes": []
                },
                "typography_font_size_mobile": {
                    "unit": "em",
                    "size": 2.9,
                    "sizes": []
                }
            },
            {
                "_id": "secondary",
                "title": "H2",
                "typography_typography": "custom",
                "typography_font_family": "Russo One",
                "typography_font_weight": "500",
                "typography_font_size": {
                    "unit": "em",
                    "size": 3,
                    "sizes": []
                },
                "typography_font_size_tablet": {
                    "unit": "em",
                    "size": 2.3,
                    "sizes": []
                },
                "typography_font_size_mobile": {
                    "unit": "em",
                    "size": 2,
                    "sizes": []
                }
            },
            {
                "_id": "text",
                "title": "Text",
                "typography_typography": "custom",
                "typography_font_family": "Roboto",
                "typography_font_weight": "400"
            },
            {
                "_id": "accent",
                "title": "H3",
                "typography_typography": "custom",
                "typography_font_family": "Russo One",
                "typography_font_weight": "500",
                "typography_font_size": {
                    "unit": "em",
                    "size": 1.5,
                    "sizes": []
                },
                "typography_font_size_tablet": {
                    "unit": "em",
                    "size": 1.3,
                    "sizes": []
                }
            }
        ],
        "custom_typography": [
            {
                "_id": "ffff05d",
                "title": "H4",
                "typography_typography": "custom",
                "typography_font_family": "Russo One",
                "typography_font_size": {
                    "unit": "em",
                    "size": 1.3,
                    "sizes": []
                },
                "typography_font_weight": "500"
            },
            {
                "_id": "5e90fdc",
                "title": "H5",
                "typography_typography": "custom",
                "typography_font_family": "Russo One",
                "typography_font_size": {
                    "unit": "em",
                    "size": 1.2,
                    "sizes": []
                },
                "typography_font_weight": "500"
            },
            {
                "_id": "a696114",
                "title": "H6",
                "typography_typography": "custom",
                "typography_font_family": "Russo One",
                "typography_font_size": {
                    "unit": "em",
                    "size": 1,
                    "sizes": []
                },
                "typography_font_weight": "500"
            },
            {
                "_id": "b0149f3",
                "title": "Sub H1",
                "typography_typography": "custom",
                "typography_font_family": "Russo One",
                "typography_font_size": {
                    "unit": "em",
                    "size": 5,
                    "sizes": []
                },
                "typography_font_weight": "500",
                "typography_font_size_tablet": {
                    "unit": "em",
                    "size": 3.7,
                    "sizes": []
                },
                "typography_font_size_mobile": {
                    "unit": "em",
                    "size": 2.8,
                    "sizes": []
                }
            },
            {
                "typography_typography": "custom",
                "typography_font_family": "Russo One",
                "typography_font_size": {
                    "unit": "em",
                    "size": 2.3,
                    "sizes": []
                },
                "typography_font_size_tablet": {
                    "unit": "em",
                    "size": 2,
                    "sizes": []
                },
                "typography_font_size_mobile": {
                    "unit": "em",
                    "size": 1.8,
                    "sizes": []
                },
                "typography_font_weight": "500",
                "_id": "6c1c60b",
                "title": "text newsletters"
            },
            {
                "typography_typography": "custom",
                "typography_font_family": "Russo One",
                "typography_font_size": {
                    "unit": "em",
                    "size": 10,
                    "sizes": []
                },
                "typography_font_size_tablet": {
                    "unit": "em",
                    "size": 8,
                    "sizes": []
                },
                "typography_font_size_mobile": {
                    "unit": "em",
                    "size": 8,
                    "sizes": []
                },
                "typography_font_weight": "500",
                "_id": "ba7277e",
                "title": "404"
            }
        ],
        "default_generic_fonts": "Sans-serif",
        "page_title_selector": "h1.entry-title",
        "hello_footer_copyright_text": "All rights reserved",
        "activeItemIndex": 1,
        "viewport_md": 768,
        "viewport_lg": 1025,
        "button_border_radius": {
            "unit": "px",
            "top": "0",
            "right": "0",
            "bottom": "0",
            "left": "0",
            "isLinked": false
        },
        "button_padding": {
            "unit": "px",
            "top": "20",
            "right": "40",
            "bottom": "20",
            "left": "40",
            "isLinked": false
        },
        "__globals__": {
            "body_color": "globals\/colors?id=text",
            "body_typography_typography": "globals\/typography?id=text",
            "link_normal_color": "globals\/colors?id=primary",
            "h1_color": "globals\/colors?id=10160f9",
            "h1_typography_typography": "globals\/typography?id=primary",
            "h2_color": "globals\/colors?id=primary",
            "h2_typography_typography": "globals\/typography?id=secondary",
            "h3_color": "globals\/colors?id=primary",
            "h3_typography_typography": "globals\/typography?id=accent",
            "h4_color": "globals\/colors?id=primary",
            "h4_typography_typography": "globals\/typography?id=ffff05d",
            "h5_color": "globals\/colors?id=primary",
            "h5_typography_typography": "globals\/typography?id=5e90fdc",
            "h6_color": "globals\/colors?id=primary",
            "h6_typography_typography": "globals\/typography?id=a696114",
            "button_typography_typography": "globals\/typography?id=text",
            "button_text_color": "globals\/colors?id=10160f9",
            "button_background_color": "globals\/colors?id=secondary"
        },
        "button_padding_mobile": {
            "unit": "px",
            "top": "17",
            "right": "17",
            "bottom": "17",
            "left": "17",
            "isLinked": true
        }
    }
}