{
    "version": "0.4",
    "title": "Header",
    "type": "section",
    "metadata": {
        "template_type": "section-header",
        "include_in_zip": "1",
        "elementor_pro_required": null,
        "wp_page_template": "elementor_canvas"
    },
    "content": [
        {
            "id": "54deae9e",
            "settings": {
                "structure": "20",
                "margin": {
                    "unit": "px",
                    "top": "0",
                    "right": 0,
                    "bottom": "-78",
                    "left": 0,
                    "isLinked": false
                },
                "margin_tablet": {
                    "unit": "px",
                    "top": "0",
                    "right": 0,
                    "bottom": "-70",
                    "left": 0,
                    "isLinked": false
                },
                "margin_mobile": {
                    "unit": "px",
                    "top": "0",
                    "right": 0,
                    "bottom": "-70",
                    "left": 0,
                    "isLinked": false
                },
                "padding": {
                    "unit": "px",
                    "top": "20",
                    "right": "0",
                    "bottom": "10",
                    "left": "0",
                    "isLinked": false
                },
                "padding_tablet": {
                    "unit": "px",
                    "top": "20",
                    "right": "30",
                    "bottom": "10",
                    "left": "30",
                    "isLinked": false
                },
                "padding_mobile": {
                    "unit": "px",
                    "top": "20",
                    "right": "20",
                    "bottom": "10",
                    "left": "20",
                    "isLinked": false
                },
                "z_index": 1
            },
            "elements": [
                {
                    "id": "2c4d98ce",
                    "settings": {
                        "_column_size": 50,
                        "_inline_size": 23.514,
                        "_inline_size_mobile": 50,
                        "content_position": "center",
                        "margin": {
                            "unit": "px",
                            "top": "0",
                            "right": "0",
                            "bottom": "0",
                            "left": "0",
                            "isLinked": false
                        },
                        "padding": {
                            "unit": "px",
                            "top": "0",
                            "right": "0",
                            "bottom": "0",
                            "left": "0",
                            "isLinked": false
                        }
                    },
                    "elements": [
                        {
                            "id": "312e3582",
                            "settings": {
                                "image": {
                                    "url": "https:\/\/kitpro.site\/runnin\/wp-content\/uploads\/sites\/123\/2022\/10\/Logo-runnin-white.png",
                                    "id": 548,
                                    "alt": "",
                                    "source": "library"
                                },
                                "align": "left",
                                "width": {
                                    "unit": "%",
                                    "size": 60,
                                    "sizes": []
                                },
                                "width_tablet": {
                                    "unit": "%",
                                    "size": 76,
                                    "sizes": []
                                }
                            },
                            "elements": [],
                            "isInner": false,
                            "widgetType": "image",
                            "elType": "widget"
                        }
                    ],
                    "isInner": false,
                    "elType": "column"
                },
                {
                    "id": "68f2bf7c",
                    "settings": {
                        "_column_size": 50,
                        "_inline_size": 76.486,
                        "_inline_size_mobile": 50,
                        "margin": {
                            "unit": "px",
                            "top": "0",
                            "right": "0",
                            "bottom": "0",
                            "left": "0",
                            "isLinked": false
                        },
                        "padding": {
                            "unit": "px",
                            "top": "0",
                            "right": "0",
                            "bottom": "0",
                            "left": "0",
                            "isLinked": false
                        }
                    },
                    "elements": [
                        {
                            "id": "77a765e4",
                            "settings": {
                                "menu_last_item": "cta",
                                "navmenu_align": "right",
                                "resp_align": "right",
                                "menu_space_between": {
                                    "unit": "px",
                                    "size": 32,
                                    "sizes": []
                                },
                                "dropdown_divider_width": {
                                    "unit": "px",
                                    "size": "",
                                    "sizes": []
                                },
                                "all_background_hover_color_background": "classic",
                                "__globals__": {
                                    "color_menu_item": "globals\/colors?id=10160f9",
                                    "color_menu_item_hover": "globals\/colors?id=secondary",
                                    "color_menu_item_active": "globals\/colors?id=secondary",
                                    "all_hover_color": "globals\/colors?id=primary",
                                    "all_background_hover_color_color": "globals\/colors?id=10160f9",
                                    "toggle_color": "globals\/colors?id=10160f9",
                                    "background_color_dropdown_item": "globals\/colors?id=primary",
                                    "all_background_color_color": "globals\/colors?id=secondary",
                                    "all_text_color": "globals\/colors?id=10160f9"
                                },
                                "menu": "menu",
                                "all_background_color_background": "classic"
                            },
                            "elements": [],
                            "isInner": false,
                            "widgetType": "navigation-menu",
                            "elType": "widget"
                        }
                    ],
                    "isInner": false,
                    "elType": "column"
                }
            ],
            "isInner": false,
            "elType": "section"
        }
    ]
}