{
    "version": "0.4",
    "title": "Newsletters Form",
    "type": "section",
    "metadata": {
        "template_type": "section-other",
        "include_in_zip": "1",
        "elementor_pro_required": null,
        "wp_page_template": "elementor_canvas"
    },
    "content": [
        {
            "id": "a8da9f4",
            "settings": {
                "background_background": "classic",
                "margin": {
                    "unit": "px",
                    "top": "0",
                    "right": 0,
                    "bottom": "0",
                    "left": 0,
                    "isLinked": false
                },
                "padding": {
                    "unit": "px",
                    "top": "0",
                    "right": "0",
                    "bottom": "0",
                    "left": "0",
                    "isLinked": false
                },
                "__globals__": {
                    "background_color": ""
                }
            },
            "elements": [
                {
                    "id": "3ae07947",
                    "settings": {
                        "_column_size": 100,
                        "_inline_size": null,
                        "margin": {
                            "unit": "px",
                            "top": "0",
                            "right": "0",
                            "bottom": "0",
                            "left": "0",
                            "isLinked": false
                        },
                        "padding": {
                            "unit": "px",
                            "top": "0",
                            "right": "0",
                            "bottom": "0",
                            "left": "0",
                            "isLinked": false
                        }
                    },
                    "elements": [
                        {
                            "id": "15f36a26",
                            "settings": {
                                "structure": "20"
                            },
                            "elements": [
                                {
                                    "id": "7266abd9",
                                    "settings": {
                                        "_column_size": 50,
                                        "_inline_size": 60,
                                        "margin": {
                                            "unit": "px",
                                            "top": "0",
                                            "right": "0",
                                            "bottom": "0",
                                            "left": "0",
                                            "isLinked": false
                                        },
                                        "margin_mobile": {
                                            "unit": "px",
                                            "top": "0",
                                            "right": "0",
                                            "bottom": "20",
                                            "left": "0",
                                            "isLinked": false
                                        },
                                        "padding": {
                                            "unit": "px",
                                            "top": "0",
                                            "right": "0",
                                            "bottom": "0",
                                            "left": "0",
                                            "isLinked": false
                                        }
                                    },
                                    "elements": [
                                        {
                                            "id": "489a147e",
                                            "settings": {
                                                "mf_input_label_status": "",
                                                "mf_input_label": "Email",
                                                "mf_input_name": "mf-email",
                                                "mf_input_placeholder": "Email",
                                                "mf_input_validation_warning_message": "This field is required.",
                                                "mf_input_background_background": "classic",
                                                "mf_input_border_border": "solid",
                                                "mf_input_border_width": {
                                                    "unit": "px",
                                                    "top": "1",
                                                    "right": "1",
                                                    "bottom": "2",
                                                    "left": "1",
                                                    "isLinked": false
                                                },
                                                "__globals__": {
                                                    "mf_input_background_color": "globals\/colors?id=10160f9",
                                                    "mf_input_border_color": "globals\/colors?id=10160f9",
                                                    "mf_input_placeholder_color": "globals\/colors?id=text"
                                                }
                                            },
                                            "elements": [],
                                            "isInner": false,
                                            "widgetType": "mf-email",
                                            "elType": "widget"
                                        }
                                    ],
                                    "isInner": true,
                                    "elType": "column"
                                },
                                {
                                    "id": "7252220c",
                                    "settings": {
                                        "_column_size": 50,
                                        "_inline_size": 40,
                                        "margin": {
                                            "unit": "px",
                                            "top": "0",
                                            "right": "0",
                                            "bottom": "0",
                                            "left": "0",
                                            "isLinked": false
                                        },
                                        "padding": {
                                            "unit": "px",
                                            "top": "0",
                                            "right": "0",
                                            "bottom": "0",
                                            "left": "0",
                                            "isLinked": false
                                        }
                                    },
                                    "elements": [
                                        {
                                            "id": "3821a159",
                                            "settings": {
                                                "mf_btn_text": "Submit Button",
                                                "mf_btn_align": "left",
                                                "mf_btn_align_mobile": "justify",
                                                "mf_hidden_input": [],
                                                "mf_btn_bg_color_background": "classic",
                                                "mf_btn_border_radius": {
                                                    "unit": "px",
                                                    "top": "0",
                                                    "right": "0",
                                                    "bottom": "0",
                                                    "left": "0",
                                                    "isLinked": true
                                                },
                                                "mf_btn_box_shadow_group_box_shadow_type": "yes",
                                                "mf_btn_box_shadow_group_box_shadow": {
                                                    "horizontal": 0,
                                                    "vertical": 0,
                                                    "blur": 0,
                                                    "spread": 0,
                                                    "color": "rgba(0,0,0,0.5)"
                                                },
                                                "__globals__": {
                                                    "mf_btn_bg_color_color": "globals\/colors?id=secondary",
                                                    "mf_btn_text_color": "globals\/colors?id=10160f9"
                                                }
                                            },
                                            "elements": [],
                                            "isInner": false,
                                            "widgetType": "mf-button",
                                            "elType": "widget"
                                        }
                                    ],
                                    "isInner": true,
                                    "elType": "column"
                                }
                            ],
                            "isInner": true,
                            "elType": "section"
                        }
                    ],
                    "isInner": false,
                    "elType": "column"
                }
            ],
            "isInner": false,
            "elType": "section"
        }
    ]
}