{
    "version": "0.4",
    "title": "Single Blog",
    "type": "page",
    "metadata": {
        "template_type": "single-page",
        "include_in_zip": "1",
        "elementor_pro_required": null,
        "wp_page_template": "elementor_header_footer"
    },
    "content": [
        {
            "id": "25a89176",
            "settings": {
                "background_background": "classic",
                "background_image": {
                    "url": "https:\/\/kitpro.site\/runnin\/wp-content\/uploads\/sites\/123\/2022\/10\/out-for-a-run-2022-10-28-05-02-57-utc.jpg",
                    "id": 477,
                    "alt": "",
                    "source": "library"
                },
                "background_position": "top center",
                "background_size": "cover",
                "background_overlay_background": "classic",
                "background_overlay_opacity": {
                    "unit": "px",
                    "size": 0.79,
                    "sizes": []
                },
                "margin": {
                    "unit": "px",
                    "top": "0",
                    "right": 0,
                    "bottom": "0",
                    "left": 0,
                    "isLinked": false
                },
                "margin_tablet": {
                    "unit": "px",
                    "top": "0",
                    "right": 0,
                    "bottom": "0",
                    "left": 0,
                    "isLinked": false
                },
                "margin_mobile": {
                    "unit": "px",
                    "top": "0",
                    "right": 0,
                    "bottom": "0",
                    "left": 0,
                    "isLinked": false
                },
                "padding": {
                    "unit": "px",
                    "top": "170",
                    "right": "0",
                    "bottom": "100",
                    "left": "0",
                    "isLinked": false
                },
                "padding_tablet": {
                    "unit": "px",
                    "top": "170",
                    "right": "30",
                    "bottom": "100",
                    "left": "30",
                    "isLinked": false
                },
                "padding_mobile": {
                    "unit": "px",
                    "top": "150",
                    "right": "20",
                    "bottom": "100",
                    "left": "20",
                    "isLinked": false
                },
                "__globals__": {
                    "background_overlay_color": "globals\/colors?id=primary"
                }
            },
            "elements": [
                {
                    "id": "3344f1f5",
                    "settings": {
                        "_column_size": 100,
                        "_inline_size": null,
                        "margin": {
                            "unit": "px",
                            "top": "0",
                            "right": "0",
                            "bottom": "0",
                            "left": "0",
                            "isLinked": false
                        },
                        "padding": {
                            "unit": "px",
                            "top": "0",
                            "right": "0",
                            "bottom": "0",
                            "left": "0",
                            "isLinked": false
                        }
                    },
                    "elements": [
                        {
                            "id": "527da0de",
                            "settings": {
                                "title": "Running Is My Life",
                                "header_size": "h1",
                                "align": "center"
                            },
                            "elements": [],
                            "isInner": false,
                            "widgetType": "heading",
                            "elType": "widget"
                        },
                        {
                            "id": "41a2b430",
                            "settings": {
                                "view": "inline",
                                "icon_list": [
                                    {
                                        "text": "Kitpro",
                                        "selected_icon": {
                                            "value": "far fa-user",
                                            "library": "fa-regular"
                                        },
                                        "_id": "88a430b"
                                    },
                                    {
                                        "text": "Oct 28, 2022",
                                        "selected_icon": {
                                            "value": "far fa-calendar-alt",
                                            "library": "fa-regular"
                                        },
                                        "_id": "2d920eb"
                                    },
                                    {
                                        "_id": "3fc615e",
                                        "text": "Uncategories",
                                        "selected_icon": {
                                            "value": "far fa-folder-open",
                                            "library": "fa-regular"
                                        }
                                    }
                                ],
                                "space_between": {
                                    "unit": "px",
                                    "size": 45,
                                    "sizes": []
                                },
                                "icon_size": {
                                    "unit": "px",
                                    "size": 19,
                                    "sizes": []
                                },
                                "__globals__": {
                                    "icon_color": "globals\/colors?id=secondary",
                                    "text_color": "globals\/colors?id=10160f9"
                                },
                                "icon_align_mobile": "center",
                                "space_between_mobile": {
                                    "unit": "px",
                                    "size": 18,
                                    "sizes": []
                                },
                                "icon_align": "center"
                            },
                            "elements": [],
                            "isInner": false,
                            "widgetType": "icon-list",
                            "elType": "widget"
                        }
                    ],
                    "isInner": false,
                    "elType": "column"
                }
            ],
            "isInner": false,
            "elType": "section"
        },
        {
            "id": "24fcff03",
            "settings": {
                "structure": "20",
                "margin": {
                    "unit": "px",
                    "top": "0",
                    "right": 0,
                    "bottom": "0",
                    "left": 0,
                    "isLinked": false
                },
                "margin_tablet": {
                    "unit": "px",
                    "top": "0",
                    "right": 0,
                    "bottom": "0",
                    "left": 0,
                    "isLinked": false
                },
                "padding": {
                    "unit": "px",
                    "top": "100",
                    "right": "0",
                    "bottom": "100",
                    "left": "0",
                    "isLinked": false
                },
                "padding_tablet": {
                    "unit": "px",
                    "top": "100",
                    "right": "30",
                    "bottom": "100",
                    "left": "30",
                    "isLinked": false
                },
                "padding_mobile": {
                    "unit": "px",
                    "top": "100",
                    "right": "20",
                    "bottom": "100",
                    "left": "20",
                    "isLinked": false
                }
            },
            "elements": [
                {
                    "id": "302b4f4e",
                    "settings": {
                        "_column_size": 50,
                        "_inline_size": null,
                        "margin": {
                            "unit": "px",
                            "top": "0",
                            "right": "30",
                            "bottom": "0",
                            "left": "0",
                            "isLinked": false
                        },
                        "margin_tablet": {
                            "unit": "px",
                            "top": "0",
                            "right": "20",
                            "bottom": "0",
                            "left": "0",
                            "isLinked": false
                        },
                        "margin_mobile": {
                            "unit": "px",
                            "top": "0",
                            "right": "0",
                            "bottom": "0",
                            "left": "0",
                            "isLinked": false
                        },
                        "padding": {
                            "unit": "px",
                            "top": "0",
                            "right": "0",
                            "bottom": "0",
                            "left": "0",
                            "isLinked": false
                        }
                    },
                    "elements": [
                        {
                            "id": "6c24922b",
                            "settings": {
                                "image": {
                                    "url": "https:\/\/kitpro.site\/runnin\/wp-content\/uploads\/sites\/123\/2022\/10\/portrait-of-the-athlete-ready-to-run-2021-08-26-18-19-50-utc.jpg",
                                    "id": 481,
                                    "alt": "",
                                    "source": "library"
                                }
                            },
                            "elements": [],
                            "isInner": false,
                            "widgetType": "image",
                            "elType": "widget"
                        },
                        {
                            "id": "2dac0688",
                            "settings": {
                                "title": "Enim ipsam voluptatem",
                                "align_mobile": "center",
                                "__globals__": {
                                    "typography_typography": "globals\/typography?id=accent"
                                }
                            },
                            "elements": [],
                            "isInner": false,
                            "widgetType": "heading",
                            "elType": "widget"
                        },
                        {
                            "id": "21d2899e",
                            "settings": {
                                "editor": "<p>Lorem ipsum dolor sit amet, consectetur adipiscing elit, sed do eiusmod tempor incididunt ut labore et dolore magna aliqua. Ut enim ad minim veniam, quis nostrud exercitation ullamco laboris nisi ut aliquip ex ea commodo consequat. Duis aute irure dolor in reprehenderit in voluptate velit esse cillum dolore eu fugiat nulla pariatur. Excepteur sint occaecat cupidatat non proident, sunt in culpa qui officia deserunt mollit anim id est laborum<\/p>",
                                "align": "justify",
                                "_margin": {
                                    "unit": "px",
                                    "top": "0",
                                    "right": "0",
                                    "bottom": "-10",
                                    "left": "0",
                                    "isLinked": false
                                }
                            },
                            "elements": [],
                            "isInner": false,
                            "widgetType": "text-editor",
                            "elType": "widget"
                        },
                        {
                            "id": "5e678029",
                            "settings": {
                                "editor": "<p>Sed ut perspiciatis unde omnis iste natus error sit voluptatem accusantium doloremque laudantium, totam rem aperiam, eaque ipsa quae ab illo inventore veritatis et quasi architecto beatae vitae dicta sunt.<\/p>",
                                "align": "justify",
                                "_margin": {
                                    "unit": "px",
                                    "top": "0",
                                    "right": "0",
                                    "bottom": "-10",
                                    "left": "0",
                                    "isLinked": false
                                }
                            },
                            "elements": [],
                            "isInner": false,
                            "widgetType": "text-editor",
                            "elType": "widget"
                        },
                        {
                            "id": "2d6db0af",
                            "settings": {
                                "selected_icon": {
                                    "value": "icon icon-quote2",
                                    "library": "ekiticons"
                                },
                                "size_tablet": {
                                    "unit": "px",
                                    "size": 35,
                                    "sizes": []
                                },
                                "_element_width": "auto",
                                "_element_width_tablet": "initial",
                                "_element_custom_width_tablet": {
                                    "unit": "px",
                                    "size": 39
                                },
                                "_position": "absolute",
                                "_offset_x": {
                                    "size": 451,
                                    "unit": "px"
                                },
                                "_offset_x_tablet": {
                                    "size": 277,
                                    "unit": "px"
                                },
                                "_offset_x_mobile": {
                                    "size": 254,
                                    "unit": "px"
                                },
                                "_offset_y": {
                                    "size": 692,
                                    "unit": "px"
                                },
                                "_offset_y_tablet": {
                                    "size": 700,
                                    "unit": "px"
                                },
                                "_offset_y_mobile": {
                                    "size": 703,
                                    "unit": "px"
                                },
                                "__globals__": {
                                    "primary_color": "globals\/colors?id=secondary"
                                }
                            },
                            "elements": [],
                            "isInner": false,
                            "widgetType": "icon",
                            "elType": "widget"
                        },
                        {
                            "id": "f120666",
                            "settings": {
                                "typography_typography": "custom",
                                "typography_font_family": "Roboto",
                                "typography_font_weight": "400",
                                "typography_font_style": "italic",
                                "_margin": {
                                    "unit": "px",
                                    "top": "0",
                                    "right": "0",
                                    "bottom": "0",
                                    "left": "0",
                                    "isLinked": false
                                },
                                "_padding": {
                                    "unit": "px",
                                    "top": "50",
                                    "right": "30",
                                    "bottom": "50",
                                    "left": "30",
                                    "isLinked": false
                                },
                                "_padding_tablet": {
                                    "unit": "px",
                                    "top": "30",
                                    "right": "20",
                                    "bottom": "30",
                                    "left": "20",
                                    "isLinked": false
                                },
                                "_padding_mobile": {
                                    "unit": "px",
                                    "top": "20",
                                    "right": "10",
                                    "bottom": "20",
                                    "left": "10",
                                    "isLinked": false
                                },
                                "_background_background": "classic",
                                "_background_color": "#F4F9E9",
                                "__globals__": {
                                    "_background_color": "globals\/colors?id=accent",
                                    "typography_typography": ""
                                }
                            },
                            "elements": [],
                            "isInner": false,
                            "widgetType": "text-editor",
                            "elType": "widget"
                        }
                    ],
                    "isInner": false,
                    "elType": "column"
                },
                {
                    "id": "55031d7b",
                    "settings": {
                        "_column_size": 50,
                        "_inline_size": null,
                        "margin": {
                            "unit": "px",
                            "top": "0",
                            "right": "0",
                            "bottom": "0",
                            "left": "30",
                            "isLinked": false
                        },
                        "margin_tablet": {
                            "unit": "px",
                            "top": "0",
                            "right": "0",
                            "bottom": "0",
                            "left": "20",
                            "isLinked": false
                        },
                        "margin_mobile": {
                            "unit": "px",
                            "top": "0",
                            "right": "0",
                            "bottom": "0",
                            "left": "0",
                            "isLinked": false
                        },
                        "padding": {
                            "unit": "px",
                            "top": "0",
                            "right": "0",
                            "bottom": "0",
                            "left": "0",
                            "isLinked": false
                        },
                        "padding_mobile": {
                            "unit": "px",
                            "top": "30",
                            "right": "0",
                            "bottom": "0",
                            "left": "0",
                            "isLinked": false
                        }
                    },
                    "elements": [
                        {
                            "id": "327312e4",
                            "settings": {
                                "editor": "<p>Sed ut perspiciatis unde omnis iste natus error sit voluptatem accusantium doloremque laudantium, totam rem aperiam, eaque ipsa quae ab illo inventore veritatis et quasi architecto beatae vitae dicta sunt explicabo. Nemo enim ipsam voluptatem quia voluptas sit aspernatur aut odit aut fugit, sed quia consequuntur magni dolores eos qui ratione voluptatem sequi nesciunt. Neque porro quisquam est, qui dolorem ipsum quia dolor sit amet, consectetur, adipisci velit, sed quia non numquam eius modi tempora incidunt ut labore et dolore magnam aliquam quaerat voluptatem.<\/p>",
                                "align": "justify"
                            },
                            "elements": [],
                            "isInner": false,
                            "widgetType": "text-editor",
                            "elType": "widget"
                        },
                        {
                            "id": "1e5fe11e",
                            "settings": {
                                "carousel": [
                                    {
                                        "id": 485,
                                        "url": "https:\/\/kitpro.site\/runnin\/wp-content\/uploads\/sites\/123\/2022\/10\/testi-1.jpg"
                                    },
                                    {
                                        "id": 489,
                                        "url": "https:\/\/kitpro.site\/runnin\/wp-content\/uploads\/sites\/123\/2022\/10\/testi-2.jpg"
                                    },
                                    {
                                        "id": 493,
                                        "url": "https:\/\/kitpro.site\/runnin\/wp-content\/uploads\/sites\/123\/2022\/10\/testi-3.jpg"
                                    }
                                ],
                                "slides_to_show_mobile": "2",
                                "navigation": "arrows",
                                "__globals__": {
                                    "arrows_color": "globals\/colors?id=primary"
                                }
                            },
                            "elements": [],
                            "isInner": false,
                            "widgetType": "image-carousel",
                            "elType": "widget"
                        },
                        {
                            "id": "4125afbe",
                            "settings": {
                                "title": "At vero eos et accusamus ",
                                "align_mobile": "center",
                                "__globals__": {
                                    "typography_typography": "globals\/typography?id=accent"
                                }
                            },
                            "elements": [],
                            "isInner": false,
                            "widgetType": "heading",
                            "elType": "widget"
                        },
                        {
                            "id": "4889f153",
                            "settings": {
                                "icon_list": [
                                    {
                                        "text": "we denounce with righteous",
                                        "_id": "1324172"
                                    },
                                    {
                                        "text": "indignation and dislike men",
                                        "_id": "3da9644"
                                    },
                                    {
                                        "text": "so beguiled and demoralized",
                                        "_id": "545c62d"
                                    },
                                    {
                                        "text": "that they cannot foresee the",
                                        "_id": "744aad7"
                                    }
                                ],
                                "space_between": {
                                    "unit": "px",
                                    "size": 8,
                                    "sizes": []
                                },
                                "icon_align_mobile": "center",
                                "__globals__": {
                                    "icon_color": "globals\/colors?id=secondary"
                                }
                            },
                            "elements": [],
                            "isInner": false,
                            "widgetType": "icon-list",
                            "elType": "widget"
                        }
                    ],
                    "isInner": false,
                    "elType": "column"
                }
            ],
            "isInner": false,
            "elType": "section"
        }
    ]
}