{
    "version": "0.4",
    "title": "404 Error",
    "type": "page",
    "metadata": {
        "template_type": "single-page",
        "include_in_zip": "1",
        "elementor_pro_required": null,
        "wp_page_template": "elementor_header_footer"
    },
    "content": [
        {
            "id": "1403fa96",
            "settings": {
                "height": "min-height",
                "custom_height": {
                    "unit": "vh",
                    "size": 90,
                    "sizes": []
                },
                "custom_height_tablet": {
                    "unit": "vh",
                    "size": "",
                    "sizes": []
                },
                "custom_height_mobile": {
                    "unit": "vh",
                    "size": "",
                    "sizes": []
                },
                "column_position": "stretch",
                "content_position": "middle",
                "background_background": "classic",
                "background_image": {
                    "url": "http:\/\/kfkit.rometheme.pro\/bsurf\/wp-content\/uploads\/sites\/43\/2022\/12\/kite-surfing-PW4C699-1.jpg",
                    "id": 2644,
                    "alt": "",
                    "source": "library"
                },
                "background_position": "center center",
                "background_size": "cover",
                "background_overlay_background": "gradient",
                "background_overlay_gradient_angle": {
                    "unit": "deg",
                    "size": 90,
                    "sizes": []
                },
                "padding": {
                    "unit": "em",
                    "top": "5",
                    "right": "0",
                    "bottom": "0",
                    "left": "0",
                    "isLinked": false
                },
                "padding_tablet": {
                    "unit": "em",
                    "top": "",
                    "right": "",
                    "bottom": "",
                    "left": "",
                    "isLinked": true
                },
                "padding_mobile": {
                    "unit": "em",
                    "top": "",
                    "right": "",
                    "bottom": "",
                    "left": "",
                    "isLinked": true
                },
                "_title": "404 Error Section",
                "__globals__": {
                    "background_overlay_color_b": "globals\/colors?id=50fe928",
                    "background_overlay_color": "globals\/colors?id=c01ff5f"
                }
            },
            "elements": [
                {
                    "id": "679cfbf2",
                    "settings": {
                        "_column_size": 100,
                        "_inline_size": null,
                        "margin": {
                            "unit": "%",
                            "top": "0",
                            "right": "0",
                            "bottom": "0",
                            "left": "56",
                            "isLinked": false
                        },
                        "margin_tablet": {
                            "unit": "%",
                            "top": "0",
                            "right": "0",
                            "bottom": "0",
                            "left": "0",
                            "isLinked": false
                        },
                        "margin_mobile": {
                            "unit": "%",
                            "top": "",
                            "right": "",
                            "bottom": "",
                            "left": "",
                            "isLinked": true
                        }
                    },
                    "elements": [
                        {
                            "id": "54194be5",
                            "settings": {
                                "title": "404",
                                "header_size": "h1",
                                "__globals__": {
                                    "typography_typography": "globals\/typography?id=857b381",
                                    "title_color": ""
                                },
                                "align_tablet": "center",
                                "typography_typography": "custom",
                                "typography_font_family": "Josefin Sans",
                                "typography_font_size": {
                                    "unit": "rem",
                                    "size": 14,
                                    "sizes": []
                                },
                                "typography_font_size_tablet": {
                                    "unit": "rem",
                                    "size": 4,
                                    "sizes": []
                                },
                                "typography_font_size_mobile": {
                                    "unit": "rem",
                                    "size": 3,
                                    "sizes": []
                                },
                                "typography_font_weight": "700",
                                "typography_line_height": {
                                    "unit": "em",
                                    "size": 1,
                                    "sizes": []
                                },
                                "typography_line_height_tablet": {
                                    "unit": "px",
                                    "size": "",
                                    "sizes": []
                                },
                                "typography_line_height_mobile": {
                                    "unit": "px",
                                    "size": "",
                                    "sizes": []
                                },
                                "typography_word_spacing": {
                                    "unit": "em",
                                    "size": "",
                                    "sizes": []
                                }
                            },
                            "elements": [],
                            "isInner": false,
                            "widgetType": "heading",
                            "elType": "widget"
                        },
                        {
                            "id": "3fab69dd",
                            "settings": {
                                "structure": "20"
                            },
                            "elements": [
                                {
                                    "id": "5442a404",
                                    "settings": {
                                        "_column_size": 50,
                                        "_inline_size": null,
                                        "padding": {
                                            "unit": "px",
                                            "top": "0",
                                            "right": "0",
                                            "bottom": "0",
                                            "left": "0",
                                            "isLinked": false
                                        },
                                        "padding_tablet": {
                                            "unit": "em",
                                            "top": "0",
                                            "right": "1",
                                            "bottom": "0",
                                            "left": "0",
                                            "isLinked": false
                                        },
                                        "padding_mobile": {
                                            "unit": "em",
                                            "top": "0",
                                            "right": "0",
                                            "bottom": "0",
                                            "left": "0",
                                            "isLinked": false
                                        }
                                    },
                                    "elements": [
                                        {
                                            "id": "4c324cd",
                                            "settings": {
                                                "text": "PREVIOUS PAGE",
                                                "align": "left",
                                                "icon_indent": {
                                                    "unit": "px",
                                                    "size": 10,
                                                    "sizes": []
                                                },
                                                "typography_font_family": "Josefin Sans",
                                                "typography_font_size": {
                                                    "unit": "rem",
                                                    "size": 1,
                                                    "sizes": []
                                                },
                                                "typography_font_size_tablet": {
                                                    "unit": "rem",
                                                    "size": "",
                                                    "sizes": []
                                                },
                                                "typography_font_size_mobile": {
                                                    "unit": "rem",
                                                    "size": "",
                                                    "sizes": []
                                                },
                                                "typography_font_weight": "600",
                                                "typography_line_height": {
                                                    "unit": "em",
                                                    "size": 1.3,
                                                    "sizes": []
                                                },
                                                "typography_letter_spacing": {
                                                    "unit": "em",
                                                    "size": 0.2,
                                                    "sizes": []
                                                },
                                                "typography_letter_spacing_tablet": {
                                                    "unit": "em",
                                                    "size": "",
                                                    "sizes": []
                                                },
                                                "typography_letter_spacing_mobile": {
                                                    "unit": "em",
                                                    "size": "",
                                                    "sizes": []
                                                },
                                                "border_radius": {
                                                    "unit": "px",
                                                    "top": "0",
                                                    "right": "0",
                                                    "bottom": "0",
                                                    "left": "0",
                                                    "isLinked": false
                                                },
                                                "text_padding": {
                                                    "unit": "px",
                                                    "top": "15",
                                                    "right": "25",
                                                    "bottom": "12",
                                                    "left": "25",
                                                    "isLinked": false
                                                },
                                                "__globals__": {
                                                    "button_text_color": "",
                                                    "hover_color": "globals\/colors?id=secondary",
                                                    "background_color": "",
                                                    "button_background_hover_color": "",
                                                    "button_hover_border_color": "globals\/colors?id=d26f039",
                                                    "border_color": "globals\/colors?id=c01ff5f"
                                                },
                                                "border_border": "solid",
                                                "border_width": {
                                                    "unit": "px",
                                                    "top": "1",
                                                    "right": "1",
                                                    "bottom": "1",
                                                    "left": "1",
                                                    "isLinked": true
                                                },
                                                "border_color": "#02010100",
                                                "align_tablet": "right",
                                                "align_mobile": "center"
                                            },
                                            "elements": [],
                                            "isInner": false,
                                            "widgetType": "button",
                                            "elType": "widget"
                                        }
                                    ],
                                    "isInner": true,
                                    "elType": "column"
                                },
                                {
                                    "id": "2021e9f6",
                                    "settings": {
                                        "_column_size": 50,
                                        "_inline_size": null,
                                        "content_position": "center",
                                        "padding": {
                                            "unit": "px",
                                            "top": "0",
                                            "right": "0",
                                            "bottom": "0",
                                            "left": "0",
                                            "isLinked": false
                                        },
                                        "padding_tablet": {
                                            "unit": "em",
                                            "top": "0",
                                            "right": "0",
                                            "bottom": "0",
                                            "left": "1",
                                            "isLinked": false
                                        },
                                        "padding_mobile": {
                                            "unit": "em",
                                            "top": "2",
                                            "right": "0",
                                            "bottom": "0",
                                            "left": "0",
                                            "isLinked": false
                                        }
                                    },
                                    "elements": [
                                        {
                                            "id": "4541c8df",
                                            "settings": {
                                                "text": "GO TO HOME",
                                                "align": "left",
                                                "selected_icon": {
                                                    "value": "icon icon-arrow-right",
                                                    "library": "ekiticons"
                                                },
                                                "icon_align": "right",
                                                "icon_indent": {
                                                    "unit": "px",
                                                    "size": 10,
                                                    "sizes": []
                                                },
                                                "typography_font_family": "Josefin Sans",
                                                "typography_font_size": {
                                                    "unit": "rem",
                                                    "size": 1,
                                                    "sizes": []
                                                },
                                                "typography_font_size_tablet": {
                                                    "unit": "rem",
                                                    "size": "",
                                                    "sizes": []
                                                },
                                                "typography_font_size_mobile": {
                                                    "unit": "rem",
                                                    "size": "",
                                                    "sizes": []
                                                },
                                                "typography_font_weight": "600",
                                                "typography_line_height": {
                                                    "unit": "em",
                                                    "size": 1.3,
                                                    "sizes": []
                                                },
                                                "typography_letter_spacing": {
                                                    "unit": "em",
                                                    "size": 0.2,
                                                    "sizes": []
                                                },
                                                "typography_letter_spacing_tablet": {
                                                    "unit": "em",
                                                    "size": "",
                                                    "sizes": []
                                                },
                                                "typography_letter_spacing_mobile": {
                                                    "unit": "em",
                                                    "size": "",
                                                    "sizes": []
                                                },
                                                "border_radius": {
                                                    "unit": "px",
                                                    "top": "0",
                                                    "right": "0",
                                                    "bottom": "0",
                                                    "left": "0",
                                                    "isLinked": false
                                                },
                                                "text_padding": {
                                                    "unit": "px",
                                                    "top": "0",
                                                    "right": "0",
                                                    "bottom": "0",
                                                    "left": "0",
                                                    "isLinked": false
                                                },
                                                "__globals__": {
                                                    "button_text_color": "",
                                                    "hover_color": "globals\/colors?id=d26f039",
                                                    "background_color": "globals\/colors?id=c01ff5f"
                                                },
                                                "background_color": "#02010100",
                                                "border_border": "solid",
                                                "border_width": {
                                                    "unit": "px",
                                                    "top": "0",
                                                    "right": "0",
                                                    "bottom": "0",
                                                    "left": "0",
                                                    "isLinked": true
                                                },
                                                "align_mobile": "center"
                                            },
                                            "elements": [],
                                            "isInner": false,
                                            "widgetType": "button",
                                            "elType": "widget"
                                        }
                                    ],
                                    "isInner": true,
                                    "elType": "column"
                                }
                            ],
                            "isInner": true,
                            "elType": "section"
                        }
                    ],
                    "isInner": false,
                    "elType": "column"
                }
            ],
            "isInner": false,
            "elType": "section"
        }
    ]
}