{
    "version": "0.4",
    "title": "Blog",
    "type": "page",
    "metadata": {
        "template_type": "single-page",
        "include_in_zip": "1",
        "elementor_pro_required": null,
        "wp_page_template": "elementor_header_footer"
    },
    "content": [
        {
            "id": "7932a123",
            "settings": {
                "layout": "full_width",
                "gap": "no",
                "height": "min-height",
                "custom_height": {
                    "unit": "vh",
                    "size": 50,
                    "sizes": []
                },
                "custom_height_tablet": {
                    "unit": "vw",
                    "size": "",
                    "sizes": []
                },
                "custom_height_mobile": {
                    "unit": "vw",
                    "size": "",
                    "sizes": []
                },
                "column_position": "stretch",
                "content_position": "middle",
                "structure": "20",
                "background_background": "classic",
                "background_image": {
                    "url": "http:\/\/kfkit.rometheme.pro\/bsurf\/wp-content\/uploads\/sites\/43\/2022\/12\/professional-surfer-in-wet-t-shirt-riding-waves-on-S3DK3X9.jpg",
                    "id": 17,
                    "alt": "",
                    "source": "library"
                },
                "background_position": "center center",
                "background_size": "cover",
                "padding": {
                    "unit": "em",
                    "top": "",
                    "right": "",
                    "bottom": "",
                    "left": "",
                    "isLinked": true
                },
                "padding_tablet": {
                    "unit": "em",
                    "top": "",
                    "right": "",
                    "bottom": "",
                    "left": "",
                    "isLinked": true
                },
                "padding_mobile": {
                    "unit": "em",
                    "top": "",
                    "right": "",
                    "bottom": "",
                    "left": "",
                    "isLinked": true
                },
                "reverse_order_mobile": "reverse-mobile",
                "_title": "Heading Page Section"
            },
            "elements": [
                {
                    "id": "29e6d60",
                    "settings": {
                        "_column_size": 50,
                        "_inline_size": 46,
                        "padding": {
                            "unit": "em",
                            "top": "1",
                            "right": "1",
                            "bottom": "3",
                            "left": "16.5",
                            "isLinked": false
                        },
                        "padding_tablet": {
                            "unit": "em",
                            "top": "1",
                            "right": "1",
                            "bottom": "2",
                            "left": "1",
                            "isLinked": false
                        },
                        "padding_mobile": {
                            "unit": "em",
                            "top": "1",
                            "right": "1",
                            "bottom": "1",
                            "left": "1",
                            "isLinked": false
                        },
                        "content_position": "bottom"
                    },
                    "elements": [
                        {
                            "id": "7664ee3e",
                            "settings": {
                                "editor": "<p>Home \/ <a href=\"#\">Blog<\/a><\/p>",
                                "__globals__": {
                                    "typography_typography": "globals\/typography?id=14b315f",
                                    "text_color": "globals\/colors?id=secondary"
                                }
                            },
                            "elements": [],
                            "isInner": false,
                            "widgetType": "text-editor",
                            "elType": "widget"
                        }
                    ],
                    "isInner": false,
                    "elType": "column"
                },
                {
                    "id": "580bd33d",
                    "settings": {
                        "_column_size": 50,
                        "_inline_size": 54,
                        "background_background": "classic",
                        "padding": {
                            "unit": "em",
                            "top": "4",
                            "right": "1",
                            "bottom": "1",
                            "left": "4",
                            "isLinked": false
                        },
                        "padding_tablet": {
                            "unit": "em",
                            "top": "1",
                            "right": "1",
                            "bottom": "1",
                            "left": "3",
                            "isLinked": false
                        },
                        "padding_mobile": {
                            "unit": "em",
                            "top": "1",
                            "right": "1",
                            "bottom": "1",
                            "left": "1",
                            "isLinked": true
                        },
                        "__globals__": {
                            "background_color": "globals\/colors?id=4310afa"
                        },
                        "content_position_mobile": "bottom"
                    },
                    "elements": [
                        {
                            "id": "15ca763d",
                            "settings": {
                                "title": "Blog"
                            },
                            "elements": [],
                            "isInner": false,
                            "widgetType": "heading",
                            "elType": "widget"
                        }
                    ],
                    "isInner": false,
                    "elType": "column"
                }
            ],
            "isInner": false,
            "elType": "section"
        },
        {
            "id": "44fb6251",
            "settings": {
                "padding": {
                    "unit": "em",
                    "top": "6",
                    "right": "1",
                    "bottom": "6",
                    "left": "1",
                    "isLinked": false
                },
                "padding_tablet": {
                    "unit": "em",
                    "top": "",
                    "right": "",
                    "bottom": "",
                    "left": "",
                    "isLinked": true
                },
                "padding_mobile": {
                    "unit": "em",
                    "top": "",
                    "right": "",
                    "bottom": "",
                    "left": "",
                    "isLinked": true
                },
                "_title": "Blog Section"
            },
            "elements": [
                {
                    "id": "1f6130d3",
                    "settings": {
                        "_column_size": 100,
                        "_inline_size": null,
                        "padding": {
                            "unit": "em",
                            "top": "1",
                            "right": "1",
                            "bottom": "1",
                            "left": "1",
                            "isLinked": true
                        },
                        "padding_tablet": {
                            "unit": "em",
                            "top": "",
                            "right": "",
                            "bottom": "",
                            "left": "",
                            "isLinked": true
                        },
                        "padding_mobile": {
                            "unit": "em",
                            "top": "",
                            "right": "",
                            "bottom": "",
                            "left": "",
                            "isLinked": true
                        },
                        "margin": {
                            "unit": "%",
                            "top": "0",
                            "right": "0",
                            "bottom": "0",
                            "left": "0",
                            "isLinked": true
                        },
                        "margin_tablet": {
                            "unit": "%",
                            "top": "",
                            "right": "",
                            "bottom": "",
                            "left": "",
                            "isLinked": true
                        },
                        "margin_mobile": {
                            "unit": "%",
                            "top": "",
                            "right": "",
                            "bottom": "",
                            "left": "",
                            "isLinked": true
                        },
                        "background_hover_transition": {
                            "unit": "px",
                            "size": "",
                            "sizes": []
                        }
                    },
                    "elements": [
                        {
                            "id": "353364eb",
                            "settings": {
                                "structure": "20",
                                "padding": {
                                    "unit": "em",
                                    "top": "0",
                                    "right": "0",
                                    "bottom": "2",
                                    "left": "0",
                                    "isLinked": false
                                },
                                "padding_tablet": {
                                    "unit": "em",
                                    "top": "",
                                    "right": "",
                                    "bottom": "",
                                    "left": "",
                                    "isLinked": true
                                },
                                "padding_mobile": {
                                    "unit": "em",
                                    "top": "",
                                    "right": "",
                                    "bottom": "",
                                    "left": "",
                                    "isLinked": true
                                },
                                "content_width": {
                                    "unit": "px",
                                    "size": 780,
                                    "sizes": []
                                }
                            },
                            "elements": [
                                {
                                    "id": "2aed3ae9",
                                    "settings": {
                                        "_column_size": 50,
                                        "_inline_size": 50,
                                        "padding": {
                                            "unit": "em",
                                            "top": "0",
                                            "right": "0",
                                            "bottom": "0",
                                            "left": "18",
                                            "isLinked": false
                                        },
                                        "_inline_size_tablet": 50,
                                        "padding_tablet": {
                                            "unit": "em",
                                            "top": "0",
                                            "right": "0",
                                            "bottom": "0",
                                            "left": "18",
                                            "isLinked": false
                                        },
                                        "padding_mobile": {
                                            "unit": "em",
                                            "top": "0",
                                            "right": "0",
                                            "bottom": "1",
                                            "left": "2.4",
                                            "isLinked": false
                                        }
                                    },
                                    "elements": [
                                        {
                                            "id": "1016f856",
                                            "settings": {
                                                "title": "OUR BLOG",
                                                "align": "left",
                                                "__globals__": {
                                                    "title_color": "globals\/colors?id=e7f879b",
                                                    "typography_typography": "globals\/typography?id=417736c"
                                                }
                                            },
                                            "elements": [],
                                            "isInner": false,
                                            "widgetType": "heading",
                                            "elType": "widget"
                                        }
                                    ],
                                    "isInner": true,
                                    "elType": "column"
                                },
                                {
                                    "id": "5a398df5",
                                    "settings": {
                                        "_column_size": 50,
                                        "_inline_size": 50,
                                        "padding": {
                                            "unit": "px",
                                            "top": "0",
                                            "right": "0",
                                            "bottom": "0",
                                            "left": "0",
                                            "isLinked": false
                                        },
                                        "_inline_size_tablet": 50
                                    },
                                    "elements": [
                                        {
                                            "id": "ff6fd4c",
                                            "settings": {
                                                "title": "The Latest News",
                                                "header_size": "h3",
                                                "align": "left",
                                                "__globals__": {
                                                    "title_color": "",
                                                    "_border_color": "globals\/colors?id=e7f879b",
                                                    "typography_typography": ""
                                                },
                                                "_padding": {
                                                    "unit": "em",
                                                    "top": "0",
                                                    "right": "0",
                                                    "bottom": "0",
                                                    "left": "2",
                                                    "isLinked": false
                                                },
                                                "_padding_tablet": {
                                                    "unit": "em",
                                                    "top": "",
                                                    "right": "",
                                                    "bottom": "",
                                                    "left": "",
                                                    "isLinked": true
                                                },
                                                "_padding_mobile": {
                                                    "unit": "em",
                                                    "top": "",
                                                    "right": "",
                                                    "bottom": "",
                                                    "left": "",
                                                    "isLinked": true
                                                },
                                                "_border_border": "solid",
                                                "_border_width": {
                                                    "unit": "px",
                                                    "top": "0",
                                                    "right": "0",
                                                    "bottom": "0",
                                                    "left": "2",
                                                    "isLinked": false
                                                },
                                                "typography_font_family": "Josefin Sans",
                                                "typography_font_size": {
                                                    "unit": "rem",
                                                    "size": 3,
                                                    "sizes": []
                                                },
                                                "typography_font_size_tablet": {
                                                    "unit": "rem",
                                                    "size": "",
                                                    "sizes": []
                                                },
                                                "typography_font_size_mobile": {
                                                    "unit": "rem",
                                                    "size": "",
                                                    "sizes": []
                                                },
                                                "typography_font_weight": "700",
                                                "typography_line_height": {
                                                    "unit": "em",
                                                    "size": 1.1,
                                                    "sizes": []
                                                },
                                                "typography_letter_spacing": {
                                                    "unit": "em",
                                                    "size": "",
                                                    "sizes": []
                                                },
                                                "typography_letter_spacing_tablet": {
                                                    "unit": "em",
                                                    "size": "",
                                                    "sizes": []
                                                },
                                                "typography_letter_spacing_mobile": {
                                                    "unit": "em",
                                                    "size": "",
                                                    "sizes": []
                                                },
                                                "typography_word_spacing": {
                                                    "unit": "em",
                                                    "size": "",
                                                    "sizes": []
                                                },
                                                "_border_color": "#00A7C7"
                                            },
                                            "elements": [],
                                            "isInner": false,
                                            "widgetType": "heading",
                                            "elType": "widget"
                                        }
                                    ],
                                    "isInner": true,
                                    "elType": "column"
                                }
                            ],
                            "isInner": true,
                            "elType": "section"
                        },
                        {
                            "id": "4dae3887",
                            "settings": {
                                "editor": "<p>Lorem ipsum dolor sit amet, consectetur adipiscing elit. Nam eleifend, enim tempus vulputate porta, ipsum urna porta diam, sit amet condimentum nisi justo non tortor.<\/p>",
                                "typography_font_family": "Nunito Sans",
                                "typography_font_size": {
                                    "unit": "rem",
                                    "size": 1,
                                    "sizes": []
                                },
                                "typography_font_size_tablet": {
                                    "unit": "rem",
                                    "size": "",
                                    "sizes": []
                                },
                                "typography_font_size_mobile": {
                                    "unit": "rem",
                                    "size": "",
                                    "sizes": []
                                },
                                "typography_font_weight": "400",
                                "typography_line_height": {
                                    "unit": "em",
                                    "size": 1.6,
                                    "sizes": []
                                },
                                "_margin": {
                                    "unit": "%",
                                    "top": "0",
                                    "right": "20",
                                    "bottom": "0",
                                    "left": "20",
                                    "isLinked": false
                                },
                                "_padding": {
                                    "unit": "em",
                                    "top": "0",
                                    "right": "0",
                                    "bottom": "0",
                                    "left": "0",
                                    "isLinked": true
                                },
                                "_padding_tablet": {
                                    "unit": "em",
                                    "top": "",
                                    "right": "",
                                    "bottom": "",
                                    "left": "",
                                    "isLinked": true
                                },
                                "_padding_mobile": {
                                    "unit": "em",
                                    "top": "0",
                                    "right": "0",
                                    "bottom": "0",
                                    "left": "2.4",
                                    "isLinked": false
                                },
                                "__globals__": {
                                    "text_color": ""
                                },
                                "align": "center",
                                "_margin_tablet": {
                                    "unit": "%",
                                    "top": "",
                                    "right": "",
                                    "bottom": "",
                                    "left": "",
                                    "isLinked": true
                                },
                                "_margin_mobile": {
                                    "unit": "%",
                                    "top": "0",
                                    "right": "0",
                                    "bottom": "0",
                                    "left": "0",
                                    "isLinked": false
                                },
                                "align_mobile": "left"
                            },
                            "elements": [],
                            "isInner": false,
                            "widgetType": "text-editor",
                            "elType": "widget"
                        },
                        {
                            "id": "4e24b9a",
                            "settings": {
                                "ekit_blog_posts_layout_style": "elementskit-post-image-card",
                                "ekit_blog_posts_feature_img_size_size": "full",
                                "ekit_blog_posts_content_trim": 17,
                                "ekit_blog_posts_btn_text": "Learn more ",
                                "ekit_blog_posts_meta_select": [
                                    "date",
                                    "category"
                                ],
                                "ekit_blog_posts_radius": {
                                    "unit": "px",
                                    "top": "0",
                                    "right": "0",
                                    "bottom": "0",
                                    "left": "0",
                                    "isLinked": true
                                },
                                "ekit_blog_posts_feature_img_radius": {
                                    "unit": "px",
                                    "top": "0",
                                    "right": "0",
                                    "bottom": "0",
                                    "left": "0",
                                    "isLinked": true
                                },
                                "ekit_blog_posts_feature_img_margin": {
                                    "unit": "px",
                                    "top": "0",
                                    "right": "0",
                                    "bottom": "0",
                                    "left": "0",
                                    "isLinked": false
                                },
                                "ekit_blog_posts_feature_img_padding": {
                                    "unit": "px",
                                    "top": "0",
                                    "right": "0",
                                    "bottom": "0",
                                    "left": "0",
                                    "isLinked": false
                                },
                                "__globals__": {
                                    "ekit_blog_posts_title_typography_typography": "globals\/typography?id=61f4d03",
                                    "ekit_blog_posts_background_color": "globals\/colors?id=d26f039",
                                    "ekit_blog_posts_background_hover_color": "globals\/colors?id=e7f879b",
                                    "ekit_blog_posts_title_color": "globals\/colors?id=primary",
                                    "ekit_blog_posts_title_hover_color": "globals\/colors?id=secondary",
                                    "ekit_blog_posts_meta_color_normal": "globals\/colors?id=secondary",
                                    "ekit_blog_posts_meta_color_icon_normal": "globals\/colors?id=primary",
                                    "ekit_blog_posts_meta_color_hover": "globals\/colors?id=secondary",
                                    "ekit_blog_posts_meta_color_icon_hover": "globals\/colors?id=secondary",
                                    "ekit_blog_posts_btn_text_color": "globals\/colors?id=secondary",
                                    "ekit_blog_posts_btn_bg_color_color": "globals\/colors?id=e7f879b",
                                    "ekit_blog_posts_btn_hover_color": "globals\/colors?id=secondary",
                                    "ekit_blog_posts_btn_bg_hover_color_color": "",
                                    "ekit_blog_posts_btn_typography_typography": "globals\/typography?id=accent",
                                    "ekit_blog_posts_btn_border_color": "globals\/colors?id=c01ff5f",
                                    "ekit_blog_posts_btn_hover_border_color": "globals\/colors?id=d26f039",
                                    "ekit_blog_posts_meta_typography_typography": "globals\/typography?id=7f61a08"
                                },
                                "ekit_blog_posts_padding": {
                                    "unit": "px",
                                    "top": "0",
                                    "right": "0",
                                    "bottom": "0",
                                    "left": "0",
                                    "isLinked": true
                                },
                                "ekit_blog_posts_margin": {
                                    "unit": "px",
                                    "top": "0",
                                    "right": "0",
                                    "bottom": "30",
                                    "left": "0",
                                    "isLinked": false
                                },
                                "ekit_blog_posts_text_content_wraper_padding": {
                                    "unit": "px",
                                    "top": "30",
                                    "right": "40",
                                    "bottom": "30",
                                    "left": "40",
                                    "isLinked": false
                                },
                                "ekit_blog_posts_background_background": "classic",
                                "ekit_blog_posts_background_color": "#9BCFE0",
                                "ekit_blog_posts_background_hover_background": "classic",
                                "ekit_blog_posts_background_hover_color": "#00A7C7",
                                "ekit_blog_posts_meta_color_normal": "#F8F8F8",
                                "ekit_blog_posts_meta_color_icon_normal": "#1A606E",
                                "ekit_blog_posts_meta_color_hover": "#F8F8F8",
                                "ekit_blog_posts_meta_color_icon_hover": "#F8F8F8",
                                "ekit_blog_posts_title_typography_typography": "custom",
                                "ekit_blog_posts_title_typography_font_family": "Josefin Sans",
                                "ekit_blog_posts_title_typography_font_size": {
                                    "unit": "rem",
                                    "size": 1.6,
                                    "sizes": []
                                },
                                "ekit_blog_posts_title_typography_font_size_tablet": {
                                    "unit": "rem",
                                    "size": "",
                                    "sizes": []
                                },
                                "ekit_blog_posts_title_typography_font_size_mobile": {
                                    "unit": "rem",
                                    "size": "",
                                    "sizes": []
                                },
                                "ekit_blog_posts_title_typography_font_weight": "600",
                                "ekit_blog_posts_title_typography_line_height": {
                                    "unit": "em",
                                    "size": 1.2,
                                    "sizes": []
                                },
                                "ekit_blog_posts_title_typography_word_spacing": {
                                    "unit": "em",
                                    "size": "",
                                    "sizes": []
                                },
                                "ekit_blog_posts_title_color": "#1A606E",
                                "ekit_blog_posts_title_hover_color": "#F8F8F8",
                                "ekit_blog_posts_title_margin": {
                                    "unit": "px",
                                    "top": "0",
                                    "right": "0",
                                    "bottom": "10",
                                    "left": "0",
                                    "isLinked": false
                                },
                                "ekit_blog_posts_content_margin": {
                                    "unit": "px",
                                    "top": "0",
                                    "right": "0",
                                    "bottom": "30",
                                    "left": "0",
                                    "isLinked": false
                                },
                                "ekit_blog_posts_btn_text_padding": {
                                    "unit": "px",
                                    "top": "15",
                                    "right": "25",
                                    "bottom": "15",
                                    "left": "25",
                                    "isLinked": false
                                },
                                "ekit_blog_posts_btn_typography_typography": "custom",
                                "ekit_blog_posts_btn_typography_font_family": "Josefin Sans",
                                "ekit_blog_posts_btn_typography_font_size": {
                                    "unit": "rem",
                                    "size": 1,
                                    "sizes": []
                                },
                                "ekit_blog_posts_btn_typography_font_weight": "600",
                                "ekit_blog_posts_btn_typography_line_height": {
                                    "unit": "em",
                                    "size": 1.3,
                                    "sizes": []
                                },
                                "ekit_blog_posts_btn_typography_letter_spacing": {
                                    "unit": "em",
                                    "size": 0.2,
                                    "sizes": []
                                },
                                "ekit_blog_posts_btn_text_color": "#F8F8F8",
                                "ekit_blog_posts_btn_bg_color_background": "classic",
                                "ekit_blog_posts_btn_bg_color_color": "#00A7C7",
                                "ekit_blog_posts_btn_hover_color": "#F8F8F8",
                                "ekit_blog_posts_btn_border_style": "solid",
                                "ekit_blog_posts_btn_border_dimensions": {
                                    "unit": "px",
                                    "top": "1",
                                    "right": "1",
                                    "bottom": "1",
                                    "left": "1",
                                    "isLinked": true
                                },
                                "ekit_blog_posts_btn_border_color": "#02010100",
                                "ekit_blog_posts_btn_hover_border_color": "#9BCFE0",
                                "ekit_blog_posts_btn_border_radius": {
                                    "unit": "px",
                                    "top": "0",
                                    "right": "0",
                                    "bottom": "0",
                                    "left": "0",
                                    "isLinked": true
                                },
                                "ekit_blog_posts_btn_icons": {
                                    "value": "icon icon-arrow-right",
                                    "library": "ekiticons"
                                },
                                "ekit_blog_posts_btn_icon_align": "right",
                                "ekit_blog_posts_num": 6,
                                "ekit_blog_posts_cats": [
                                    "1",
                                    "4"
                                ]
                            },
                            "elements": [],
                            "isInner": false,
                            "widgetType": "elementskit-blog-posts",
                            "elType": "widget"
                        }
                    ],
                    "isInner": false,
                    "elType": "column"
                }
            ],
            "isInner": false,
            "elType": "section"
        },
        {
            "id": "36b73270",
            "settings": {
                "layout": "full_width",
                "gap": "no",
                "structure": "50",
                "_title": "Instagram Gallery Section"
            },
            "elements": [
                {
                    "id": "4424b228",
                    "settings": {
                        "_column_size": 20,
                        "_inline_size": null,
                        "_inline_size_tablet": 50
                    },
                    "elements": [
                        {
                            "id": "277a56d9",
                            "settings": {
                                "ekit_img_accordion_items": [
                                    {
                                        "ekit_img_accordion_title": "",
                                        "_id": "25f90d0",
                                        "ekit_img_accordion_bg": {
                                            "url": "http:\/\/kfkit.rometheme.pro\/bsurf\/wp-content\/uploads\/sites\/43\/2022\/12\/woman-kayaking-in-the-small-lagoon-in-el-nido-phil-MWZJQFW-1.jpg",
                                            "id": 1009,
                                            "alt": "",
                                            "source": "library"
                                        },
                                        "ekit_img_accordion_enable_icon": "yes",
                                        "ekit_img_accordion_title_icons": {
                                            "value": "icon icon-instagram-1",
                                            "library": "ekiticons"
                                        },
                                        "ekit_img_accordion_enable_button": "",
                                        "ekit_img_accordion_button_label": "Read More"
                                    }
                                ],
                                "active_behavior": "hover",
                                "ekit_img_accordion_min_height": {
                                    "unit": "px",
                                    "size": 0,
                                    "sizes": []
                                },
                                "ekit_img_accordion_bg_active_color_background": "gradient",
                                "ekit_img_accordion_container_padding": {
                                    "unit": "em",
                                    "top": "0",
                                    "right": "0",
                                    "bottom": "0",
                                    "left": "0",
                                    "isLinked": false
                                },
                                "ekit_img_accordion_container_padding_tablet": {
                                    "unit": "em",
                                    "top": "",
                                    "right": "",
                                    "bottom": "",
                                    "left": "",
                                    "isLinked": true
                                },
                                "ekit_img_accordion_container_padding_mobile": {
                                    "unit": "em",
                                    "top": "",
                                    "right": "",
                                    "bottom": "",
                                    "left": "",
                                    "isLinked": true
                                },
                                "ekit_img_accordion_container_margin": {
                                    "unit": "em",
                                    "top": "0",
                                    "right": "0",
                                    "bottom": "0",
                                    "left": "0",
                                    "isLinked": true
                                },
                                "ekit_img_accordion_container_margin_tablet": {
                                    "unit": "em",
                                    "top": "",
                                    "right": "",
                                    "bottom": "",
                                    "left": "",
                                    "isLinked": true
                                },
                                "ekit_img_accordion_container_margin_mobile": {
                                    "unit": "em",
                                    "top": "",
                                    "right": "",
                                    "bottom": "",
                                    "left": "",
                                    "isLinked": true
                                },
                                "ekit_img_accordion_section_img_accordion_icon_title": {
                                    "unit": "px",
                                    "top": "0",
                                    "right": "0",
                                    "bottom": "0",
                                    "left": "0",
                                    "isLinked": true
                                },
                                "actions_width": {
                                    "unit": "px",
                                    "size": 0,
                                    "sizes": []
                                },
                                "ekit_img_accordion_section_img_accordion_icon_spacing": {
                                    "unit": "px",
                                    "top": "0",
                                    "right": "0",
                                    "bottom": "0",
                                    "left": "0",
                                    "isLinked": false
                                },
                                "actions_border_width": 0,
                                "__globals__": {
                                    "ekit_img_accordion_bg_active_color_color_b": "globals\/colors?id=e7f879b",
                                    "ekit_img_accordion_bg_active_color_color": "globals\/colors?id=c01ff5f"
                                }
                            },
                            "elements": [],
                            "isInner": false,
                            "widgetType": "elementskit-image-accordion",
                            "elType": "widget"
                        }
                    ],
                    "isInner": false,
                    "elType": "column"
                },
                {
                    "id": "55c10037",
                    "settings": {
                        "_column_size": 20,
                        "_inline_size": null,
                        "_inline_size_tablet": 50
                    },
                    "elements": [
                        {
                            "id": "3fa01485",
                            "settings": {
                                "ekit_img_accordion_items": [
                                    {
                                        "ekit_img_accordion_title": "",
                                        "_id": "25f90d0",
                                        "ekit_img_accordion_active": "yes",
                                        "ekit_img_accordion_bg": {
                                            "url": "http:\/\/kfkit.rometheme.pro\/bsurf\/wp-content\/uploads\/sites\/43\/2022\/12\/happy-couple-walking-together-on-beach-with-surfin-SUWC9HH.jpg",
                                            "id": 1014,
                                            "alt": "",
                                            "source": "library"
                                        },
                                        "ekit_img_accordion_enable_icon": "yes",
                                        "ekit_img_accordion_title_icons": {
                                            "value": "icon icon-instagram-1",
                                            "library": "ekiticons"
                                        },
                                        "ekit_img_accordion_enable_button": "",
                                        "ekit_img_accordion_button_label": "Read More"
                                    }
                                ],
                                "active_behavior": "hover",
                                "ekit_img_accordion_min_height": {
                                    "unit": "px",
                                    "size": 0,
                                    "sizes": []
                                },
                                "ekit_img_accordion_bg_active_color_background": "gradient",
                                "ekit_img_accordion_container_padding": {
                                    "unit": "em",
                                    "top": "0",
                                    "right": "0",
                                    "bottom": "0",
                                    "left": "0",
                                    "isLinked": false
                                },
                                "ekit_img_accordion_container_padding_tablet": {
                                    "unit": "em",
                                    "top": "",
                                    "right": "",
                                    "bottom": "",
                                    "left": "",
                                    "isLinked": true
                                },
                                "ekit_img_accordion_container_padding_mobile": {
                                    "unit": "em",
                                    "top": "",
                                    "right": "",
                                    "bottom": "",
                                    "left": "",
                                    "isLinked": true
                                },
                                "ekit_img_accordion_container_margin": {
                                    "unit": "em",
                                    "top": "0",
                                    "right": "0",
                                    "bottom": "0",
                                    "left": "0",
                                    "isLinked": true
                                },
                                "ekit_img_accordion_container_margin_tablet": {
                                    "unit": "em",
                                    "top": "",
                                    "right": "",
                                    "bottom": "",
                                    "left": "",
                                    "isLinked": true
                                },
                                "ekit_img_accordion_container_margin_mobile": {
                                    "unit": "em",
                                    "top": "",
                                    "right": "",
                                    "bottom": "",
                                    "left": "",
                                    "isLinked": true
                                },
                                "ekit_img_accordion_section_img_accordion_icon_title": {
                                    "unit": "px",
                                    "top": "0",
                                    "right": "0",
                                    "bottom": "0",
                                    "left": "0",
                                    "isLinked": true
                                },
                                "actions_width": {
                                    "unit": "px",
                                    "size": 0,
                                    "sizes": []
                                },
                                "ekit_img_accordion_section_img_accordion_icon_spacing": {
                                    "unit": "px",
                                    "top": "0",
                                    "right": "0",
                                    "bottom": "0",
                                    "left": "0",
                                    "isLinked": false
                                },
                                "actions_border_width": 0,
                                "__globals__": {
                                    "ekit_img_accordion_bg_active_color_color_b": "globals\/colors?id=e7f879b",
                                    "ekit_img_accordion_bg_active_color_color": "globals\/colors?id=c01ff5f"
                                }
                            },
                            "elements": [],
                            "isInner": false,
                            "widgetType": "elementskit-image-accordion",
                            "elType": "widget"
                        }
                    ],
                    "isInner": false,
                    "elType": "column"
                },
                {
                    "id": "e721646",
                    "settings": {
                        "_column_size": 20,
                        "_inline_size": null,
                        "_inline_size_tablet": 100
                    },
                    "elements": [
                        {
                            "id": "485453de",
                            "settings": {
                                "ekit_img_accordion_items": [
                                    {
                                        "ekit_img_accordion_title": "",
                                        "_id": "25f90d0",
                                        "ekit_img_accordion_bg": {
                                            "url": "http:\/\/kfkit.rometheme.pro\/bsurf\/wp-content\/uploads\/sites\/43\/2022\/12\/handsome-sporty-man-surfing-on-sunny-day-HNYR5QX.jpg",
                                            "id": 1013,
                                            "alt": "",
                                            "source": "library"
                                        },
                                        "ekit_img_accordion_enable_icon": "yes",
                                        "ekit_img_accordion_title_icons": {
                                            "value": "icon icon-instagram-1",
                                            "library": "ekiticons"
                                        },
                                        "ekit_img_accordion_enable_button": "",
                                        "ekit_img_accordion_button_label": "Read More"
                                    }
                                ],
                                "active_behavior": "hover",
                                "ekit_img_accordion_min_height": {
                                    "unit": "px",
                                    "size": 0,
                                    "sizes": []
                                },
                                "ekit_img_accordion_bg_active_color_background": "gradient",
                                "ekit_img_accordion_container_padding": {
                                    "unit": "em",
                                    "top": "0",
                                    "right": "0",
                                    "bottom": "0",
                                    "left": "0",
                                    "isLinked": false
                                },
                                "ekit_img_accordion_container_padding_tablet": {
                                    "unit": "em",
                                    "top": "",
                                    "right": "",
                                    "bottom": "",
                                    "left": "",
                                    "isLinked": true
                                },
                                "ekit_img_accordion_container_padding_mobile": {
                                    "unit": "em",
                                    "top": "",
                                    "right": "",
                                    "bottom": "",
                                    "left": "",
                                    "isLinked": true
                                },
                                "ekit_img_accordion_container_margin": {
                                    "unit": "em",
                                    "top": "0",
                                    "right": "0",
                                    "bottom": "0",
                                    "left": "0",
                                    "isLinked": true
                                },
                                "ekit_img_accordion_container_margin_tablet": {
                                    "unit": "em",
                                    "top": "",
                                    "right": "",
                                    "bottom": "",
                                    "left": "",
                                    "isLinked": true
                                },
                                "ekit_img_accordion_container_margin_mobile": {
                                    "unit": "em",
                                    "top": "",
                                    "right": "",
                                    "bottom": "",
                                    "left": "",
                                    "isLinked": true
                                },
                                "ekit_img_accordion_section_img_accordion_icon_title": {
                                    "unit": "px",
                                    "top": "0",
                                    "right": "0",
                                    "bottom": "0",
                                    "left": "0",
                                    "isLinked": true
                                },
                                "actions_width": {
                                    "unit": "px",
                                    "size": 0,
                                    "sizes": []
                                },
                                "ekit_img_accordion_section_img_accordion_icon_spacing": {
                                    "unit": "px",
                                    "top": "0",
                                    "right": "0",
                                    "bottom": "0",
                                    "left": "0",
                                    "isLinked": false
                                },
                                "actions_border_width": 0,
                                "__globals__": {
                                    "ekit_img_accordion_bg_active_color_color_b": "globals\/colors?id=e7f879b",
                                    "ekit_img_accordion_bg_active_color_color": "globals\/colors?id=c01ff5f"
                                }
                            },
                            "elements": [],
                            "isInner": false,
                            "widgetType": "elementskit-image-accordion",
                            "elType": "widget"
                        }
                    ],
                    "isInner": false,
                    "elType": "column"
                },
                {
                    "id": "26a2434",
                    "settings": {
                        "_column_size": 20,
                        "_inline_size": null,
                        "_inline_size_tablet": 50
                    },
                    "elements": [
                        {
                            "id": "df83615",
                            "settings": {
                                "ekit_img_accordion_items": [
                                    {
                                        "ekit_img_accordion_title": "",
                                        "_id": "25f90d0",
                                        "ekit_img_accordion_bg": {
                                            "url": "http:\/\/kfkit.rometheme.pro\/bsurf\/wp-content\/uploads\/sites\/43\/2022\/12\/active-women-with-surf-board-enjoy-watersport-at-v-HG56E4G.jpg",
                                            "id": 1011,
                                            "alt": "",
                                            "source": "library"
                                        },
                                        "ekit_img_accordion_enable_icon": "yes",
                                        "ekit_img_accordion_title_icons": {
                                            "value": "icon icon-instagram-1",
                                            "library": "ekiticons"
                                        },
                                        "ekit_img_accordion_enable_button": "",
                                        "ekit_img_accordion_button_label": "Read More"
                                    }
                                ],
                                "active_behavior": "hover",
                                "ekit_img_accordion_min_height": {
                                    "unit": "px",
                                    "size": 0,
                                    "sizes": []
                                },
                                "ekit_img_accordion_bg_active_color_background": "gradient",
                                "ekit_img_accordion_container_padding": {
                                    "unit": "em",
                                    "top": "0",
                                    "right": "0",
                                    "bottom": "0",
                                    "left": "0",
                                    "isLinked": false
                                },
                                "ekit_img_accordion_container_padding_tablet": {
                                    "unit": "em",
                                    "top": "",
                                    "right": "",
                                    "bottom": "",
                                    "left": "",
                                    "isLinked": true
                                },
                                "ekit_img_accordion_container_padding_mobile": {
                                    "unit": "em",
                                    "top": "",
                                    "right": "",
                                    "bottom": "",
                                    "left": "",
                                    "isLinked": true
                                },
                                "ekit_img_accordion_container_margin": {
                                    "unit": "em",
                                    "top": "0",
                                    "right": "0",
                                    "bottom": "0",
                                    "left": "0",
                                    "isLinked": true
                                },
                                "ekit_img_accordion_container_margin_tablet": {
                                    "unit": "em",
                                    "top": "",
                                    "right": "",
                                    "bottom": "",
                                    "left": "",
                                    "isLinked": true
                                },
                                "ekit_img_accordion_container_margin_mobile": {
                                    "unit": "em",
                                    "top": "",
                                    "right": "",
                                    "bottom": "",
                                    "left": "",
                                    "isLinked": true
                                },
                                "ekit_img_accordion_section_img_accordion_icon_title": {
                                    "unit": "px",
                                    "top": "0",
                                    "right": "0",
                                    "bottom": "0",
                                    "left": "0",
                                    "isLinked": true
                                },
                                "actions_width": {
                                    "unit": "px",
                                    "size": 0,
                                    "sizes": []
                                },
                                "ekit_img_accordion_section_img_accordion_icon_spacing": {
                                    "unit": "px",
                                    "top": "0",
                                    "right": "0",
                                    "bottom": "0",
                                    "left": "0",
                                    "isLinked": false
                                },
                                "actions_border_width": 0,
                                "__globals__": {
                                    "ekit_img_accordion_bg_active_color_color_b": "globals\/colors?id=e7f879b",
                                    "ekit_img_accordion_bg_active_color_color": "globals\/colors?id=c01ff5f"
                                }
                            },
                            "elements": [],
                            "isInner": false,
                            "widgetType": "elementskit-image-accordion",
                            "elType": "widget"
                        }
                    ],
                    "isInner": false,
                    "elType": "column"
                },
                {
                    "id": "f0b6218",
                    "settings": {
                        "_column_size": 20,
                        "_inline_size": null,
                        "_inline_size_tablet": 50
                    },
                    "elements": [
                        {
                            "id": "39d08e8d",
                            "settings": {
                                "ekit_img_accordion_items": [
                                    {
                                        "ekit_img_accordion_title": "",
                                        "_id": "25f90d0",
                                        "ekit_img_accordion_bg": {
                                            "url": "http:\/\/kfkit.rometheme.pro\/bsurf\/wp-content\/uploads\/sites\/43\/2022\/12\/woman-sitting-on-sup-board-and-enjoying-peace-and-.jpg",
                                            "id": 1010,
                                            "alt": "",
                                            "source": "library"
                                        },
                                        "ekit_img_accordion_enable_icon": "yes",
                                        "ekit_img_accordion_title_icons": {
                                            "value": "icon icon-instagram-1",
                                            "library": "ekiticons"
                                        },
                                        "ekit_img_accordion_enable_button": "",
                                        "ekit_img_accordion_button_label": "Read More"
                                    }
                                ],
                                "active_behavior": "hover",
                                "ekit_img_accordion_min_height": {
                                    "unit": "px",
                                    "size": 0,
                                    "sizes": []
                                },
                                "ekit_img_accordion_bg_active_color_background": "gradient",
                                "ekit_img_accordion_container_padding": {
                                    "unit": "em",
                                    "top": "0",
                                    "right": "0",
                                    "bottom": "0",
                                    "left": "0",
                                    "isLinked": false
                                },
                                "ekit_img_accordion_container_padding_tablet": {
                                    "unit": "em",
                                    "top": "",
                                    "right": "",
                                    "bottom": "",
                                    "left": "",
                                    "isLinked": true
                                },
                                "ekit_img_accordion_container_padding_mobile": {
                                    "unit": "em",
                                    "top": "",
                                    "right": "",
                                    "bottom": "",
                                    "left": "",
                                    "isLinked": true
                                },
                                "ekit_img_accordion_container_margin": {
                                    "unit": "em",
                                    "top": "0",
                                    "right": "0",
                                    "bottom": "0",
                                    "left": "0",
                                    "isLinked": true
                                },
                                "ekit_img_accordion_container_margin_tablet": {
                                    "unit": "em",
                                    "top": "",
                                    "right": "",
                                    "bottom": "",
                                    "left": "",
                                    "isLinked": true
                                },
                                "ekit_img_accordion_container_margin_mobile": {
                                    "unit": "em",
                                    "top": "",
                                    "right": "",
                                    "bottom": "",
                                    "left": "",
                                    "isLinked": true
                                },
                                "ekit_img_accordion_section_img_accordion_icon_title": {
                                    "unit": "px",
                                    "top": "0",
                                    "right": "0",
                                    "bottom": "0",
                                    "left": "0",
                                    "isLinked": true
                                },
                                "actions_width": {
                                    "unit": "px",
                                    "size": 0,
                                    "sizes": []
                                },
                                "ekit_img_accordion_section_img_accordion_icon_spacing": {
                                    "unit": "px",
                                    "top": "0",
                                    "right": "0",
                                    "bottom": "0",
                                    "left": "0",
                                    "isLinked": false
                                },
                                "actions_border_width": 0,
                                "__globals__": {
                                    "ekit_img_accordion_bg_active_color_color_b": "globals\/colors?id=e7f879b",
                                    "ekit_img_accordion_bg_active_color_color": "globals\/colors?id=c01ff5f"
                                }
                            },
                            "elements": [],
                            "isInner": false,
                            "widgetType": "elementskit-image-accordion",
                            "elType": "widget"
                        }
                    ],
                    "isInner": false,
                    "elType": "column"
                }
            ],
            "isInner": false,
            "elType": "section"
        }
    ]
}