{
    "version": "0.4",
    "title": "Contact Form Metform",
    "type": "section",
    "metadata": {
        "template_type": "section-contact",
        "include_in_zip": "1",
        "elementor_pro_required": null,
        "wp_page_template": "elementor_canvas"
    },
    "content": [
        {
            "id": "949a266",
            "settings": {
                "background_background": "classic",
                "background_image": {
                    "url": "http:\/\/kfkit.rometheme.pro\/bsurf\/wp-content\/uploads\/sites\/43\/2023\/01\/surfing-KPNJSDX.jpg",
                    "id": 865,
                    "alt": "",
                    "source": "library"
                },
                "background_position": "center center",
                "background_size": "cover",
                "background_overlay_background": "classic",
                "background_overlay_opacity": {
                    "unit": "px",
                    "size": 0.9,
                    "sizes": []
                },
                "__globals__": {
                    "background_overlay_color": "globals\/colors?id=e7f879b"
                }
            },
            "elements": [
                {
                    "id": "687633f5",
                    "settings": {
                        "_column_size": 100,
                        "_inline_size": null,
                        "padding": {
                            "unit": "em",
                            "top": "5",
                            "right": "4",
                            "bottom": "5",
                            "left": "4",
                            "isLinked": false
                        },
                        "padding_tablet": {
                            "unit": "em",
                            "top": "",
                            "right": "",
                            "bottom": "",
                            "left": "",
                            "isLinked": true
                        },
                        "padding_mobile": {
                            "unit": "em",
                            "top": "2",
                            "right": "1",
                            "bottom": "2",
                            "left": "1",
                            "isLinked": false
                        }
                    },
                    "elements": [
                        {
                            "id": "3b17756",
                            "settings": {
                                "title": "Get in Touch",
                                "header_size": "h4",
                                "align": "center",
                                "__globals__": {
                                    "title_color": "globals\/colors?id=secondary"
                                }
                            },
                            "elements": [],
                            "isInner": false,
                            "widgetType": "heading",
                            "elType": "widget"
                        },
                        {
                            "id": "4199ae31",
                            "settings": {
                                "editor": "<p>Its Free and Always will be.<\/p>",
                                "align": "center",
                                "__globals__": {
                                    "text_color": "globals\/colors?id=secondary"
                                }
                            },
                            "elements": [],
                            "isInner": false,
                            "widgetType": "text-editor",
                            "elType": "widget"
                        },
                        {
                            "id": "577cf532",
                            "settings": {
                                "mf_input_label_status": "",
                                "mf_input_label": "Text",
                                "mf_input_name": "mf-text",
                                "mf_input_placeholder": "Your Name",
                                "mf_input_validation_warning_message": "This field is required.",
                                "mf_input_background_background": "classic",
                                "__globals__": {
                                    "mf_input_color": "globals\/colors?id=primary",
                                    "mf_input_background_color": "globals\/colors?id=secondary",
                                    "mf_input_border_color": "globals\/colors?id=d26f039",
                                    "mf_input_place_holder_typography_typography": "globals\/typography?id=7f61a08"
                                },
                                "mf_input_padding": {
                                    "unit": "px",
                                    "top": "15",
                                    "right": "15",
                                    "bottom": "15",
                                    "left": "15",
                                    "isLinked": true
                                },
                                "mf_input_color": "#1A606E",
                                "mf_input_background_color": "#F8F8F8",
                                "mf_input_border_border": "solid",
                                "mf_input_border_width": {
                                    "unit": "px",
                                    "top": "1",
                                    "right": "1",
                                    "bottom": "1",
                                    "left": "1",
                                    "isLinked": true
                                },
                                "mf_input_border_color": "#9BCFE0"
                            },
                            "elements": [],
                            "isInner": false,
                            "widgetType": "mf-text",
                            "elType": "widget"
                        },
                        {
                            "id": "19f92428",
                            "settings": {
                                "structure": "20",
                                "padding": {
                                    "unit": "px",
                                    "top": "0",
                                    "right": "0",
                                    "bottom": "20",
                                    "left": "0",
                                    "isLinked": false
                                }
                            },
                            "elements": [
                                {
                                    "id": "1918f22d",
                                    "settings": {
                                        "_column_size": 50,
                                        "_inline_size": null,
                                        "padding": {
                                            "unit": "px",
                                            "top": "0",
                                            "right": "10",
                                            "bottom": "0",
                                            "left": "0",
                                            "isLinked": false
                                        },
                                        "padding_mobile": {
                                            "unit": "px",
                                            "top": "0",
                                            "right": "0",
                                            "bottom": "10",
                                            "left": "0",
                                            "isLinked": false
                                        }
                                    },
                                    "elements": [
                                        {
                                            "id": "795a9072",
                                            "settings": {
                                                "mf_input_label_status": "",
                                                "mf_input_label": "Text",
                                                "mf_input_name": "mf-text",
                                                "mf_input_placeholder": "Your Number",
                                                "mf_input_validation_warning_message": "This field is required.",
                                                "mf_input_padding": {
                                                    "unit": "px",
                                                    "top": "15",
                                                    "right": "15",
                                                    "bottom": "15",
                                                    "left": "15",
                                                    "isLinked": true
                                                },
                                                "mf_input_color": "#1A606E",
                                                "mf_input_background_background": "classic",
                                                "mf_input_background_color": "#F8F8F8",
                                                "mf_input_border_border": "solid",
                                                "mf_input_border_width": {
                                                    "unit": "px",
                                                    "top": "1",
                                                    "right": "1",
                                                    "bottom": "1",
                                                    "left": "1",
                                                    "isLinked": true
                                                },
                                                "mf_input_border_color": "#9BCFE0",
                                                "__globals__": {
                                                    "mf_input_color": "globals\/colors?id=primary",
                                                    "mf_input_background_color": "globals\/colors?id=secondary",
                                                    "mf_input_border_color": "globals\/colors?id=d26f039",
                                                    "mf_input_place_holder_typography_typography": "globals\/typography?id=7f61a08"
                                                }
                                            },
                                            "elements": [],
                                            "isInner": false,
                                            "widgetType": "mf-text",
                                            "elType": "widget"
                                        }
                                    ],
                                    "isInner": true,
                                    "elType": "column"
                                },
                                {
                                    "id": "128b49fd",
                                    "settings": {
                                        "_column_size": 50,
                                        "_inline_size": null,
                                        "padding": {
                                            "unit": "px",
                                            "top": "0",
                                            "right": "0",
                                            "bottom": "0",
                                            "left": "10",
                                            "isLinked": false
                                        },
                                        "padding_mobile": {
                                            "unit": "px",
                                            "top": "10",
                                            "right": "0",
                                            "bottom": "0",
                                            "left": "0",
                                            "isLinked": false
                                        }
                                    },
                                    "elements": [
                                        {
                                            "id": "20eb908d",
                                            "settings": {
                                                "mf_input_label_status": "",
                                                "mf_input_label": "Text",
                                                "mf_input_name": "mf-text",
                                                "mf_input_placeholder": "Your Email",
                                                "mf_input_validation_warning_message": "This field is required.",
                                                "mf_input_padding": {
                                                    "unit": "px",
                                                    "top": "15",
                                                    "right": "15",
                                                    "bottom": "15",
                                                    "left": "15",
                                                    "isLinked": true
                                                },
                                                "mf_input_color": "#1A606E",
                                                "mf_input_background_background": "classic",
                                                "mf_input_background_color": "#F8F8F8",
                                                "mf_input_border_border": "solid",
                                                "mf_input_border_width": {
                                                    "unit": "px",
                                                    "top": "1",
                                                    "right": "1",
                                                    "bottom": "1",
                                                    "left": "1",
                                                    "isLinked": true
                                                },
                                                "mf_input_border_color": "#9BCFE0",
                                                "__globals__": {
                                                    "mf_input_color": "globals\/colors?id=primary",
                                                    "mf_input_background_color": "globals\/colors?id=secondary",
                                                    "mf_input_border_color": "globals\/colors?id=d26f039",
                                                    "mf_input_place_holder_typography_typography": "globals\/typography?id=7f61a08"
                                                }
                                            },
                                            "elements": [],
                                            "isInner": false,
                                            "widgetType": "mf-text",
                                            "elType": "widget"
                                        }
                                    ],
                                    "isInner": true,
                                    "elType": "column"
                                }
                            ],
                            "isInner": true,
                            "elType": "section"
                        },
                        {
                            "id": "2126fed6",
                            "settings": {
                                "mf_input_label_status": "",
                                "mf_input_label": "Text",
                                "mf_input_name": "mf-text",
                                "mf_input_placeholder": "Your Subject",
                                "mf_input_validation_warning_message": "This field is required.",
                                "mf_input_background_background": "classic",
                                "__globals__": {
                                    "mf_input_color": "globals\/colors?id=primary",
                                    "mf_input_background_color": "globals\/colors?id=secondary",
                                    "mf_input_border_color": "globals\/colors?id=d26f039",
                                    "mf_input_place_holder_typography_typography": "globals\/typography?id=7f61a08"
                                },
                                "mf_input_padding": {
                                    "unit": "px",
                                    "top": "15",
                                    "right": "15",
                                    "bottom": "15",
                                    "left": "15",
                                    "isLinked": true
                                },
                                "mf_input_color": "#1A606E",
                                "mf_input_background_color": "#F8F8F8",
                                "mf_input_border_border": "solid",
                                "mf_input_border_width": {
                                    "unit": "px",
                                    "top": "1",
                                    "right": "1",
                                    "bottom": "1",
                                    "left": "1",
                                    "isLinked": true
                                },
                                "mf_input_border_color": "#9BCFE0"
                            },
                            "elements": [],
                            "isInner": false,
                            "widgetType": "mf-text",
                            "elType": "widget"
                        },
                        {
                            "id": "634698c2",
                            "settings": {
                                "mf_input_label_status": "",
                                "mf_input_label": "Textarea",
                                "mf_input_name": "mf-textarea",
                                "mf_input_placeholder": "Your Message",
                                "mf_input_validation_warning_message": "This field is required.",
                                "mf_input_padding": {
                                    "unit": "px",
                                    "top": "15",
                                    "right": "15",
                                    "bottom": "15",
                                    "left": "15",
                                    "isLinked": true
                                },
                                "mf_input_color": "#1A606E",
                                "mf_input_background_background": "classic",
                                "mf_input_background_color": "#F8F8F8",
                                "mf_input_border_border": "solid",
                                "mf_input_border_width": {
                                    "unit": "px",
                                    "top": "1",
                                    "right": "1",
                                    "bottom": "1",
                                    "left": "1",
                                    "isLinked": true
                                },
                                "mf_input_border_color": "#9BCFE0",
                                "__globals__": {
                                    "mf_input_color": "globals\/colors?id=primary",
                                    "mf_input_background_color": "globals\/colors?id=secondary",
                                    "mf_input_border_color": "globals\/colors?id=d26f039",
                                    "mf_input_place_holder_typography_typography": "globals\/typography?id=7f61a08"
                                }
                            },
                            "elements": [],
                            "isInner": false,
                            "widgetType": "mf-textarea",
                            "elType": "widget"
                        },
                        {
                            "id": "cce0706",
                            "settings": {
                                "mf_btn_text": "CONTACT US NOW",
                                "mf_btn_align": "justify",
                                "mf_btn_icon": {
                                    "value": "icon icon-arrow-right",
                                    "library": "ekiticons"
                                },
                                "mf_btn_icon_align": "right",
                                "mf_hidden_input": [],
                                "mf_btn_text_padding": {
                                    "unit": "px",
                                    "top": "15",
                                    "right": "25",
                                    "bottom": "15",
                                    "left": "25",
                                    "isLinked": false
                                },
                                "mf_btn_bg_color_background": "classic",
                                "mf_btn_bg_hover_color_background": "classic",
                                "mf_btn_border_style": "solid",
                                "mf_btn_border_dimensions": {
                                    "unit": "px",
                                    "top": "1",
                                    "right": "1",
                                    "bottom": "1",
                                    "left": "1",
                                    "isLinked": true
                                },
                                "mf_btn_border_radius": {
                                    "unit": "px",
                                    "top": "0",
                                    "right": "0",
                                    "bottom": "0",
                                    "left": "0",
                                    "isLinked": true
                                },
                                "mf_btn_box_shadow_group_box_shadow_type": "yes",
                                "mf_btn_box_shadow_group_box_shadow": {
                                    "horizontal": 0,
                                    "vertical": 0,
                                    "blur": 10,
                                    "spread": 0,
                                    "color": "rgba(0, 0, 0, 0)"
                                },
                                "__globals__": {
                                    "mf_btn_typography_typography": "globals\/typography?id=accent",
                                    "mf_btn_text_color": "globals\/colors?id=secondary",
                                    "mf_btn_bg_color_color": "globals\/colors?id=d26f039",
                                    "mf_btn_hover_color": "globals\/colors?id=secondary",
                                    "mf_btn_bg_hover_color_color": "globals\/colors?id=c01ff5f",
                                    "mf_btn_border_color": "globals\/colors?id=c01ff5f",
                                    "mf_btn_hover_border_color": "globals\/colors?id=d26f039"
                                }
                            },
                            "elements": [],
                            "isInner": false,
                            "widgetType": "mf-button",
                            "elType": "widget"
                        }
                    ],
                    "isInner": false,
                    "elType": "column"
                }
            ],
            "isInner": false,
            "elType": "section"
        }
    ]
}