{
    "version": "0.4",
    "title": "Contact Us",
    "type": "page",
    "metadata": {
        "template_type": "single-page",
        "include_in_zip": "1",
        "elementor_pro_required": null,
        "wp_page_template": "elementor_header_footer"
    },
    "content": [
        {
            "id": "aba4d7e",
            "settings": {
                "layout": "full_width",
                "gap": "no",
                "height": "min-height",
                "custom_height": {
                    "unit": "vh",
                    "size": 50,
                    "sizes": []
                },
                "custom_height_tablet": {
                    "unit": "vw",
                    "size": "",
                    "sizes": []
                },
                "custom_height_mobile": {
                    "unit": "vw",
                    "size": "",
                    "sizes": []
                },
                "column_position": "stretch",
                "content_position": "middle",
                "structure": "20",
                "background_background": "classic",
                "background_image": {
                    "url": "http:\/\/kfkit.rometheme.pro\/bsurf\/wp-content\/uploads\/sites\/43\/2022\/12\/professional-surfer-in-wet-t-shirt-riding-waves-on-S3DK3X9.jpg",
                    "id": 17,
                    "alt": "",
                    "source": "library"
                },
                "background_position": "center center",
                "background_size": "cover",
                "padding": {
                    "unit": "em",
                    "top": "",
                    "right": "",
                    "bottom": "",
                    "left": "",
                    "isLinked": true
                },
                "padding_tablet": {
                    "unit": "em",
                    "top": "",
                    "right": "",
                    "bottom": "",
                    "left": "",
                    "isLinked": true
                },
                "padding_mobile": {
                    "unit": "em",
                    "top": "",
                    "right": "",
                    "bottom": "",
                    "left": "",
                    "isLinked": true
                },
                "reverse_order_mobile": "reverse-mobile",
                "_title": "Heading Page Section"
            },
            "elements": [
                {
                    "id": "4e927450",
                    "settings": {
                        "_column_size": 50,
                        "_inline_size": 46,
                        "padding": {
                            "unit": "em",
                            "top": "1",
                            "right": "1",
                            "bottom": "3",
                            "left": "16.5",
                            "isLinked": false
                        },
                        "padding_tablet": {
                            "unit": "em",
                            "top": "1",
                            "right": "1",
                            "bottom": "2",
                            "left": "1",
                            "isLinked": false
                        },
                        "padding_mobile": {
                            "unit": "em",
                            "top": "1",
                            "right": "1",
                            "bottom": "1",
                            "left": "1",
                            "isLinked": false
                        },
                        "content_position": "bottom"
                    },
                    "elements": [
                        {
                            "id": "6a53391c",
                            "settings": {
                                "editor": "<p>Home \/ <a href=\"#\">Contact Us<\/a><\/p>",
                                "__globals__": {
                                    "typography_typography": "globals\/typography?id=14b315f",
                                    "text_color": "globals\/colors?id=secondary"
                                }
                            },
                            "elements": [],
                            "isInner": false,
                            "widgetType": "text-editor",
                            "elType": "widget"
                        }
                    ],
                    "isInner": false,
                    "elType": "column"
                },
                {
                    "id": "37a761f0",
                    "settings": {
                        "_column_size": 50,
                        "_inline_size": 54,
                        "background_background": "classic",
                        "padding": {
                            "unit": "em",
                            "top": "4",
                            "right": "17",
                            "bottom": "1",
                            "left": "4",
                            "isLinked": false
                        },
                        "padding_tablet": {
                            "unit": "em",
                            "top": "1",
                            "right": "1",
                            "bottom": "1",
                            "left": "3",
                            "isLinked": false
                        },
                        "padding_mobile": {
                            "unit": "em",
                            "top": "1",
                            "right": "1",
                            "bottom": "1",
                            "left": "1",
                            "isLinked": true
                        },
                        "__globals__": {
                            "background_color": "globals\/colors?id=4310afa"
                        },
                        "content_position_mobile": "bottom"
                    },
                    "elements": [
                        {
                            "id": "defe0d4",
                            "settings": {
                                "title": "Contact Us"
                            },
                            "elements": [],
                            "isInner": false,
                            "widgetType": "heading",
                            "elType": "widget"
                        }
                    ],
                    "isInner": false,
                    "elType": "column"
                }
            ],
            "isInner": false,
            "elType": "section"
        },
        {
            "id": "48159ac2",
            "settings": {
                "structure": "20",
                "padding": {
                    "unit": "em",
                    "top": "0",
                    "right": "1",
                    "bottom": "6",
                    "left": "1",
                    "isLinked": false
                },
                "padding_tablet": {
                    "unit": "em",
                    "top": "",
                    "right": "",
                    "bottom": "",
                    "left": "",
                    "isLinked": true
                },
                "padding_mobile": {
                    "unit": "em",
                    "top": "",
                    "right": "",
                    "bottom": "",
                    "left": "",
                    "isLinked": true
                },
                "_title": "Contact Us Section"
            },
            "elements": [
                {
                    "id": "e774e94",
                    "settings": {
                        "_column_size": 50,
                        "_inline_size": 44.4,
                        "_inline_size_tablet": 100,
                        "padding": {
                            "unit": "px",
                            "top": "0",
                            "right": "0",
                            "bottom": "0",
                            "left": "0",
                            "isLinked": false
                        }
                    },
                    "elements": [
                        {
                            "id": "56752358",
                            "settings": {
                                "mf_form_id": "2301***1673938639204"
                            },
                            "elements": [],
                            "isInner": false,
                            "widgetType": "metform",
                            "elType": "widget"
                        }
                    ],
                    "isInner": false,
                    "elType": "column"
                },
                {
                    "id": "52f033ad",
                    "settings": {
                        "_column_size": 50,
                        "_inline_size": 55.6,
                        "_inline_size_tablet": 100,
                        "content_position": "center",
                        "padding": {
                            "unit": "em",
                            "top": "1",
                            "right": "1",
                            "bottom": "1",
                            "left": "5",
                            "isLinked": false
                        },
                        "padding_tablet": {
                            "unit": "em",
                            "top": "3",
                            "right": "1",
                            "bottom": "1",
                            "left": "1",
                            "isLinked": false
                        },
                        "padding_mobile": {
                            "unit": "em",
                            "top": "",
                            "right": "",
                            "bottom": "",
                            "left": "",
                            "isLinked": true
                        }
                    },
                    "elements": [
                        {
                            "id": "35ecebb9",
                            "settings": {
                                "structure": "20",
                                "padding": {
                                    "unit": "em",
                                    "top": "0",
                                    "right": "0",
                                    "bottom": "2",
                                    "left": "0",
                                    "isLinked": false
                                },
                                "padding_tablet": {
                                    "unit": "em",
                                    "top": "",
                                    "right": "",
                                    "bottom": "",
                                    "left": "",
                                    "isLinked": true
                                },
                                "padding_mobile": {
                                    "unit": "em",
                                    "top": "",
                                    "right": "",
                                    "bottom": "",
                                    "left": "",
                                    "isLinked": true
                                }
                            },
                            "elements": [
                                {
                                    "id": "45d14bf9",
                                    "settings": {
                                        "_column_size": 50,
                                        "_inline_size": 23,
                                        "padding": {
                                            "unit": "px",
                                            "top": "0",
                                            "right": "0",
                                            "bottom": "0",
                                            "left": "0",
                                            "isLinked": false
                                        },
                                        "padding_mobile": {
                                            "unit": "em",
                                            "top": "0",
                                            "right": "0",
                                            "bottom": "1",
                                            "left": "2.4",
                                            "isLinked": false
                                        }
                                    },
                                    "elements": [
                                        {
                                            "id": "7e855eed",
                                            "settings": {
                                                "title": "CONTACT US",
                                                "align": "left",
                                                "__globals__": {
                                                    "title_color": "globals\/colors?id=e7f879b",
                                                    "typography_typography": "globals\/typography?id=417736c"
                                                }
                                            },
                                            "elements": [],
                                            "isInner": false,
                                            "widgetType": "heading",
                                            "elType": "widget"
                                        }
                                    ],
                                    "isInner": true,
                                    "elType": "column"
                                },
                                {
                                    "id": "9f667a7",
                                    "settings": {
                                        "_column_size": 50,
                                        "_inline_size": 77,
                                        "padding": {
                                            "unit": "px",
                                            "top": "1",
                                            "right": "1",
                                            "bottom": "1",
                                            "left": "1",
                                            "isLinked": true
                                        }
                                    },
                                    "elements": [
                                        {
                                            "id": "48d3b11b",
                                            "settings": {
                                                "title": "Contact Information",
                                                "header_size": "h3",
                                                "align": "left",
                                                "__globals__": {
                                                    "title_color": "",
                                                    "_border_color": "globals\/colors?id=e7f879b",
                                                    "typography_typography": ""
                                                },
                                                "_padding": {
                                                    "unit": "em",
                                                    "top": "0",
                                                    "right": "0",
                                                    "bottom": "0",
                                                    "left": "2",
                                                    "isLinked": false
                                                },
                                                "_padding_tablet": {
                                                    "unit": "em",
                                                    "top": "",
                                                    "right": "",
                                                    "bottom": "",
                                                    "left": "",
                                                    "isLinked": true
                                                },
                                                "_padding_mobile": {
                                                    "unit": "em",
                                                    "top": "",
                                                    "right": "",
                                                    "bottom": "",
                                                    "left": "",
                                                    "isLinked": true
                                                },
                                                "_border_border": "solid",
                                                "_border_width": {
                                                    "unit": "px",
                                                    "top": "0",
                                                    "right": "0",
                                                    "bottom": "0",
                                                    "left": "2",
                                                    "isLinked": false
                                                },
                                                "typography_font_family": "Josefin Sans",
                                                "typography_font_size": {
                                                    "unit": "rem",
                                                    "size": 3,
                                                    "sizes": []
                                                },
                                                "typography_font_size_tablet": {
                                                    "unit": "rem",
                                                    "size": "",
                                                    "sizes": []
                                                },
                                                "typography_font_size_mobile": {
                                                    "unit": "rem",
                                                    "size": "",
                                                    "sizes": []
                                                },
                                                "typography_font_weight": "700",
                                                "typography_line_height": {
                                                    "unit": "em",
                                                    "size": 1.1,
                                                    "sizes": []
                                                },
                                                "typography_letter_spacing": {
                                                    "unit": "em",
                                                    "size": "",
                                                    "sizes": []
                                                },
                                                "typography_letter_spacing_tablet": {
                                                    "unit": "em",
                                                    "size": "",
                                                    "sizes": []
                                                },
                                                "typography_letter_spacing_mobile": {
                                                    "unit": "em",
                                                    "size": "",
                                                    "sizes": []
                                                },
                                                "typography_word_spacing": {
                                                    "unit": "em",
                                                    "size": "",
                                                    "sizes": []
                                                },
                                                "_border_color": "#00A7C7"
                                            },
                                            "elements": [],
                                            "isInner": false,
                                            "widgetType": "heading",
                                            "elType": "widget"
                                        }
                                    ],
                                    "isInner": true,
                                    "elType": "column"
                                }
                            ],
                            "isInner": true,
                            "elType": "section"
                        },
                        {
                            "id": "1adaf93b",
                            "settings": {
                                "editor": "<p>Lorem ipsum dolor sit amet, consectetur adipiscing elit. Nam eleifend, enim tempus vulputate porta, ipsum urna porta diam, sit amet condimentum nisi justo non tortor. Quisque quis gravida tortor. In at consectetur ex, vitae vulputate nunc.<\/p><p>Curabitur bibendum sodales sagittis. Morbi sed nisl vitae justo ullamcorper suscipit. Vivamus commodo dictum orci, ut lacinia justo viverra in. Cras vehicula sed lectus ut vulputate.<\/p>",
                                "typography_font_family": "Nunito Sans",
                                "typography_font_size": {
                                    "unit": "rem",
                                    "size": 1,
                                    "sizes": []
                                },
                                "typography_font_size_tablet": {
                                    "unit": "rem",
                                    "size": "",
                                    "sizes": []
                                },
                                "typography_font_size_mobile": {
                                    "unit": "rem",
                                    "size": "",
                                    "sizes": []
                                },
                                "typography_font_weight": "400",
                                "typography_line_height": {
                                    "unit": "em",
                                    "size": 1.6,
                                    "sizes": []
                                },
                                "_margin": {
                                    "unit": "px",
                                    "top": "0",
                                    "right": "0",
                                    "bottom": "0",
                                    "left": "0",
                                    "isLinked": false
                                },
                                "_padding": {
                                    "unit": "em",
                                    "top": "0",
                                    "right": "0",
                                    "bottom": "0",
                                    "left": "11.8",
                                    "isLinked": false
                                },
                                "_padding_tablet": {
                                    "unit": "em",
                                    "top": "0",
                                    "right": "0",
                                    "bottom": "0",
                                    "left": "13.5",
                                    "isLinked": false
                                },
                                "_padding_mobile": {
                                    "unit": "em",
                                    "top": "0",
                                    "right": "0",
                                    "bottom": "0",
                                    "left": "2.4",
                                    "isLinked": false
                                },
                                "__globals__": {
                                    "text_color": ""
                                }
                            },
                            "elements": [],
                            "isInner": false,
                            "widgetType": "text-editor",
                            "elType": "widget"
                        },
                        {
                            "id": "64dc6539",
                            "settings": {
                                "selected_icon": {
                                    "value": "icon icon-phone-call1",
                                    "library": "ekiticons"
                                },
                                "view": "stacked",
                                "title_text": "1 (123) 234 1234",
                                "description_text": "",
                                "position": "left",
                                "position_mobile": "left",
                                "title_size": "h6",
                                "primary_color": "#00A7C7",
                                "hover_primary_color": "#9BCFE0",
                                "hover_secondary_color": "#F8F8F8",
                                "icon_space": {
                                    "unit": "px",
                                    "size": 12,
                                    "sizes": []
                                },
                                "icon_size": {
                                    "unit": "px",
                                    "size": 20,
                                    "sizes": []
                                },
                                "title_bottom_space": {
                                    "unit": "px",
                                    "size": 0,
                                    "sizes": []
                                },
                                "title_color": "#7A7A7A",
                                "title_typography_typography": "custom",
                                "title_typography_font_family": "Josefin Sans",
                                "title_typography_font_size": {
                                    "unit": "rem",
                                    "size": 1.3,
                                    "sizes": []
                                },
                                "title_typography_font_size_tablet": {
                                    "unit": "rem",
                                    "size": 1.2,
                                    "sizes": []
                                },
                                "title_typography_font_size_mobile": {
                                    "unit": "rem",
                                    "size": 1.1,
                                    "sizes": []
                                },
                                "title_typography_font_weight": "600",
                                "title_typography_line_height": {
                                    "unit": "em",
                                    "size": "",
                                    "sizes": []
                                },
                                "title_typography_word_spacing": {
                                    "unit": "em",
                                    "size": "",
                                    "sizes": []
                                },
                                "_padding": {
                                    "unit": "em",
                                    "top": "0",
                                    "right": "0",
                                    "bottom": "0",
                                    "left": "11.7",
                                    "isLinked": false
                                },
                                "_padding_tablet": {
                                    "unit": "em",
                                    "top": "0",
                                    "right": "0",
                                    "bottom": "0",
                                    "left": "13.5",
                                    "isLinked": false
                                },
                                "_padding_mobile": {
                                    "unit": "em",
                                    "top": "0",
                                    "right": "0",
                                    "bottom": "0",
                                    "left": "2.4",
                                    "isLinked": false
                                },
                                "__globals__": {
                                    "primary_color": "globals\/colors?id=e7f879b",
                                    "title_color": "globals\/colors?id=primary",
                                    "hover_primary_color": "globals\/colors?id=d26f039",
                                    "hover_secondary_color": "globals\/colors?id=secondary",
                                    "title_typography_typography": "globals\/typography?id=14b315f",
                                    "description_color": ""
                                }
                            },
                            "elements": [],
                            "isInner": false,
                            "widgetType": "icon-box",
                            "elType": "widget"
                        },
                        {
                            "id": "1d10c8d2",
                            "settings": {
                                "selected_icon": {
                                    "value": "far fa-envelope-open",
                                    "library": "fa-regular"
                                },
                                "view": "stacked",
                                "title_text": "hello@awesomesite.com",
                                "description_text": "",
                                "position": "left",
                                "position_mobile": "left",
                                "title_size": "h6",
                                "primary_color": "#00A7C7",
                                "hover_primary_color": "#9BCFE0",
                                "hover_secondary_color": "#F8F8F8",
                                "icon_space": {
                                    "unit": "px",
                                    "size": 12,
                                    "sizes": []
                                },
                                "icon_size": {
                                    "unit": "px",
                                    "size": 20,
                                    "sizes": []
                                },
                                "title_bottom_space": {
                                    "unit": "px",
                                    "size": 0,
                                    "sizes": []
                                },
                                "title_color": "#7A7A7A",
                                "title_typography_typography": "custom",
                                "title_typography_font_family": "Josefin Sans",
                                "title_typography_font_size": {
                                    "unit": "rem",
                                    "size": 1.3,
                                    "sizes": []
                                },
                                "title_typography_font_size_tablet": {
                                    "unit": "rem",
                                    "size": 1.2,
                                    "sizes": []
                                },
                                "title_typography_font_size_mobile": {
                                    "unit": "rem",
                                    "size": 1.1,
                                    "sizes": []
                                },
                                "title_typography_font_weight": "600",
                                "title_typography_line_height": {
                                    "unit": "em",
                                    "size": "",
                                    "sizes": []
                                },
                                "title_typography_word_spacing": {
                                    "unit": "em",
                                    "size": "",
                                    "sizes": []
                                },
                                "_padding": {
                                    "unit": "em",
                                    "top": "0",
                                    "right": "0",
                                    "bottom": "0",
                                    "left": "11.7",
                                    "isLinked": false
                                },
                                "_padding_tablet": {
                                    "unit": "em",
                                    "top": "0",
                                    "right": "0",
                                    "bottom": "0",
                                    "left": "13.5",
                                    "isLinked": false
                                },
                                "_padding_mobile": {
                                    "unit": "em",
                                    "top": "0",
                                    "right": "0",
                                    "bottom": "0",
                                    "left": "2.4",
                                    "isLinked": false
                                },
                                "__globals__": {
                                    "primary_color": "globals\/colors?id=e7f879b",
                                    "title_color": "globals\/colors?id=primary",
                                    "hover_primary_color": "globals\/colors?id=d26f039",
                                    "hover_secondary_color": "globals\/colors?id=secondary",
                                    "title_typography_typography": "globals\/typography?id=14b315f",
                                    "description_color": ""
                                }
                            },
                            "elements": [],
                            "isInner": false,
                            "widgetType": "icon-box",
                            "elType": "widget"
                        },
                        {
                            "id": "35d25ebb",
                            "settings": {
                                "selected_icon": {
                                    "value": "fas fa-map-marker-alt",
                                    "library": "fa-solid"
                                },
                                "view": "stacked",
                                "title_text": "Pekanbaru, Indonesia, 99 Roving St., Big City, PKU 23456",
                                "description_text": "",
                                "position": "left",
                                "position_mobile": "",
                                "title_size": "h6",
                                "primary_color": "#00A7C7",
                                "hover_primary_color": "#9BCFE0",
                                "hover_secondary_color": "#F8F8F8",
                                "icon_space": {
                                    "unit": "px",
                                    "size": 12,
                                    "sizes": []
                                },
                                "icon_size": {
                                    "unit": "px",
                                    "size": 20,
                                    "sizes": []
                                },
                                "title_bottom_space": {
                                    "unit": "px",
                                    "size": 0,
                                    "sizes": []
                                },
                                "title_color": "#7A7A7A",
                                "title_typography_typography": "custom",
                                "title_typography_font_family": "Josefin Sans",
                                "title_typography_font_size": {
                                    "unit": "rem",
                                    "size": 1.3,
                                    "sizes": []
                                },
                                "title_typography_font_size_tablet": {
                                    "unit": "rem",
                                    "size": 1.2,
                                    "sizes": []
                                },
                                "title_typography_font_size_mobile": {
                                    "unit": "rem",
                                    "size": 1.1,
                                    "sizes": []
                                },
                                "title_typography_font_weight": "600",
                                "title_typography_line_height": {
                                    "unit": "em",
                                    "size": "",
                                    "sizes": []
                                },
                                "title_typography_word_spacing": {
                                    "unit": "em",
                                    "size": "",
                                    "sizes": []
                                },
                                "_padding": {
                                    "unit": "em",
                                    "top": "0",
                                    "right": "0",
                                    "bottom": "0",
                                    "left": "11.7",
                                    "isLinked": false
                                },
                                "_padding_tablet": {
                                    "unit": "em",
                                    "top": "0",
                                    "right": "0",
                                    "bottom": "0",
                                    "left": "13.5",
                                    "isLinked": false
                                },
                                "_padding_mobile": {
                                    "unit": "em",
                                    "top": "0",
                                    "right": "0",
                                    "bottom": "0",
                                    "left": "2.4",
                                    "isLinked": false
                                },
                                "__globals__": {
                                    "primary_color": "globals\/colors?id=e7f879b",
                                    "title_color": "globals\/colors?id=primary",
                                    "hover_primary_color": "globals\/colors?id=d26f039",
                                    "hover_secondary_color": "globals\/colors?id=secondary",
                                    "title_typography_typography": "globals\/typography?id=14b315f",
                                    "description_color": ""
                                }
                            },
                            "elements": [],
                            "isInner": false,
                            "widgetType": "icon-box",
                            "elType": "widget"
                        }
                    ],
                    "isInner": false,
                    "elType": "column"
                }
            ],
            "isInner": false,
            "elType": "section"
        },
        {
            "id": "21b5faff",
            "settings": {
                "_title": "Map Section"
            },
            "elements": [
                {
                    "id": "27f2f073",
                    "settings": {
                        "_column_size": 100,
                        "_inline_size": null,
                        "padding": {
                            "unit": "px",
                            "top": "0",
                            "right": "0",
                            "bottom": "0",
                            "left": "0",
                            "isLinked": false
                        },
                        "padding_tablet": {
                            "unit": "em",
                            "top": "0",
                            "right": "1",
                            "bottom": "0",
                            "left": "1",
                            "isLinked": false
                        },
                        "padding_mobile": {
                            "unit": "em",
                            "top": "",
                            "right": "",
                            "bottom": "",
                            "left": "",
                            "isLinked": true
                        }
                    },
                    "elements": [
                        {
                            "id": "32fb09ad",
                            "settings": {
                                "address": "London Eye, London, United Kingdom",
                                "zoom": {
                                    "unit": "px",
                                    "size": 13,
                                    "sizes": []
                                },
                                "height": {
                                    "unit": "px",
                                    "size": 400,
                                    "sizes": []
                                },
                                "css_filters_css_filter": "custom",
                                "css_filters_saturate": {
                                    "unit": "px",
                                    "size": 0,
                                    "sizes": []
                                }
                            },
                            "elements": [],
                            "isInner": false,
                            "widgetType": "google_maps",
                            "elType": "widget"
                        }
                    ],
                    "isInner": false,
                    "elType": "column"
                }
            ],
            "isInner": false,
            "elType": "section"
        },
        {
            "id": "71925531",
            "settings": {
                "structure": "20",
                "padding": {
                    "unit": "em",
                    "top": "6",
                    "right": "1",
                    "bottom": "6",
                    "left": "1",
                    "isLinked": false
                },
                "padding_tablet": {
                    "unit": "em",
                    "top": "",
                    "right": "",
                    "bottom": "",
                    "left": "",
                    "isLinked": true
                },
                "padding_mobile": {
                    "unit": "em",
                    "top": "",
                    "right": "",
                    "bottom": "",
                    "left": "",
                    "isLinked": true
                },
                "_title": "FAQs Section"
            },
            "elements": [
                {
                    "id": "5a4116d9",
                    "settings": {
                        "_column_size": 50,
                        "_inline_size": null,
                        "_inline_size_tablet": 100,
                        "padding": {
                            "unit": "em",
                            "top": "1",
                            "right": "1",
                            "bottom": "1",
                            "left": "1",
                            "isLinked": true
                        },
                        "padding_tablet": {
                            "unit": "em",
                            "top": "",
                            "right": "",
                            "bottom": "",
                            "left": "",
                            "isLinked": true
                        },
                        "padding_mobile": {
                            "unit": "em",
                            "top": "",
                            "right": "",
                            "bottom": "",
                            "left": "",
                            "isLinked": true
                        }
                    },
                    "elements": [
                        {
                            "id": "4ad39418",
                            "settings": {
                                "structure": "20",
                                "padding": {
                                    "unit": "em",
                                    "top": "0",
                                    "right": "0",
                                    "bottom": "2",
                                    "left": "0",
                                    "isLinked": false
                                },
                                "padding_tablet": {
                                    "unit": "em",
                                    "top": "",
                                    "right": "",
                                    "bottom": "",
                                    "left": "",
                                    "isLinked": true
                                },
                                "padding_mobile": {
                                    "unit": "em",
                                    "top": "",
                                    "right": "",
                                    "bottom": "",
                                    "left": "",
                                    "isLinked": true
                                }
                            },
                            "elements": [
                                {
                                    "id": "18f8b9f9",
                                    "settings": {
                                        "_column_size": 50,
                                        "_inline_size": 21,
                                        "padding": {
                                            "unit": "px",
                                            "top": "0",
                                            "right": "0",
                                            "bottom": "0",
                                            "left": "0",
                                            "isLinked": false
                                        },
                                        "padding_mobile": {
                                            "unit": "em",
                                            "top": "0",
                                            "right": "0",
                                            "bottom": "1",
                                            "left": "2.4",
                                            "isLinked": false
                                        },
                                        "_inline_size_tablet": 16
                                    },
                                    "elements": [
                                        {
                                            "id": "5d92e66",
                                            "settings": {
                                                "title": "HELP CENTER",
                                                "align": "left",
                                                "__globals__": {
                                                    "title_color": "globals\/colors?id=e7f879b",
                                                    "typography_typography": "globals\/typography?id=417736c"
                                                }
                                            },
                                            "elements": [],
                                            "isInner": false,
                                            "widgetType": "heading",
                                            "elType": "widget"
                                        }
                                    ],
                                    "isInner": true,
                                    "elType": "column"
                                },
                                {
                                    "id": "2db6aeb1",
                                    "settings": {
                                        "_column_size": 50,
                                        "_inline_size": 79,
                                        "padding": {
                                            "unit": "px",
                                            "top": "0",
                                            "right": "0",
                                            "bottom": "0",
                                            "left": "0",
                                            "isLinked": false
                                        },
                                        "_inline_size_tablet": 84,
                                        "padding_tablet": {
                                            "unit": "em",
                                            "top": "0",
                                            "right": "3",
                                            "bottom": "0",
                                            "left": "0",
                                            "isLinked": false
                                        },
                                        "padding_mobile": {
                                            "unit": "em",
                                            "top": "",
                                            "right": "",
                                            "bottom": "",
                                            "left": "",
                                            "isLinked": true
                                        }
                                    },
                                    "elements": [
                                        {
                                            "id": "6dabda81",
                                            "settings": {
                                                "title": "Frequently Asked Question",
                                                "header_size": "h3",
                                                "align": "left",
                                                "__globals__": {
                                                    "title_color": "",
                                                    "_border_color": "globals\/colors?id=e7f879b",
                                                    "typography_typography": ""
                                                },
                                                "_padding": {
                                                    "unit": "em",
                                                    "top": "0",
                                                    "right": "0",
                                                    "bottom": "0",
                                                    "left": "2",
                                                    "isLinked": false
                                                },
                                                "_padding_tablet": {
                                                    "unit": "em",
                                                    "top": "",
                                                    "right": "",
                                                    "bottom": "",
                                                    "left": "",
                                                    "isLinked": true
                                                },
                                                "_padding_mobile": {
                                                    "unit": "em",
                                                    "top": "",
                                                    "right": "",
                                                    "bottom": "",
                                                    "left": "",
                                                    "isLinked": true
                                                },
                                                "_border_border": "solid",
                                                "_border_width": {
                                                    "unit": "px",
                                                    "top": "0",
                                                    "right": "0",
                                                    "bottom": "0",
                                                    "left": "2",
                                                    "isLinked": false
                                                },
                                                "typography_font_family": "Josefin Sans",
                                                "typography_font_size": {
                                                    "unit": "rem",
                                                    "size": 3,
                                                    "sizes": []
                                                },
                                                "typography_font_size_tablet": {
                                                    "unit": "rem",
                                                    "size": "",
                                                    "sizes": []
                                                },
                                                "typography_font_size_mobile": {
                                                    "unit": "rem",
                                                    "size": "",
                                                    "sizes": []
                                                },
                                                "typography_font_weight": "700",
                                                "typography_line_height": {
                                                    "unit": "em",
                                                    "size": 1.1,
                                                    "sizes": []
                                                },
                                                "typography_letter_spacing": {
                                                    "unit": "em",
                                                    "size": "",
                                                    "sizes": []
                                                },
                                                "typography_letter_spacing_tablet": {
                                                    "unit": "em",
                                                    "size": "",
                                                    "sizes": []
                                                },
                                                "typography_letter_spacing_mobile": {
                                                    "unit": "em",
                                                    "size": "",
                                                    "sizes": []
                                                },
                                                "typography_word_spacing": {
                                                    "unit": "em",
                                                    "size": "",
                                                    "sizes": []
                                                },
                                                "_border_color": "#00A7C7"
                                            },
                                            "elements": [],
                                            "isInner": false,
                                            "widgetType": "heading",
                                            "elType": "widget"
                                        }
                                    ],
                                    "isInner": true,
                                    "elType": "column"
                                }
                            ],
                            "isInner": true,
                            "elType": "section"
                        },
                        {
                            "id": "7d1aa5a6",
                            "settings": {
                                "editor": "<p>Lorem ipsum dolor sit amet, consectetur adipiscing elit. Nam eleifend, enim tempus vulputate porta, ipsum urna porta diam, sit amet condimentum nisi justo non tortor. Quisque quis gravida tortor. In at consectetur ex, vitae vulputate nunc.<\/p>",
                                "typography_font_family": "Nunito Sans",
                                "typography_font_size": {
                                    "unit": "rem",
                                    "size": 1,
                                    "sizes": []
                                },
                                "typography_font_size_tablet": {
                                    "unit": "rem",
                                    "size": "",
                                    "sizes": []
                                },
                                "typography_font_size_mobile": {
                                    "unit": "rem",
                                    "size": "",
                                    "sizes": []
                                },
                                "typography_font_weight": "400",
                                "typography_line_height": {
                                    "unit": "em",
                                    "size": 1.6,
                                    "sizes": []
                                },
                                "_margin": {
                                    "unit": "px",
                                    "top": "0",
                                    "right": "0",
                                    "bottom": "0",
                                    "left": "0",
                                    "isLinked": false
                                },
                                "_padding": {
                                    "unit": "em",
                                    "top": "0",
                                    "right": "0",
                                    "bottom": "0",
                                    "left": "10.8",
                                    "isLinked": false
                                },
                                "_padding_tablet": {
                                    "unit": "em",
                                    "top": "0",
                                    "right": "0",
                                    "bottom": "0",
                                    "left": "10",
                                    "isLinked": false
                                },
                                "_padding_mobile": {
                                    "unit": "em",
                                    "top": "0",
                                    "right": "0",
                                    "bottom": "0",
                                    "left": "2.4",
                                    "isLinked": false
                                },
                                "__globals__": {
                                    "text_color": ""
                                }
                            },
                            "elements": [],
                            "isInner": false,
                            "widgetType": "text-editor",
                            "elType": "widget"
                        }
                    ],
                    "isInner": false,
                    "elType": "column"
                },
                {
                    "id": "7d2cb3ba",
                    "settings": {
                        "_column_size": 50,
                        "_inline_size": null,
                        "_inline_size_tablet": 100,
                        "padding": {
                            "unit": "em",
                            "top": "1",
                            "right": "1",
                            "bottom": "1",
                            "left": "5",
                            "isLinked": false
                        },
                        "padding_tablet": {
                            "unit": "em",
                            "top": "0",
                            "right": "0",
                            "bottom": "0",
                            "left": "0",
                            "isLinked": false
                        },
                        "padding_mobile": {
                            "unit": "em",
                            "top": "",
                            "right": "",
                            "bottom": "",
                            "left": "",
                            "isLinked": true
                        }
                    },
                    "elements": [
                        {
                            "id": "324fda92",
                            "settings": {
                                "ekit_accordion_items": [
                                    {
                                        "acc_title": "Pellentesque viverra placerat?",
                                        "acc_content": "<p>Lorem ipsum dolor sit amet, consectetur adipiscing elit. Duis congue turpis in purus lacinia, a tempus nisl ullamcorper. Vivamus cursus eu nulla eget luctus. Donec tempor sapien ac scelerisque fermentum.<\/p>",
                                        "ekit_acc_is_active": "yes",
                                        "_id": "d757821"
                                    },
                                    {
                                        "_id": "9ffd92b",
                                        "acc_title": "Proin tortor ex ultrices?",
                                        "acc_content": "<p>Lorem ipsum dolor sit amet, consectetur adipiscing elit. Duis congue turpis in purus lacinia, a tempus nisl ullamcorper. Vivamus cursus eu nulla eget luctus. Donec tempor sapien ac scelerisque fermentum.<\/p>"
                                    },
                                    {
                                        "acc_title": "Etiam bibendum ut eros id?",
                                        "acc_content": "<p>Lorem ipsum dolor sit amet, consectetur adipiscing elit. Duis congue turpis in purus lacinia, a tempus nisl ullamcorper. Vivamus cursus eu nulla eget luctus. Donec tempor sapien ac scelerisque fermentum.<\/p>",
                                        "_id": "333db95"
                                    },
                                    {
                                        "acc_title": "Aenean tellus libero aliquet sed faucibus sed?",
                                        "acc_content": "<p>Lorem ipsum dolor sit amet, consectetur adipiscing elit. Duis congue turpis in purus lacinia, a tempus nisl ullamcorper. Vivamus cursus eu nulla eget luctus. Donec tempor sapien ac scelerisque fermentum.<\/p>",
                                        "_id": "4a9af42"
                                    },
                                    {
                                        "acc_title": "Integer id justo in erat maximus?",
                                        "acc_content": "<p>Lorem ipsum dolor sit amet, consectetur adipiscing elit. Duis congue turpis in purus lacinia, a tempus nisl ullamcorper. Vivamus cursus eu nulla eget luctus. Donec tempor sapien ac scelerisque fermentum.<\/p>",
                                        "_id": "07c2d87"
                                    }
                                ],
                                "ekit_accordion_right_icon_actives": {
                                    "value": "icon icon-up-arrow1",
                                    "library": "ekiticons"
                                },
                                "ekit_accordion_background_background": "classic",
                                "ekit_accordion_background_close_background": "classic",
                                "ekit_accordion_title_border_close_border": "solid",
                                "ekit_accordion_title_border_close_width": {
                                    "unit": "px",
                                    "top": "0",
                                    "right": "0",
                                    "bottom": "1",
                                    "left": "0",
                                    "isLinked": false
                                },
                                "ekit_accordion_title_padding": {
                                    "unit": "px",
                                    "top": "15",
                                    "right": "15",
                                    "bottom": "15",
                                    "left": "15",
                                    "isLinked": true
                                },
                                "ekit_accordion_content_padding": {
                                    "unit": "px",
                                    "top": "15",
                                    "right": "15",
                                    "bottom": "15",
                                    "left": "15",
                                    "isLinked": true
                                },
                                "ekit_accordion_icon_typography_close": {
                                    "unit": "px",
                                    "size": 13,
                                    "sizes": []
                                },
                                "ekit_accordion_icon_typography": {
                                    "unit": "px",
                                    "size": 13,
                                    "sizes": []
                                },
                                "_padding": {
                                    "unit": "em",
                                    "top": "0",
                                    "right": "0",
                                    "bottom": "0",
                                    "left": "0",
                                    "isLinked": true
                                },
                                "_padding_tablet": {
                                    "unit": "em",
                                    "top": "0",
                                    "right": "0",
                                    "bottom": "0",
                                    "left": "11",
                                    "isLinked": false
                                },
                                "_padding_mobile": {
                                    "unit": "em",
                                    "top": "0",
                                    "right": "0",
                                    "bottom": "0",
                                    "left": "3.4",
                                    "isLinked": false
                                },
                                "__globals__": {
                                    "ekit_accordion_title_color": "globals\/colors?id=secondary",
                                    "ekit_accordion_background_color": "globals\/colors?id=e7f879b",
                                    "ekit_accordion_title_border_close_color": "globals\/colors?id=e7f879b",
                                    "ekit_accordion_background_close_color": "globals\/colors?id=c01ff5f",
                                    "ekit_accordion_title_typography_typography": "globals\/typography?id=14b315f",
                                    "ekit_accordion_title_color_close": "globals\/colors?id=primary"
                                }
                            },
                            "elements": [],
                            "isInner": false,
                            "widgetType": "elementskit-accordion",
                            "elType": "widget"
                        }
                    ],
                    "isInner": false,
                    "elType": "column"
                }
            ],
            "isInner": false,
            "elType": "section"
        }
    ]
}