{
    "version": "0.4",
    "title": "FAQs",
    "type": "page",
    "metadata": {
        "template_type": "single-page",
        "include_in_zip": "1",
        "elementor_pro_required": null,
        "wp_page_template": "elementor_header_footer"
    },
    "content": [
        {
            "id": "c7243fa",
            "settings": {
                "layout": "full_width",
                "gap": "no",
                "height": "min-height",
                "custom_height": {
                    "unit": "vh",
                    "size": 50,
                    "sizes": []
                },
                "custom_height_tablet": {
                    "unit": "vw",
                    "size": "",
                    "sizes": []
                },
                "custom_height_mobile": {
                    "unit": "vw",
                    "size": "",
                    "sizes": []
                },
                "column_position": "stretch",
                "content_position": "middle",
                "structure": "20",
                "background_background": "classic",
                "background_image": {
                    "url": "http:\/\/kfkit.rometheme.pro\/bsurf\/wp-content\/uploads\/sites\/43\/2023\/01\/professional-surfer-in-wet-t-shirt-riding-waves-on-S3DK3X9.jpg",
                    "id": 2675,
                    "alt": "",
                    "source": "library"
                },
                "background_position": "center center",
                "background_size": "cover",
                "padding": {
                    "unit": "em",
                    "top": "",
                    "right": "",
                    "bottom": "",
                    "left": "",
                    "isLinked": true
                },
                "padding_tablet": {
                    "unit": "em",
                    "top": "",
                    "right": "",
                    "bottom": "",
                    "left": "",
                    "isLinked": true
                },
                "padding_mobile": {
                    "unit": "em",
                    "top": "",
                    "right": "",
                    "bottom": "",
                    "left": "",
                    "isLinked": true
                },
                "reverse_order_mobile": "reverse-mobile",
                "_title": "Heading Page Section"
            },
            "elements": [
                {
                    "id": "1c444d7d",
                    "settings": {
                        "_column_size": 50,
                        "_inline_size": 46,
                        "padding": {
                            "unit": "em",
                            "top": "1",
                            "right": "1",
                            "bottom": "3",
                            "left": "16.5",
                            "isLinked": false
                        },
                        "padding_tablet": {
                            "unit": "em",
                            "top": "1",
                            "right": "1",
                            "bottom": "2",
                            "left": "1",
                            "isLinked": false
                        },
                        "padding_mobile": {
                            "unit": "em",
                            "top": "1",
                            "right": "1",
                            "bottom": "1",
                            "left": "1",
                            "isLinked": false
                        },
                        "content_position": "bottom"
                    },
                    "elements": [
                        {
                            "id": "239471a",
                            "settings": {
                                "editor": "<p>Home \/ <a href=\"#\">FAQs<\/a><\/p>",
                                "__globals__": {
                                    "typography_typography": "globals\/typography?id=14b315f",
                                    "text_color": "globals\/colors?id=secondary"
                                }
                            },
                            "elements": [],
                            "isInner": false,
                            "widgetType": "text-editor",
                            "elType": "widget"
                        }
                    ],
                    "isInner": false,
                    "elType": "column"
                },
                {
                    "id": "7988022b",
                    "settings": {
                        "_column_size": 50,
                        "_inline_size": 54,
                        "background_background": "classic",
                        "padding": {
                            "unit": "em",
                            "top": "4",
                            "right": "1",
                            "bottom": "1",
                            "left": "4",
                            "isLinked": false
                        },
                        "padding_tablet": {
                            "unit": "em",
                            "top": "1",
                            "right": "1",
                            "bottom": "1",
                            "left": "3",
                            "isLinked": false
                        },
                        "padding_mobile": {
                            "unit": "em",
                            "top": "1",
                            "right": "1",
                            "bottom": "1",
                            "left": "1",
                            "isLinked": true
                        },
                        "__globals__": {
                            "background_color": "globals\/colors?id=4310afa"
                        },
                        "content_position_mobile": "bottom"
                    },
                    "elements": [
                        {
                            "id": "239de1c3",
                            "settings": {
                                "title": "FAQs"
                            },
                            "elements": [],
                            "isInner": false,
                            "widgetType": "heading",
                            "elType": "widget"
                        }
                    ],
                    "isInner": false,
                    "elType": "column"
                }
            ],
            "isInner": false,
            "elType": "section"
        },
        {
            "id": "5da5381",
            "settings": {
                "padding": {
                    "unit": "em",
                    "top": "6",
                    "right": "1",
                    "bottom": "6",
                    "left": "1",
                    "isLinked": false
                },
                "padding_tablet": {
                    "unit": "em",
                    "top": "",
                    "right": "",
                    "bottom": "",
                    "left": "",
                    "isLinked": true
                },
                "padding_mobile": {
                    "unit": "em",
                    "top": "",
                    "right": "",
                    "bottom": "",
                    "left": "",
                    "isLinked": true
                },
                "_title": "FAQs Section"
            },
            "elements": [
                {
                    "id": "1ce93846",
                    "settings": {
                        "_column_size": 100,
                        "_inline_size": null,
                        "padding": {
                            "unit": "em",
                            "top": "1",
                            "right": "1",
                            "bottom": "1",
                            "left": "1",
                            "isLinked": true
                        },
                        "padding_tablet": {
                            "unit": "em",
                            "top": "",
                            "right": "",
                            "bottom": "",
                            "left": "",
                            "isLinked": true
                        },
                        "padding_mobile": {
                            "unit": "em",
                            "top": "",
                            "right": "",
                            "bottom": "",
                            "left": "",
                            "isLinked": true
                        }
                    },
                    "elements": [
                        {
                            "id": "a3e814d",
                            "settings": {
                                "structure": "20",
                                "padding": {
                                    "unit": "em",
                                    "top": "0",
                                    "right": "0",
                                    "bottom": "2",
                                    "left": "0",
                                    "isLinked": false
                                },
                                "padding_tablet": {
                                    "unit": "em",
                                    "top": "",
                                    "right": "",
                                    "bottom": "",
                                    "left": "",
                                    "isLinked": true
                                },
                                "padding_mobile": {
                                    "unit": "em",
                                    "top": "",
                                    "right": "",
                                    "bottom": "",
                                    "left": "",
                                    "isLinked": true
                                },
                                "content_width": {
                                    "unit": "px",
                                    "size": 870,
                                    "sizes": []
                                }
                            },
                            "elements": [
                                {
                                    "id": "528a9b79",
                                    "settings": {
                                        "_column_size": 50,
                                        "_inline_size": 50,
                                        "padding": {
                                            "unit": "em",
                                            "top": "0",
                                            "right": "0",
                                            "bottom": "0",
                                            "left": "19",
                                            "isLinked": false
                                        },
                                        "_inline_size_tablet": 50,
                                        "padding_tablet": {
                                            "unit": "em",
                                            "top": "0",
                                            "right": "0",
                                            "bottom": "0",
                                            "left": "12",
                                            "isLinked": false
                                        },
                                        "padding_mobile": {
                                            "unit": "em",
                                            "top": "0",
                                            "right": "0",
                                            "bottom": "1",
                                            "left": "2.4",
                                            "isLinked": false
                                        }
                                    },
                                    "elements": [
                                        {
                                            "id": "51d81fa9",
                                            "settings": {
                                                "title": "HELP CENTER",
                                                "align": "left",
                                                "__globals__": {
                                                    "title_color": "globals\/colors?id=e7f879b",
                                                    "typography_typography": "globals\/typography?id=417736c"
                                                },
                                                "typography_typography": "custom",
                                                "typography_font_family": "Josefin Sans",
                                                "typography_font_size": {
                                                    "unit": "rem",
                                                    "size": 1,
                                                    "sizes": []
                                                },
                                                "typography_font_size_tablet": {
                                                    "unit": "rem",
                                                    "size": "",
                                                    "sizes": []
                                                },
                                                "typography_font_size_mobile": {
                                                    "unit": "rem",
                                                    "size": "",
                                                    "sizes": []
                                                },
                                                "typography_font_weight": "700",
                                                "typography_line_height": {
                                                    "unit": "em",
                                                    "size": 1.8,
                                                    "sizes": []
                                                },
                                                "typography_letter_spacing": {
                                                    "unit": "em",
                                                    "size": 0.3,
                                                    "sizes": []
                                                },
                                                "typography_letter_spacing_tablet": {
                                                    "unit": "em",
                                                    "size": "",
                                                    "sizes": []
                                                },
                                                "typography_letter_spacing_mobile": {
                                                    "unit": "em",
                                                    "size": "",
                                                    "sizes": []
                                                },
                                                "typography_word_spacing": {
                                                    "unit": "em",
                                                    "size": "",
                                                    "sizes": []
                                                }
                                            },
                                            "elements": [],
                                            "isInner": false,
                                            "widgetType": "heading",
                                            "elType": "widget"
                                        }
                                    ],
                                    "isInner": true,
                                    "elType": "column"
                                },
                                {
                                    "id": "2b84e45f",
                                    "settings": {
                                        "_column_size": 50,
                                        "_inline_size": 50,
                                        "padding": {
                                            "unit": "px",
                                            "top": "0",
                                            "right": "0",
                                            "bottom": "0",
                                            "left": "0",
                                            "isLinked": false
                                        },
                                        "_inline_size_tablet": 50
                                    },
                                    "elements": [
                                        {
                                            "id": "3036d9c8",
                                            "settings": {
                                                "title": "Frequently Asked Question",
                                                "header_size": "h3",
                                                "align": "left",
                                                "__globals__": {
                                                    "title_color": "",
                                                    "_border_color": "globals\/colors?id=e7f879b",
                                                    "typography_typography": ""
                                                },
                                                "_padding": {
                                                    "unit": "em",
                                                    "top": "0",
                                                    "right": "0",
                                                    "bottom": "0",
                                                    "left": "2",
                                                    "isLinked": false
                                                },
                                                "_padding_tablet": {
                                                    "unit": "em",
                                                    "top": "",
                                                    "right": "",
                                                    "bottom": "",
                                                    "left": "",
                                                    "isLinked": true
                                                },
                                                "_padding_mobile": {
                                                    "unit": "em",
                                                    "top": "",
                                                    "right": "",
                                                    "bottom": "",
                                                    "left": "",
                                                    "isLinked": true
                                                },
                                                "_border_border": "solid",
                                                "_border_width": {
                                                    "unit": "px",
                                                    "top": "0",
                                                    "right": "0",
                                                    "bottom": "0",
                                                    "left": "2",
                                                    "isLinked": false
                                                },
                                                "typography_font_family": "Josefin Sans",
                                                "typography_font_size": {
                                                    "unit": "rem",
                                                    "size": 3,
                                                    "sizes": []
                                                },
                                                "typography_font_size_tablet": {
                                                    "unit": "rem",
                                                    "size": "",
                                                    "sizes": []
                                                },
                                                "typography_font_size_mobile": {
                                                    "unit": "rem",
                                                    "size": "",
                                                    "sizes": []
                                                },
                                                "typography_font_weight": "700",
                                                "typography_line_height": {
                                                    "unit": "em",
                                                    "size": 1.1,
                                                    "sizes": []
                                                },
                                                "typography_letter_spacing": {
                                                    "unit": "em",
                                                    "size": "",
                                                    "sizes": []
                                                },
                                                "typography_letter_spacing_tablet": {
                                                    "unit": "em",
                                                    "size": "",
                                                    "sizes": []
                                                },
                                                "typography_letter_spacing_mobile": {
                                                    "unit": "em",
                                                    "size": "",
                                                    "sizes": []
                                                },
                                                "typography_word_spacing": {
                                                    "unit": "em",
                                                    "size": "",
                                                    "sizes": []
                                                },
                                                "_border_color": "#00A7C7"
                                            },
                                            "elements": [],
                                            "isInner": false,
                                            "widgetType": "heading",
                                            "elType": "widget"
                                        }
                                    ],
                                    "isInner": true,
                                    "elType": "column"
                                }
                            ],
                            "isInner": true,
                            "elType": "section"
                        },
                        {
                            "id": "624c852f",
                            "settings": {
                                "editor": "<p>Lorem ipsum dolor sit amet, consectetur adipiscing elit. Nam eleifend, enim tempus vulputate porta, ipsum urna porta diam, sit amet condimentum nisi justo non tortor.<\/p>",
                                "typography_font_family": "Nunito Sans",
                                "typography_font_size": {
                                    "unit": "rem",
                                    "size": 1,
                                    "sizes": []
                                },
                                "typography_font_size_tablet": {
                                    "unit": "rem",
                                    "size": "",
                                    "sizes": []
                                },
                                "typography_font_size_mobile": {
                                    "unit": "rem",
                                    "size": "",
                                    "sizes": []
                                },
                                "typography_font_weight": "400",
                                "typography_line_height": {
                                    "unit": "em",
                                    "size": 1.6,
                                    "sizes": []
                                },
                                "_margin": {
                                    "unit": "%",
                                    "top": "0",
                                    "right": "20",
                                    "bottom": "0",
                                    "left": "20",
                                    "isLinked": false
                                },
                                "_padding": {
                                    "unit": "em",
                                    "top": "0",
                                    "right": "0",
                                    "bottom": "0",
                                    "left": "0",
                                    "isLinked": true
                                },
                                "_padding_tablet": {
                                    "unit": "em",
                                    "top": "",
                                    "right": "",
                                    "bottom": "",
                                    "left": "",
                                    "isLinked": true
                                },
                                "_padding_mobile": {
                                    "unit": "em",
                                    "top": "0",
                                    "right": "0",
                                    "bottom": "0",
                                    "left": "2.4",
                                    "isLinked": false
                                },
                                "__globals__": {
                                    "text_color": ""
                                },
                                "align": "center",
                                "_margin_tablet": {
                                    "unit": "%",
                                    "top": "0",
                                    "right": "0",
                                    "bottom": "0",
                                    "left": "0",
                                    "isLinked": false
                                },
                                "_margin_mobile": {
                                    "unit": "%",
                                    "top": "",
                                    "right": "",
                                    "bottom": "",
                                    "left": "",
                                    "isLinked": true
                                },
                                "align_mobile": "left"
                            },
                            "elements": [],
                            "isInner": false,
                            "widgetType": "text-editor",
                            "elType": "widget"
                        },
                        {
                            "id": "2bef6dc1",
                            "settings": {
                                "structure": "20"
                            },
                            "elements": [
                                {
                                    "id": "7cde4a53",
                                    "settings": {
                                        "_column_size": 50,
                                        "_inline_size": null,
                                        "padding": {
                                            "unit": "em",
                                            "top": "0",
                                            "right": "2",
                                            "bottom": "0",
                                            "left": "0",
                                            "isLinked": false
                                        },
                                        "padding_tablet": {
                                            "unit": "em",
                                            "top": "",
                                            "right": "",
                                            "bottom": "",
                                            "left": "",
                                            "isLinked": true
                                        },
                                        "padding_mobile": {
                                            "unit": "em",
                                            "top": "",
                                            "right": "",
                                            "bottom": "",
                                            "left": "",
                                            "isLinked": true
                                        }
                                    },
                                    "elements": [
                                        {
                                            "id": "3ce84e82",
                                            "settings": {
                                                "ekit_accordion_items": [
                                                    {
                                                        "acc_title": "Pellentesque viverra placerat?",
                                                        "acc_content": "<p>Lorem ipsum dolor sit amet, consectetur adipiscing elit. Duis congue turpis in purus lacinia, a tempus nisl ullamcorper. Vivamus cursus eu nulla eget luctus. Donec tempor sapien ac scelerisque fermentum.<\/p>",
                                                        "ekit_acc_is_active": "yes",
                                                        "_id": "d757821"
                                                    },
                                                    {
                                                        "_id": "9ffd92b",
                                                        "acc_title": "Proin tortor ex ultrices?",
                                                        "acc_content": "<p>Lorem ipsum dolor sit amet, consectetur adipiscing elit. Duis congue turpis in purus lacinia, a tempus nisl ullamcorper. Vivamus cursus eu nulla eget luctus. Donec tempor sapien ac scelerisque fermentum.<\/p>"
                                                    },
                                                    {
                                                        "acc_title": "Etiam bibendum ut eros id?",
                                                        "acc_content": "<p>Lorem ipsum dolor sit amet, consectetur adipiscing elit. Duis congue turpis in purus lacinia, a tempus nisl ullamcorper. Vivamus cursus eu nulla eget luctus. Donec tempor sapien ac scelerisque fermentum.<\/p>",
                                                        "_id": "333db95"
                                                    }
                                                ],
                                                "ekit_accordion_right_icon_actives": {
                                                    "value": "icon icon-up-arrow1",
                                                    "library": "ekiticons"
                                                },
                                                "ekit_accordion_background_background": "classic",
                                                "ekit_accordion_background_close_background": "classic",
                                                "ekit_accordion_title_border_close_border": "solid",
                                                "ekit_accordion_title_border_close_width": {
                                                    "unit": "px",
                                                    "top": "0",
                                                    "right": "0",
                                                    "bottom": "1",
                                                    "left": "0",
                                                    "isLinked": false
                                                },
                                                "ekit_accordion_title_padding": {
                                                    "unit": "px",
                                                    "top": "15",
                                                    "right": "15",
                                                    "bottom": "15",
                                                    "left": "15",
                                                    "isLinked": true
                                                },
                                                "ekit_accordion_content_padding": {
                                                    "unit": "px",
                                                    "top": "15",
                                                    "right": "15",
                                                    "bottom": "15",
                                                    "left": "15",
                                                    "isLinked": true
                                                },
                                                "ekit_accordion_icon_typography_close": {
                                                    "unit": "px",
                                                    "size": 13,
                                                    "sizes": []
                                                },
                                                "ekit_accordion_icon_typography": {
                                                    "unit": "px",
                                                    "size": 13,
                                                    "sizes": []
                                                },
                                                "_padding": {
                                                    "unit": "em",
                                                    "top": "0",
                                                    "right": "0",
                                                    "bottom": "0",
                                                    "left": "0",
                                                    "isLinked": true
                                                },
                                                "_padding_tablet": {
                                                    "unit": "em",
                                                    "top": "0",
                                                    "right": "0",
                                                    "bottom": "0",
                                                    "left": "11",
                                                    "isLinked": false
                                                },
                                                "_padding_mobile": {
                                                    "unit": "em",
                                                    "top": "0",
                                                    "right": "0",
                                                    "bottom": "0",
                                                    "left": "2.4",
                                                    "isLinked": false
                                                },
                                                "__globals__": {
                                                    "ekit_accordion_title_color": "globals\/colors?id=secondary",
                                                    "ekit_accordion_background_color": "globals\/colors?id=e7f879b",
                                                    "ekit_accordion_title_border_close_color": "globals\/colors?id=e7f879b",
                                                    "ekit_accordion_background_close_color": "globals\/colors?id=c01ff5f",
                                                    "ekit_accordion_title_typography_typography": "globals\/typography?id=14b315f",
                                                    "ekit_accordion_title_color_close": "globals\/colors?id=primary"
                                                }
                                            },
                                            "elements": [],
                                            "isInner": false,
                                            "widgetType": "elementskit-accordion",
                                            "elType": "widget"
                                        }
                                    ],
                                    "isInner": true,
                                    "elType": "column"
                                },
                                {
                                    "id": "4fe42e5a",
                                    "settings": {
                                        "_column_size": 50,
                                        "_inline_size": null,
                                        "padding": {
                                            "unit": "em",
                                            "top": "0",
                                            "right": "0",
                                            "bottom": "0",
                                            "left": "2",
                                            "isLinked": false
                                        },
                                        "padding_tablet": {
                                            "unit": "em",
                                            "top": "",
                                            "right": "",
                                            "bottom": "",
                                            "left": "",
                                            "isLinked": true
                                        },
                                        "padding_mobile": {
                                            "unit": "em",
                                            "top": "",
                                            "right": "",
                                            "bottom": "",
                                            "left": "",
                                            "isLinked": true
                                        }
                                    },
                                    "elements": [
                                        {
                                            "id": "230e61dd",
                                            "settings": {
                                                "ekit_accordion_items": [
                                                    {
                                                        "acc_title": "Pellentesque viverra placerat?",
                                                        "acc_content": "<p>Lorem ipsum dolor sit amet, consectetur adipiscing elit. Duis congue turpis in purus lacinia, a tempus nisl ullamcorper. Vivamus cursus eu nulla eget luctus. Donec tempor sapien ac scelerisque fermentum.<\/p>",
                                                        "ekit_acc_is_active": "yes",
                                                        "_id": "d757821"
                                                    },
                                                    {
                                                        "_id": "9ffd92b",
                                                        "acc_title": "Proin tortor ex ultrices?",
                                                        "acc_content": "<p>Lorem ipsum dolor sit amet, consectetur adipiscing elit. Duis congue turpis in purus lacinia, a tempus nisl ullamcorper. Vivamus cursus eu nulla eget luctus. Donec tempor sapien ac scelerisque fermentum.<\/p>"
                                                    },
                                                    {
                                                        "acc_title": "Etiam bibendum ut eros id?",
                                                        "acc_content": "<p>Lorem ipsum dolor sit amet, consectetur adipiscing elit. Duis congue turpis in purus lacinia, a tempus nisl ullamcorper. Vivamus cursus eu nulla eget luctus. Donec tempor sapien ac scelerisque fermentum.<\/p>",
                                                        "_id": "333db95"
                                                    }
                                                ],
                                                "ekit_accordion_right_icon_actives": {
                                                    "value": "icon icon-up-arrow1",
                                                    "library": "ekiticons"
                                                },
                                                "ekit_accordion_background_background": "classic",
                                                "ekit_accordion_background_close_background": "classic",
                                                "ekit_accordion_title_border_close_border": "solid",
                                                "ekit_accordion_title_border_close_width": {
                                                    "unit": "px",
                                                    "top": "0",
                                                    "right": "0",
                                                    "bottom": "1",
                                                    "left": "0",
                                                    "isLinked": false
                                                },
                                                "ekit_accordion_title_padding": {
                                                    "unit": "px",
                                                    "top": "15",
                                                    "right": "15",
                                                    "bottom": "15",
                                                    "left": "15",
                                                    "isLinked": true
                                                },
                                                "ekit_accordion_content_padding": {
                                                    "unit": "px",
                                                    "top": "15",
                                                    "right": "15",
                                                    "bottom": "15",
                                                    "left": "15",
                                                    "isLinked": true
                                                },
                                                "ekit_accordion_icon_typography_close": {
                                                    "unit": "px",
                                                    "size": 13,
                                                    "sizes": []
                                                },
                                                "ekit_accordion_icon_typography": {
                                                    "unit": "px",
                                                    "size": 13,
                                                    "sizes": []
                                                },
                                                "_padding": {
                                                    "unit": "em",
                                                    "top": "0",
                                                    "right": "0",
                                                    "bottom": "0",
                                                    "left": "0",
                                                    "isLinked": true
                                                },
                                                "_padding_tablet": {
                                                    "unit": "em",
                                                    "top": "0",
                                                    "right": "0",
                                                    "bottom": "0",
                                                    "left": "11",
                                                    "isLinked": false
                                                },
                                                "_padding_mobile": {
                                                    "unit": "em",
                                                    "top": "0",
                                                    "right": "0",
                                                    "bottom": "0",
                                                    "left": "2.4",
                                                    "isLinked": false
                                                },
                                                "__globals__": {
                                                    "ekit_accordion_title_color": "globals\/colors?id=secondary",
                                                    "ekit_accordion_background_color": "globals\/colors?id=e7f879b",
                                                    "ekit_accordion_title_border_close_color": "globals\/colors?id=e7f879b",
                                                    "ekit_accordion_background_close_color": "globals\/colors?id=c01ff5f",
                                                    "ekit_accordion_title_typography_typography": "globals\/typography?id=14b315f",
                                                    "ekit_accordion_title_color_close": "globals\/colors?id=primary"
                                                }
                                            },
                                            "elements": [],
                                            "isInner": false,
                                            "widgetType": "elementskit-accordion",
                                            "elType": "widget"
                                        }
                                    ],
                                    "isInner": true,
                                    "elType": "column"
                                }
                            ],
                            "isInner": true,
                            "elType": "section"
                        }
                    ],
                    "isInner": false,
                    "elType": "column"
                }
            ],
            "isInner": false,
            "elType": "section"
        },
        {
            "id": "65086da9",
            "settings": {
                "layout": "full_width",
                "gap": "no",
                "structure": "50",
                "_title": "Instagram Gallery Section"
            },
            "elements": [
                {
                    "id": "2203399e",
                    "settings": {
                        "_column_size": 20,
                        "_inline_size": null,
                        "_inline_size_tablet": 50
                    },
                    "elements": [
                        {
                            "id": "acb7bf6",
                            "settings": {
                                "ekit_img_accordion_items": [
                                    {
                                        "ekit_img_accordion_title": "",
                                        "_id": "25f90d0",
                                        "ekit_img_accordion_bg": {
                                            "url": "http:\/\/kfkit.rometheme.pro\/bsurf\/wp-content\/uploads\/sites\/43\/2022\/12\/woman-kayaking-in-the-small-lagoon-in-el-nido-phil-MWZJQFW-2.jpg",
                                            "id": 2655,
                                            "alt": "",
                                            "source": "library"
                                        },
                                        "ekit_img_accordion_enable_icon": "yes",
                                        "ekit_img_accordion_title_icons": {
                                            "value": "icon icon-instagram-1",
                                            "library": "ekiticons"
                                        },
                                        "ekit_img_accordion_enable_button": "",
                                        "ekit_img_accordion_button_label": "Read More"
                                    }
                                ],
                                "active_behavior": "hover",
                                "ekit_img_accordion_min_height": {
                                    "unit": "px",
                                    "size": 0,
                                    "sizes": []
                                },
                                "ekit_img_accordion_bg_active_color_background": "gradient",
                                "ekit_img_accordion_container_padding": {
                                    "unit": "em",
                                    "top": "0",
                                    "right": "0",
                                    "bottom": "0",
                                    "left": "0",
                                    "isLinked": false
                                },
                                "ekit_img_accordion_container_padding_tablet": {
                                    "unit": "em",
                                    "top": "",
                                    "right": "",
                                    "bottom": "",
                                    "left": "",
                                    "isLinked": true
                                },
                                "ekit_img_accordion_container_padding_mobile": {
                                    "unit": "em",
                                    "top": "",
                                    "right": "",
                                    "bottom": "",
                                    "left": "",
                                    "isLinked": true
                                },
                                "ekit_img_accordion_container_margin": {
                                    "unit": "em",
                                    "top": "0",
                                    "right": "0",
                                    "bottom": "0",
                                    "left": "0",
                                    "isLinked": true
                                },
                                "ekit_img_accordion_container_margin_tablet": {
                                    "unit": "em",
                                    "top": "",
                                    "right": "",
                                    "bottom": "",
                                    "left": "",
                                    "isLinked": true
                                },
                                "ekit_img_accordion_container_margin_mobile": {
                                    "unit": "em",
                                    "top": "",
                                    "right": "",
                                    "bottom": "",
                                    "left": "",
                                    "isLinked": true
                                },
                                "ekit_img_accordion_section_img_accordion_icon_title": {
                                    "unit": "px",
                                    "top": "0",
                                    "right": "0",
                                    "bottom": "0",
                                    "left": "0",
                                    "isLinked": true
                                },
                                "actions_width": {
                                    "unit": "px",
                                    "size": 0,
                                    "sizes": []
                                },
                                "ekit_img_accordion_section_img_accordion_icon_spacing": {
                                    "unit": "px",
                                    "top": "0",
                                    "right": "0",
                                    "bottom": "0",
                                    "left": "0",
                                    "isLinked": false
                                },
                                "actions_border_width": 0,
                                "__globals__": {
                                    "ekit_img_accordion_bg_active_color_color_b": "globals\/colors?id=e7f879b",
                                    "ekit_img_accordion_bg_active_color_color": "globals\/colors?id=c01ff5f"
                                }
                            },
                            "elements": [],
                            "isInner": false,
                            "widgetType": "elementskit-image-accordion",
                            "elType": "widget"
                        }
                    ],
                    "isInner": false,
                    "elType": "column"
                },
                {
                    "id": "9aeb44a",
                    "settings": {
                        "_column_size": 20,
                        "_inline_size": null,
                        "_inline_size_tablet": 50
                    },
                    "elements": [
                        {
                            "id": "4f84c35e",
                            "settings": {
                                "ekit_img_accordion_items": [
                                    {
                                        "ekit_img_accordion_title": "",
                                        "_id": "25f90d0",
                                        "ekit_img_accordion_active": "yes",
                                        "ekit_img_accordion_bg": {
                                            "url": "http:\/\/kfkit.rometheme.pro\/bsurf\/wp-content\/uploads\/sites\/43\/2022\/12\/happy-couple-walking-together-on-beach-with-surfin-SUWC9HH.jpg",
                                            "id": 1014,
                                            "alt": "",
                                            "source": "library"
                                        },
                                        "ekit_img_accordion_enable_icon": "yes",
                                        "ekit_img_accordion_title_icons": {
                                            "value": "icon icon-instagram-1",
                                            "library": "ekiticons"
                                        },
                                        "ekit_img_accordion_enable_button": "",
                                        "ekit_img_accordion_button_label": "Read More"
                                    }
                                ],
                                "active_behavior": "hover",
                                "ekit_img_accordion_min_height": {
                                    "unit": "px",
                                    "size": 0,
                                    "sizes": []
                                },
                                "ekit_img_accordion_bg_active_color_background": "gradient",
                                "ekit_img_accordion_container_padding": {
                                    "unit": "em",
                                    "top": "0",
                                    "right": "0",
                                    "bottom": "0",
                                    "left": "0",
                                    "isLinked": false
                                },
                                "ekit_img_accordion_container_padding_tablet": {
                                    "unit": "em",
                                    "top": "",
                                    "right": "",
                                    "bottom": "",
                                    "left": "",
                                    "isLinked": true
                                },
                                "ekit_img_accordion_container_padding_mobile": {
                                    "unit": "em",
                                    "top": "",
                                    "right": "",
                                    "bottom": "",
                                    "left": "",
                                    "isLinked": true
                                },
                                "ekit_img_accordion_container_margin": {
                                    "unit": "em",
                                    "top": "0",
                                    "right": "0",
                                    "bottom": "0",
                                    "left": "0",
                                    "isLinked": true
                                },
                                "ekit_img_accordion_container_margin_tablet": {
                                    "unit": "em",
                                    "top": "",
                                    "right": "",
                                    "bottom": "",
                                    "left": "",
                                    "isLinked": true
                                },
                                "ekit_img_accordion_container_margin_mobile": {
                                    "unit": "em",
                                    "top": "",
                                    "right": "",
                                    "bottom": "",
                                    "left": "",
                                    "isLinked": true
                                },
                                "ekit_img_accordion_section_img_accordion_icon_title": {
                                    "unit": "px",
                                    "top": "0",
                                    "right": "0",
                                    "bottom": "0",
                                    "left": "0",
                                    "isLinked": true
                                },
                                "actions_width": {
                                    "unit": "px",
                                    "size": 0,
                                    "sizes": []
                                },
                                "ekit_img_accordion_section_img_accordion_icon_spacing": {
                                    "unit": "px",
                                    "top": "0",
                                    "right": "0",
                                    "bottom": "0",
                                    "left": "0",
                                    "isLinked": false
                                },
                                "actions_border_width": 0,
                                "__globals__": {
                                    "ekit_img_accordion_bg_active_color_color_b": "globals\/colors?id=e7f879b",
                                    "ekit_img_accordion_bg_active_color_color": "globals\/colors?id=c01ff5f"
                                }
                            },
                            "elements": [],
                            "isInner": false,
                            "widgetType": "elementskit-image-accordion",
                            "elType": "widget"
                        }
                    ],
                    "isInner": false,
                    "elType": "column"
                },
                {
                    "id": "8eb1906",
                    "settings": {
                        "_column_size": 20,
                        "_inline_size": null,
                        "_inline_size_tablet": 100
                    },
                    "elements": [
                        {
                            "id": "5d7b9330",
                            "settings": {
                                "ekit_img_accordion_items": [
                                    {
                                        "ekit_img_accordion_title": "",
                                        "_id": "25f90d0",
                                        "ekit_img_accordion_bg": {
                                            "url": "http:\/\/kfkit.rometheme.pro\/bsurf\/wp-content\/uploads\/sites\/43\/2022\/12\/handsome-sporty-man-surfing-on-sunny-day-HNYR5QX.jpg",
                                            "id": 1013,
                                            "alt": "",
                                            "source": "library"
                                        },
                                        "ekit_img_accordion_enable_icon": "yes",
                                        "ekit_img_accordion_title_icons": {
                                            "value": "icon icon-instagram-1",
                                            "library": "ekiticons"
                                        },
                                        "ekit_img_accordion_enable_button": "",
                                        "ekit_img_accordion_button_label": "Read More"
                                    }
                                ],
                                "active_behavior": "hover",
                                "ekit_img_accordion_min_height": {
                                    "unit": "px",
                                    "size": 0,
                                    "sizes": []
                                },
                                "ekit_img_accordion_bg_active_color_background": "gradient",
                                "ekit_img_accordion_container_padding": {
                                    "unit": "em",
                                    "top": "0",
                                    "right": "0",
                                    "bottom": "0",
                                    "left": "0",
                                    "isLinked": false
                                },
                                "ekit_img_accordion_container_padding_tablet": {
                                    "unit": "em",
                                    "top": "",
                                    "right": "",
                                    "bottom": "",
                                    "left": "",
                                    "isLinked": true
                                },
                                "ekit_img_accordion_container_padding_mobile": {
                                    "unit": "em",
                                    "top": "",
                                    "right": "",
                                    "bottom": "",
                                    "left": "",
                                    "isLinked": true
                                },
                                "ekit_img_accordion_container_margin": {
                                    "unit": "em",
                                    "top": "0",
                                    "right": "0",
                                    "bottom": "0",
                                    "left": "0",
                                    "isLinked": true
                                },
                                "ekit_img_accordion_container_margin_tablet": {
                                    "unit": "em",
                                    "top": "",
                                    "right": "",
                                    "bottom": "",
                                    "left": "",
                                    "isLinked": true
                                },
                                "ekit_img_accordion_container_margin_mobile": {
                                    "unit": "em",
                                    "top": "",
                                    "right": "",
                                    "bottom": "",
                                    "left": "",
                                    "isLinked": true
                                },
                                "ekit_img_accordion_section_img_accordion_icon_title": {
                                    "unit": "px",
                                    "top": "0",
                                    "right": "0",
                                    "bottom": "0",
                                    "left": "0",
                                    "isLinked": true
                                },
                                "actions_width": {
                                    "unit": "px",
                                    "size": 0,
                                    "sizes": []
                                },
                                "ekit_img_accordion_section_img_accordion_icon_spacing": {
                                    "unit": "px",
                                    "top": "0",
                                    "right": "0",
                                    "bottom": "0",
                                    "left": "0",
                                    "isLinked": false
                                },
                                "actions_border_width": 0,
                                "__globals__": {
                                    "ekit_img_accordion_bg_active_color_color_b": "globals\/colors?id=e7f879b",
                                    "ekit_img_accordion_bg_active_color_color": "globals\/colors?id=c01ff5f"
                                }
                            },
                            "elements": [],
                            "isInner": false,
                            "widgetType": "elementskit-image-accordion",
                            "elType": "widget"
                        }
                    ],
                    "isInner": false,
                    "elType": "column"
                },
                {
                    "id": "7dd58a",
                    "settings": {
                        "_column_size": 20,
                        "_inline_size": null,
                        "_inline_size_tablet": 50
                    },
                    "elements": [
                        {
                            "id": "52f07766",
                            "settings": {
                                "ekit_img_accordion_items": [
                                    {
                                        "ekit_img_accordion_title": "",
                                        "_id": "25f90d0",
                                        "ekit_img_accordion_bg": {
                                            "url": "http:\/\/kfkit.rometheme.pro\/bsurf\/wp-content\/uploads\/sites\/43\/2022\/12\/active-women-with-surf-board-enjoy-watersport-at-v-HG56E4G-1.jpg",
                                            "id": 2633,
                                            "alt": "",
                                            "source": "library"
                                        },
                                        "ekit_img_accordion_enable_icon": "yes",
                                        "ekit_img_accordion_title_icons": {
                                            "value": "icon icon-instagram-1",
                                            "library": "ekiticons"
                                        },
                                        "ekit_img_accordion_enable_button": "",
                                        "ekit_img_accordion_button_label": "Read More"
                                    }
                                ],
                                "active_behavior": "hover",
                                "ekit_img_accordion_min_height": {
                                    "unit": "px",
                                    "size": 0,
                                    "sizes": []
                                },
                                "ekit_img_accordion_bg_active_color_background": "gradient",
                                "ekit_img_accordion_container_padding": {
                                    "unit": "em",
                                    "top": "0",
                                    "right": "0",
                                    "bottom": "0",
                                    "left": "0",
                                    "isLinked": false
                                },
                                "ekit_img_accordion_container_padding_tablet": {
                                    "unit": "em",
                                    "top": "",
                                    "right": "",
                                    "bottom": "",
                                    "left": "",
                                    "isLinked": true
                                },
                                "ekit_img_accordion_container_padding_mobile": {
                                    "unit": "em",
                                    "top": "",
                                    "right": "",
                                    "bottom": "",
                                    "left": "",
                                    "isLinked": true
                                },
                                "ekit_img_accordion_container_margin": {
                                    "unit": "em",
                                    "top": "0",
                                    "right": "0",
                                    "bottom": "0",
                                    "left": "0",
                                    "isLinked": true
                                },
                                "ekit_img_accordion_container_margin_tablet": {
                                    "unit": "em",
                                    "top": "",
                                    "right": "",
                                    "bottom": "",
                                    "left": "",
                                    "isLinked": true
                                },
                                "ekit_img_accordion_container_margin_mobile": {
                                    "unit": "em",
                                    "top": "",
                                    "right": "",
                                    "bottom": "",
                                    "left": "",
                                    "isLinked": true
                                },
                                "ekit_img_accordion_section_img_accordion_icon_title": {
                                    "unit": "px",
                                    "top": "0",
                                    "right": "0",
                                    "bottom": "0",
                                    "left": "0",
                                    "isLinked": true
                                },
                                "actions_width": {
                                    "unit": "px",
                                    "size": 0,
                                    "sizes": []
                                },
                                "ekit_img_accordion_section_img_accordion_icon_spacing": {
                                    "unit": "px",
                                    "top": "0",
                                    "right": "0",
                                    "bottom": "0",
                                    "left": "0",
                                    "isLinked": false
                                },
                                "actions_border_width": 0,
                                "__globals__": {
                                    "ekit_img_accordion_bg_active_color_color_b": "globals\/colors?id=e7f879b",
                                    "ekit_img_accordion_bg_active_color_color": "globals\/colors?id=c01ff5f"
                                }
                            },
                            "elements": [],
                            "isInner": false,
                            "widgetType": "elementskit-image-accordion",
                            "elType": "widget"
                        }
                    ],
                    "isInner": false,
                    "elType": "column"
                },
                {
                    "id": "265673e9",
                    "settings": {
                        "_column_size": 20,
                        "_inline_size": null,
                        "_inline_size_tablet": 50
                    },
                    "elements": [
                        {
                            "id": "6e41f468",
                            "settings": {
                                "ekit_img_accordion_items": [
                                    {
                                        "ekit_img_accordion_title": "",
                                        "_id": "25f90d0",
                                        "ekit_img_accordion_bg": {
                                            "url": "http:\/\/kfkit.rometheme.pro\/bsurf\/wp-content\/uploads\/sites\/43\/2022\/12\/woman-sitting-on-sup-board-and-enjoying-peace-and-1-1.jpg",
                                            "id": 2656,
                                            "alt": "",
                                            "source": "library"
                                        },
                                        "ekit_img_accordion_enable_icon": "yes",
                                        "ekit_img_accordion_title_icons": {
                                            "value": "icon icon-instagram-1",
                                            "library": "ekiticons"
                                        },
                                        "ekit_img_accordion_enable_button": "",
                                        "ekit_img_accordion_button_label": "Read More"
                                    }
                                ],
                                "active_behavior": "hover",
                                "ekit_img_accordion_min_height": {
                                    "unit": "px",
                                    "size": 0,
                                    "sizes": []
                                },
                                "ekit_img_accordion_bg_active_color_background": "gradient",
                                "ekit_img_accordion_container_padding": {
                                    "unit": "em",
                                    "top": "0",
                                    "right": "0",
                                    "bottom": "0",
                                    "left": "0",
                                    "isLinked": false
                                },
                                "ekit_img_accordion_container_padding_tablet": {
                                    "unit": "em",
                                    "top": "",
                                    "right": "",
                                    "bottom": "",
                                    "left": "",
                                    "isLinked": true
                                },
                                "ekit_img_accordion_container_padding_mobile": {
                                    "unit": "em",
                                    "top": "",
                                    "right": "",
                                    "bottom": "",
                                    "left": "",
                                    "isLinked": true
                                },
                                "ekit_img_accordion_container_margin": {
                                    "unit": "em",
                                    "top": "0",
                                    "right": "0",
                                    "bottom": "0",
                                    "left": "0",
                                    "isLinked": true
                                },
                                "ekit_img_accordion_container_margin_tablet": {
                                    "unit": "em",
                                    "top": "",
                                    "right": "",
                                    "bottom": "",
                                    "left": "",
                                    "isLinked": true
                                },
                                "ekit_img_accordion_container_margin_mobile": {
                                    "unit": "em",
                                    "top": "",
                                    "right": "",
                                    "bottom": "",
                                    "left": "",
                                    "isLinked": true
                                },
                                "ekit_img_accordion_section_img_accordion_icon_title": {
                                    "unit": "px",
                                    "top": "0",
                                    "right": "0",
                                    "bottom": "0",
                                    "left": "0",
                                    "isLinked": true
                                },
                                "actions_width": {
                                    "unit": "px",
                                    "size": 0,
                                    "sizes": []
                                },
                                "ekit_img_accordion_section_img_accordion_icon_spacing": {
                                    "unit": "px",
                                    "top": "0",
                                    "right": "0",
                                    "bottom": "0",
                                    "left": "0",
                                    "isLinked": false
                                },
                                "actions_border_width": 0,
                                "__globals__": {
                                    "ekit_img_accordion_bg_active_color_color_b": "globals\/colors?id=e7f879b",
                                    "ekit_img_accordion_bg_active_color_color": "globals\/colors?id=c01ff5f"
                                }
                            },
                            "elements": [],
                            "isInner": false,
                            "widgetType": "elementskit-image-accordion",
                            "elType": "widget"
                        }
                    ],
                    "isInner": false,
                    "elType": "column"
                }
            ],
            "isInner": false,
            "elType": "section"
        }
    ]
}