{
    "version": "0.4",
    "title": "Lesson Detail",
    "type": "page",
    "metadata": {
        "template_type": "single-page",
        "include_in_zip": "1",
        "elementor_pro_required": null,
        "wp_page_template": "elementor_header_footer"
    },
    "content": [
        {
            "id": "2ae4a1dd",
            "settings": {
                "layout": "full_width",
                "gap": "no",
                "height": "min-height",
                "custom_height": {
                    "unit": "vh",
                    "size": 50,
                    "sizes": []
                },
                "custom_height_tablet": {
                    "unit": "vw",
                    "size": "",
                    "sizes": []
                },
                "custom_height_mobile": {
                    "unit": "vw",
                    "size": "",
                    "sizes": []
                },
                "column_position": "stretch",
                "content_position": "middle",
                "structure": "20",
                "background_background": "classic",
                "background_image": {
                    "url": "http:\/\/kfkit.rometheme.pro\/bsurf\/wp-content\/uploads\/sites\/43\/2023\/01\/professional-surfer-in-wet-t-shirt-riding-waves-on-S3DK3X9.jpg",
                    "id": 2675,
                    "alt": "",
                    "source": "library"
                },
                "background_position": "center center",
                "background_size": "cover",
                "padding": {
                    "unit": "em",
                    "top": "",
                    "right": "",
                    "bottom": "",
                    "left": "",
                    "isLinked": true
                },
                "padding_tablet": {
                    "unit": "em",
                    "top": "",
                    "right": "",
                    "bottom": "",
                    "left": "",
                    "isLinked": true
                },
                "padding_mobile": {
                    "unit": "em",
                    "top": "",
                    "right": "",
                    "bottom": "",
                    "left": "",
                    "isLinked": true
                },
                "reverse_order_mobile": "reverse-mobile",
                "_title": "Heading Page Section"
            },
            "elements": [
                {
                    "id": "313721d0",
                    "settings": {
                        "_column_size": 50,
                        "_inline_size": 46,
                        "padding": {
                            "unit": "em",
                            "top": "1",
                            "right": "1",
                            "bottom": "3",
                            "left": "16.5",
                            "isLinked": false
                        },
                        "padding_tablet": {
                            "unit": "em",
                            "top": "1",
                            "right": "1",
                            "bottom": "2",
                            "left": "1",
                            "isLinked": false
                        },
                        "padding_mobile": {
                            "unit": "em",
                            "top": "1",
                            "right": "1",
                            "bottom": "1",
                            "left": "1",
                            "isLinked": false
                        },
                        "content_position": "bottom"
                    },
                    "elements": [
                        {
                            "id": "2cd52966",
                            "settings": {
                                "editor": "<p>Home \/ <a href=\"#\">Lesson Detail<\/a><\/p>",
                                "__globals__": {
                                    "typography_typography": "globals\/typography?id=14b315f",
                                    "text_color": "globals\/colors?id=secondary"
                                }
                            },
                            "elements": [],
                            "isInner": false,
                            "widgetType": "text-editor",
                            "elType": "widget"
                        }
                    ],
                    "isInner": false,
                    "elType": "column"
                },
                {
                    "id": "588737a4",
                    "settings": {
                        "_column_size": 50,
                        "_inline_size": 54,
                        "background_background": "classic",
                        "padding": {
                            "unit": "em",
                            "top": "4",
                            "right": "1",
                            "bottom": "1",
                            "left": "4",
                            "isLinked": false
                        },
                        "padding_tablet": {
                            "unit": "em",
                            "top": "1",
                            "right": "1",
                            "bottom": "1",
                            "left": "3",
                            "isLinked": false
                        },
                        "padding_mobile": {
                            "unit": "em",
                            "top": "1",
                            "right": "1",
                            "bottom": "1",
                            "left": "1",
                            "isLinked": true
                        },
                        "__globals__": {
                            "background_color": "globals\/colors?id=4310afa"
                        },
                        "content_position_mobile": "bottom"
                    },
                    "elements": [
                        {
                            "id": "2bc1c263",
                            "settings": {
                                "title": "Lesson Detail"
                            },
                            "elements": [],
                            "isInner": false,
                            "widgetType": "heading",
                            "elType": "widget"
                        }
                    ],
                    "isInner": false,
                    "elType": "column"
                }
            ],
            "isInner": false,
            "elType": "section"
        },
        {
            "id": "2418ee3",
            "settings": {
                "structure": "20",
                "padding": {
                    "unit": "em",
                    "top": "6",
                    "right": "1",
                    "bottom": "6",
                    "left": "1",
                    "isLinked": false
                },
                "padding_tablet": {
                    "unit": "em",
                    "top": "",
                    "right": "",
                    "bottom": "",
                    "left": "",
                    "isLinked": true
                },
                "padding_mobile": {
                    "unit": "em",
                    "top": "",
                    "right": "",
                    "bottom": "",
                    "left": "",
                    "isLinked": true
                },
                "_title": "Lesson Detail Section"
            },
            "elements": [
                {
                    "id": "7eb1f017",
                    "settings": {
                        "_column_size": 50,
                        "_inline_size": 70,
                        "padding": {
                            "unit": "em",
                            "top": "1",
                            "right": "1",
                            "bottom": "1",
                            "left": "1",
                            "isLinked": true
                        },
                        "padding_tablet": {
                            "unit": "em",
                            "top": "",
                            "right": "",
                            "bottom": "",
                            "left": "",
                            "isLinked": true
                        },
                        "padding_mobile": {
                            "unit": "em",
                            "top": "",
                            "right": "",
                            "bottom": "",
                            "left": "",
                            "isLinked": true
                        },
                        "_inline_size_tablet": 100
                    },
                    "elements": [
                        {
                            "id": "26290706",
                            "settings": {
                                "image": {
                                    "url": "http:\/\/kfkit.rometheme.pro\/bsurf\/wp-content\/uploads\/sites\/43\/2022\/12\/kite-surfing-PW4C699-1.jpg",
                                    "id": 2644,
                                    "alt": "",
                                    "source": "library"
                                },
                                "image_size": "full"
                            },
                            "elements": [],
                            "isInner": false,
                            "widgetType": "image",
                            "elType": "widget"
                        },
                        {
                            "id": "302b390f",
                            "settings": {
                                "title": "Lets Go Surfing Now! Everybodys Learning How.",
                                "header_size": "h3"
                            },
                            "elements": [],
                            "isInner": false,
                            "widgetType": "heading",
                            "elType": "widget"
                        },
                        {
                            "id": "d588474",
                            "settings": {
                                "editor": "<p>\" Lorem ipsum dolor sit amet, consectetur adipiscing elit. Nulla blandit turpis at purus mollis, quis laoreet metus molestie. Aliquam sed mi metus \"<\/p>",
                                "align": "left",
                                "_padding": {
                                    "unit": "em",
                                    "top": "1",
                                    "right": "1",
                                    "bottom": "1",
                                    "left": "1",
                                    "isLinked": false
                                },
                                "_padding_tablet": {
                                    "unit": "em",
                                    "top": "",
                                    "right": "",
                                    "bottom": "",
                                    "left": "",
                                    "isLinked": true
                                },
                                "_padding_mobile": {
                                    "unit": "em",
                                    "top": "",
                                    "right": "",
                                    "bottom": "",
                                    "left": "",
                                    "isLinked": true
                                },
                                "_background_background": "classic",
                                "_border_border": "solid",
                                "_border_width": {
                                    "unit": "px",
                                    "top": "0",
                                    "right": "0",
                                    "bottom": "0",
                                    "left": "3",
                                    "isLinked": false
                                },
                                "__globals__": {
                                    "typography_typography": "globals\/typography?id=0177235",
                                    "_background_color": "globals\/colors?id=80a5f70",
                                    "_border_color": "globals\/colors?id=e7f879b",
                                    "text_color": "globals\/colors?id=primary"
                                }
                            },
                            "elements": [],
                            "isInner": false,
                            "widgetType": "text-editor",
                            "elType": "widget"
                        },
                        {
                            "id": "33d73d4a",
                            "settings": {
                                "editor": "<p>Lorem ipsum dolor sit amet, consectetur adipiscing elit. Nulla blandit turpis at purus mollis, quis laoreet metus molestie. Aliquam sed mi metus. Nullam vitae massa a magna posuere fringilla a efficitur neque. Donec consectetur sem quis nisi congue vulputate. Praesent ac porttitor ex. Aliquam malesuada in arcu non tristique. Aenean malesuada hendrerit nunc quis sollicitudin. Sed nulla lorem, volutpat vitae posuere sed, consequat a ex. Sed interdum eget leo sed posuere. Proin ligula mi, sodales non vehicula eget, commodo id massa. Nam a justo ipsum. Class aptent taciti sociosqu ad litora torquent per conubia nostra, per inceptos himenaeos. Fusce vitae diam posuere, cursus nibh vitae, iaculis quam. Vivamus elementum mi turpis, sit amet aliquam eros tincidunt nec. Phasellus convallis arcu et lacus venenatis fringilla.<\/p><p>Nulla dictum lacinia turpis pulvinar lacinia. Fusce in lacus vitae tellus cursus maximus. Duis consequat diam ultricies, dapibus quam non, egestas nisi. Proin vulputate orci sed tristique lobortis. Fusce semper leo id aliquet fermentum. Nullam id aliquet quam, sed mattis ligula. Curabitur luctus felis at turpis facilisis vestibulum. Donec magna ex, ullamcorper non iaculis id, lacinia ut libero. Nunc quam tortor, laoreet sit amet sagittis ac, gravida eget mi. Aliquam euismod leo dolor.<\/p>",
                                "align": "left"
                            },
                            "elements": [],
                            "isInner": false,
                            "widgetType": "text-editor",
                            "elType": "widget"
                        },
                        {
                            "id": "6d0db407",
                            "settings": {
                                "image": {
                                    "url": "http:\/\/kfkit.rometheme.pro\/bsurf\/wp-content\/uploads\/sites\/43\/2022\/12\/mid-adult-man-surfing-rolling-wave-leucadia-califo-2K5MWRU-1.jpg",
                                    "id": 2646,
                                    "alt": "",
                                    "source": "library"
                                },
                                "image_size": "full"
                            },
                            "elements": [],
                            "isInner": false,
                            "widgetType": "image",
                            "elType": "widget"
                        },
                        {
                            "id": "21e51db3",
                            "settings": {
                                "editor": "<p>Nam placerat mollis nibh, id feugiat neque semper vitae. Nulla at efficitur dolor, vel vulputate nibh. Nam sem ex, faucibus nec quam eu, consectetur dignissim eros. Duis vestibulum, elit vitae eleifend vulputate, nulla dui consectetur quam, in dictum dolor erat ut elit. Ut nunc ipsum, viverra vel neque ut, malesuada accumsan purus. Curabitur quis orci semper, feugiat eros vitae, elementum dolor. Vestibulum condimentum iaculis ante, eget placerat dolor pulvinar at. In iaculis sapien eu justo pretium, a convallis libero accumsan. Integer ut velit vel nisi scelerisque gravida. Vivamus iaculis mollis augue, non dignissim massa gravida auctor. Duis rhoncus ante mauris, quis tempus mi laoreet eget. Curabitur lorem tellus, aliquam eu metus mattis, porta semper erat. Vestibulum tellus arcu, efficitur vitae egestas eu, suscipit non elit. Aliquam pellentesque, quam sit amet porta imperdiet, augue nibh sollicitudin ante, id feugiat mi dolor nec ante.<\/p>",
                                "align": "left"
                            },
                            "elements": [],
                            "isInner": false,
                            "widgetType": "text-editor",
                            "elType": "widget"
                        },
                        {
                            "id": "42ebeeb6",
                            "settings": {
                                "structure": "20"
                            },
                            "elements": [
                                {
                                    "id": "5fc81d23",
                                    "settings": {
                                        "_column_size": 50,
                                        "_inline_size": 15,
                                        "padding": {
                                            "unit": "px",
                                            "top": "0",
                                            "right": "0",
                                            "bottom": "0",
                                            "left": "0",
                                            "isLinked": false
                                        },
                                        "_inline_size_tablet": 18,
                                        "_inline_size_mobile": 37
                                    },
                                    "elements": [
                                        {
                                            "id": "5ed291e",
                                            "settings": {
                                                "title": "Share This :",
                                                "header_size": "h5"
                                            },
                                            "elements": [],
                                            "isInner": false,
                                            "widgetType": "heading",
                                            "elType": "widget"
                                        }
                                    ],
                                    "isInner": true,
                                    "elType": "column"
                                },
                                {
                                    "id": "557a1a3f",
                                    "settings": {
                                        "_column_size": 50,
                                        "_inline_size": 84.947,
                                        "padding": {
                                            "unit": "px",
                                            "top": "0",
                                            "right": "0",
                                            "bottom": "0",
                                            "left": "0",
                                            "isLinked": false
                                        },
                                        "_inline_size_tablet": 82,
                                        "_inline_size_mobile": 63
                                    },
                                    "elements": [
                                        {
                                            "id": "667d2b1a",
                                            "settings": {
                                                "social_icon_list": [
                                                    {
                                                        "social_icon": {
                                                            "value": "fab fa-facebook",
                                                            "library": "fa-brands"
                                                        },
                                                        "_id": "4bd0f86",
                                                        "item_icon_color": "custom"
                                                    },
                                                    {
                                                        "social_icon": {
                                                            "value": "fab fa-instagram",
                                                            "library": "fa-brands"
                                                        },
                                                        "_id": "d729e3f"
                                                    },
                                                    {
                                                        "social_icon": {
                                                            "value": "fab fa-twitter",
                                                            "library": "fa-brands"
                                                        },
                                                        "_id": "dbf24ef"
                                                    },
                                                    {
                                                        "social_icon": {
                                                            "value": "fab fa-youtube",
                                                            "library": "fa-brands"
                                                        },
                                                        "_id": "a3327a6"
                                                    }
                                                ],
                                                "align": "left",
                                                "icon_color": "custom",
                                                "icon_size": {
                                                    "unit": "px",
                                                    "size": 20,
                                                    "sizes": []
                                                },
                                                "icon_padding": {
                                                    "unit": "em",
                                                    "size": 0.1,
                                                    "sizes": []
                                                },
                                                "icon_spacing": {
                                                    "unit": "px",
                                                    "size": 15,
                                                    "sizes": []
                                                },
                                                "hover_animation": "grow",
                                                "__globals__": {
                                                    "icon_primary_color": "globals\/colors?id=c01ff5f",
                                                    "icon_secondary_color": "globals\/colors?id=e7f879b",
                                                    "hover_primary_color": "globals\/colors?id=c01ff5f",
                                                    "hover_secondary_color": "globals\/colors?id=d26f039"
                                                }
                                            },
                                            "elements": [],
                                            "isInner": false,
                                            "widgetType": "social-icons",
                                            "elType": "widget"
                                        }
                                    ],
                                    "isInner": true,
                                    "elType": "column"
                                }
                            ],
                            "isInner": true,
                            "elType": "section"
                        }
                    ],
                    "isInner": false,
                    "elType": "column"
                },
                {
                    "id": "3d54c70f",
                    "settings": {
                        "_column_size": 50,
                        "_inline_size": 30,
                        "padding": {
                            "unit": "em",
                            "top": "1",
                            "right": "1",
                            "bottom": "1",
                            "left": "1",
                            "isLinked": true
                        },
                        "padding_tablet": {
                            "unit": "em",
                            "top": "",
                            "right": "",
                            "bottom": "",
                            "left": "",
                            "isLinked": true
                        },
                        "padding_mobile": {
                            "unit": "em",
                            "top": "",
                            "right": "",
                            "bottom": "",
                            "left": "",
                            "isLinked": true
                        },
                        "_inline_size_tablet": 100
                    },
                    "elements": [
                        {
                            "id": "22de5126",
                            "settings": [],
                            "elements": [
                                {
                                    "id": "208fd94e",
                                    "settings": {
                                        "_column_size": 100,
                                        "_inline_size": null,
                                        "background_background": "classic",
                                        "padding": {
                                            "unit": "em",
                                            "top": "2",
                                            "right": "2",
                                            "bottom": "2",
                                            "left": "2",
                                            "isLinked": true
                                        },
                                        "padding_tablet": {
                                            "unit": "em",
                                            "top": "",
                                            "right": "",
                                            "bottom": "",
                                            "left": "",
                                            "isLinked": true
                                        },
                                        "padding_mobile": {
                                            "unit": "em",
                                            "top": "1",
                                            "right": "1",
                                            "bottom": "1",
                                            "left": "1",
                                            "isLinked": true
                                        },
                                        "__globals__": {
                                            "background_color": "globals\/colors?id=80a5f70"
                                        }
                                    },
                                    "elements": [
                                        {
                                            "id": "157245f6",
                                            "settings": {
                                                "title": "Instructor.",
                                                "header_size": "h4",
                                                "align": "center"
                                            },
                                            "elements": [],
                                            "isInner": false,
                                            "widgetType": "heading",
                                            "elType": "widget"
                                        },
                                        {
                                            "id": "66d01b93",
                                            "settings": {
                                                "width": {
                                                    "unit": "px",
                                                    "size": 70,
                                                    "sizes": []
                                                },
                                                "width_tablet": {
                                                    "unit": "px",
                                                    "size": "",
                                                    "sizes": []
                                                },
                                                "width_mobile": {
                                                    "unit": "px",
                                                    "size": "",
                                                    "sizes": []
                                                },
                                                "text": "Divider",
                                                "gap": {
                                                    "unit": "px",
                                                    "size": 0,
                                                    "sizes": []
                                                },
                                                "__globals__": {
                                                    "color": "globals\/colors?id=e7f879b"
                                                },
                                                "align": "center"
                                            },
                                            "elements": [],
                                            "isInner": false,
                                            "widgetType": "divider",
                                            "elType": "widget"
                                        },
                                        {
                                            "id": "63c0957a",
                                            "settings": {
                                                "image": {
                                                    "url": "http:\/\/kfkit.rometheme.pro\/bsurf\/wp-content\/uploads\/sites\/43\/2022\/12\/fit-senior-man-having-fun-surfing-on-tropical-beac-BH33ESM-1.jpg",
                                                    "id": 2637,
                                                    "alt": "",
                                                    "source": "library"
                                                },
                                                "title_text": "Hendrik Morella",
                                                "description_text": "Senior Instructor",
                                                "title_size": "h5",
                                                "image_border_border": "solid",
                                                "image_border_width": {
                                                    "unit": "px",
                                                    "top": "2",
                                                    "right": "2",
                                                    "bottom": "2",
                                                    "left": "2",
                                                    "isLinked": true
                                                },
                                                "image_border_radius": {
                                                    "unit": "px",
                                                    "size": 100,
                                                    "sizes": []
                                                },
                                                "text_align": "center",
                                                "content_vertical_alignment": "middle",
                                                "title_bottom_space": {
                                                    "unit": "px",
                                                    "size": 0,
                                                    "sizes": []
                                                },
                                                "__globals__": {
                                                    "image_border_color": "globals\/colors?id=e7f879b",
                                                    "description_color": "globals\/colors?id=e7f879b"
                                                },
                                                "image_space": {
                                                    "unit": "px",
                                                    "size": 0,
                                                    "sizes": []
                                                },
                                                "image_size": {
                                                    "unit": "%",
                                                    "size": 25,
                                                    "sizes": []
                                                },
                                                "image_size_tablet": {
                                                    "unit": "%",
                                                    "size": 13,
                                                    "sizes": []
                                                },
                                                "image_size_mobile": {
                                                    "unit": "%",
                                                    "size": 20,
                                                    "sizes": []
                                                },
                                                "image_border_radius_tablet": {
                                                    "unit": "px",
                                                    "size": 150,
                                                    "sizes": []
                                                }
                                            },
                                            "elements": [],
                                            "isInner": false,
                                            "widgetType": "image-box",
                                            "elType": "widget"
                                        },
                                        {
                                            "id": "5194c607",
                                            "settings": {
                                                "editor": "<p>Lorem ipsum dolor sit amet consectetur adipiscing elit Ut elit tellus luctus nec ullamcorper mattis pulvinar.<\/p>",
                                                "align": "center"
                                            },
                                            "elements": [],
                                            "isInner": false,
                                            "widgetType": "text-editor",
                                            "elType": "widget"
                                        }
                                    ],
                                    "isInner": true,
                                    "elType": "column"
                                }
                            ],
                            "isInner": true,
                            "elType": "section"
                        },
                        {
                            "id": "377c51f2",
                            "settings": {
                                "space": {
                                    "unit": "px",
                                    "size": 10,
                                    "sizes": []
                                }
                            },
                            "elements": [],
                            "isInner": false,
                            "widgetType": "spacer",
                            "elType": "widget"
                        },
                        {
                            "id": "63d6f01d",
                            "settings": [],
                            "elements": [
                                {
                                    "id": "11e3bbd6",
                                    "settings": {
                                        "_column_size": 100,
                                        "_inline_size": null,
                                        "background_background": "classic",
                                        "border_border": "solid",
                                        "border_width": {
                                            "unit": "px",
                                            "top": "1",
                                            "right": "1",
                                            "bottom": "1",
                                            "left": "1",
                                            "isLinked": true
                                        },
                                        "border_color": "#00A7C7",
                                        "padding": {
                                            "unit": "em",
                                            "top": "2",
                                            "right": "2",
                                            "bottom": "2",
                                            "left": "2",
                                            "isLinked": true
                                        },
                                        "padding_tablet": {
                                            "unit": "em",
                                            "top": "",
                                            "right": "",
                                            "bottom": "",
                                            "left": "",
                                            "isLinked": true
                                        },
                                        "padding_mobile": {
                                            "unit": "em",
                                            "top": "1",
                                            "right": "1",
                                            "bottom": "1",
                                            "left": "1",
                                            "isLinked": true
                                        },
                                        "__globals__": {
                                            "background_color": "",
                                            "border_color": "globals\/colors?id=e7f879b"
                                        }
                                    },
                                    "elements": [
                                        {
                                            "id": "3f5bc490",
                                            "settings": {
                                                "title": "Recent Lessons.",
                                                "header_size": "h4",
                                                "align": "center"
                                            },
                                            "elements": [],
                                            "isInner": false,
                                            "widgetType": "heading",
                                            "elType": "widget"
                                        },
                                        {
                                            "id": "68b5ad6f",
                                            "settings": {
                                                "width": {
                                                    "unit": "px",
                                                    "size": 70,
                                                    "sizes": []
                                                },
                                                "width_tablet": {
                                                    "unit": "px",
                                                    "size": "",
                                                    "sizes": []
                                                },
                                                "width_mobile": {
                                                    "unit": "px",
                                                    "size": "",
                                                    "sizes": []
                                                },
                                                "text": "Divider",
                                                "gap": {
                                                    "unit": "px",
                                                    "size": 0,
                                                    "sizes": []
                                                },
                                                "__globals__": {
                                                    "color": "globals\/colors?id=e7f879b"
                                                },
                                                "align": "center"
                                            },
                                            "elements": [],
                                            "isInner": false,
                                            "widgetType": "divider",
                                            "elType": "widget"
                                        },
                                        {
                                            "id": "4e4db5a",
                                            "settings": {
                                                "text": "SURFING LESSONS",
                                                "align": "justify",
                                                "border_border": "solid",
                                                "border_width": {
                                                    "unit": "px",
                                                    "top": "1",
                                                    "right": "1",
                                                    "bottom": "1",
                                                    "left": "1",
                                                    "isLinked": true
                                                },
                                                "border_radius": {
                                                    "unit": "px",
                                                    "top": "0",
                                                    "right": "0",
                                                    "bottom": "0",
                                                    "left": "0",
                                                    "isLinked": true
                                                },
                                                "__globals__": {
                                                    "background_color": "globals\/colors?id=c01ff5f",
                                                    "button_text_color": "globals\/colors?id=e7f879b",
                                                    "border_color": "globals\/colors?id=e7f879b",
                                                    "hover_color": "globals\/colors?id=secondary",
                                                    "button_background_hover_color": "globals\/colors?id=e7f879b"
                                                }
                                            },
                                            "elements": [],
                                            "isInner": false,
                                            "widgetType": "button",
                                            "elType": "widget"
                                        },
                                        {
                                            "id": "400ab691",
                                            "settings": {
                                                "text": "KAYAKING",
                                                "align": "justify",
                                                "border_border": "solid",
                                                "border_width": {
                                                    "unit": "px",
                                                    "top": "1",
                                                    "right": "1",
                                                    "bottom": "1",
                                                    "left": "1",
                                                    "isLinked": true
                                                },
                                                "border_radius": {
                                                    "unit": "px",
                                                    "top": "0",
                                                    "right": "0",
                                                    "bottom": "0",
                                                    "left": "0",
                                                    "isLinked": true
                                                },
                                                "__globals__": {
                                                    "background_color": "globals\/colors?id=c01ff5f",
                                                    "button_text_color": "globals\/colors?id=e7f879b",
                                                    "border_color": "globals\/colors?id=e7f879b",
                                                    "hover_color": "globals\/colors?id=secondary",
                                                    "button_background_hover_color": "globals\/colors?id=e7f879b"
                                                }
                                            },
                                            "elements": [],
                                            "isInner": false,
                                            "widgetType": "button",
                                            "elType": "widget"
                                        },
                                        {
                                            "id": "4a249a0f",
                                            "settings": {
                                                "text": "KITESURFING",
                                                "align": "justify",
                                                "border_width": {
                                                    "unit": "px",
                                                    "top": "1",
                                                    "right": "1",
                                                    "bottom": "1",
                                                    "left": "1",
                                                    "isLinked": true
                                                },
                                                "border_color": "#00A7C7",
                                                "border_radius": {
                                                    "unit": "px",
                                                    "top": "0",
                                                    "right": "0",
                                                    "bottom": "0",
                                                    "left": "0",
                                                    "isLinked": true
                                                },
                                                "__globals__": {
                                                    "background_color": "",
                                                    "button_text_color": "",
                                                    "border_color": "globals\/colors?id=e7f879b",
                                                    "hover_color": "",
                                                    "button_background_hover_color": ""
                                                }
                                            },
                                            "elements": [],
                                            "isInner": false,
                                            "widgetType": "button",
                                            "elType": "widget"
                                        },
                                        {
                                            "id": "70361b06",
                                            "settings": {
                                                "text": "PARASAILINGS",
                                                "align": "justify",
                                                "border_border": "solid",
                                                "border_width": {
                                                    "unit": "px",
                                                    "top": "1",
                                                    "right": "1",
                                                    "bottom": "1",
                                                    "left": "1",
                                                    "isLinked": true
                                                },
                                                "border_radius": {
                                                    "unit": "px",
                                                    "top": "0",
                                                    "right": "0",
                                                    "bottom": "0",
                                                    "left": "0",
                                                    "isLinked": true
                                                },
                                                "__globals__": {
                                                    "background_color": "globals\/colors?id=c01ff5f",
                                                    "button_text_color": "globals\/colors?id=e7f879b",
                                                    "border_color": "globals\/colors?id=e7f879b",
                                                    "hover_color": "globals\/colors?id=secondary",
                                                    "button_background_hover_color": "globals\/colors?id=e7f879b"
                                                }
                                            },
                                            "elements": [],
                                            "isInner": false,
                                            "widgetType": "button",
                                            "elType": "widget"
                                        }
                                    ],
                                    "isInner": true,
                                    "elType": "column"
                                }
                            ],
                            "isInner": true,
                            "elType": "section"
                        },
                        {
                            "id": "6df4b2d1",
                            "settings": {
                                "space": {
                                    "unit": "px",
                                    "size": 10,
                                    "sizes": []
                                }
                            },
                            "elements": [],
                            "isInner": false,
                            "widgetType": "spacer",
                            "elType": "widget"
                        },
                        {
                            "id": "5e33f803",
                            "settings": {
                                "background_background": "classic"
                            },
                            "elements": [
                                {
                                    "id": "203737ac",
                                    "settings": {
                                        "_column_size": 100,
                                        "_inline_size": null,
                                        "background_background": "classic",
                                        "background_image": {
                                            "url": "http:\/\/kfkit.rometheme.pro\/bsurf\/wp-content\/uploads\/sites\/43\/2022\/12\/pretty-young-blonde-woman-in-swimsuit-looks-into-d-MM3EXNS-1.jpg",
                                            "id": 2647,
                                            "alt": "",
                                            "source": "library"
                                        },
                                        "background_position": "center center",
                                        "background_size": "cover",
                                        "background_overlay_background": "classic",
                                        "background_overlay_opacity": {
                                            "unit": "px",
                                            "size": 0.6,
                                            "sizes": []
                                        },
                                        "padding": {
                                            "unit": "em",
                                            "top": "9",
                                            "right": "2",
                                            "bottom": "2",
                                            "left": "2",
                                            "isLinked": false
                                        },
                                        "padding_tablet": {
                                            "unit": "em",
                                            "top": "",
                                            "right": "",
                                            "bottom": "",
                                            "left": "",
                                            "isLinked": true
                                        },
                                        "padding_mobile": {
                                            "unit": "em",
                                            "top": "5",
                                            "right": "1",
                                            "bottom": "1",
                                            "left": "1",
                                            "isLinked": false
                                        },
                                        "__globals__": {
                                            "background_color": "",
                                            "background_overlay_color": "globals\/colors?id=e7f879b"
                                        },
                                        "background_position_tablet": "top center"
                                    },
                                    "elements": [
                                        {
                                            "id": "4e97088",
                                            "settings": {
                                                "selected_icon": {
                                                    "value": "icon icon-user1",
                                                    "library": "ekiticons"
                                                },
                                                "size": {
                                                    "unit": "px",
                                                    "size": 75,
                                                    "sizes": []
                                                },
                                                "__globals__": {
                                                    "primary_color": "globals\/colors?id=secondary"
                                                },
                                                "size_mobile": {
                                                    "unit": "px",
                                                    "size": 60,
                                                    "sizes": []
                                                }
                                            },
                                            "elements": [],
                                            "isInner": false,
                                            "widgetType": "icon",
                                            "elType": "widget"
                                        },
                                        {
                                            "id": "f6ca9",
                                            "settings": {
                                                "title": "We Create Careers for the Instructors.",
                                                "header_size": "h4",
                                                "align": "center",
                                                "__globals__": {
                                                    "title_color": "globals\/colors?id=secondary"
                                                }
                                            },
                                            "elements": [],
                                            "isInner": false,
                                            "widgetType": "heading",
                                            "elType": "widget"
                                        },
                                        {
                                            "id": "50c5ff2f",
                                            "settings": {
                                                "text": "JOIN US NOW",
                                                "align": "center",
                                                "selected_icon": {
                                                    "value": "icon icon-arrow-right",
                                                    "library": "ekiticons"
                                                },
                                                "icon_align": "right",
                                                "icon_indent": {
                                                    "unit": "px",
                                                    "size": 10,
                                                    "sizes": []
                                                },
                                                "typography_font_family": "Josefin Sans",
                                                "typography_font_size": {
                                                    "unit": "rem",
                                                    "size": 1,
                                                    "sizes": []
                                                },
                                                "typography_font_size_tablet": {
                                                    "unit": "rem",
                                                    "size": "",
                                                    "sizes": []
                                                },
                                                "typography_font_size_mobile": {
                                                    "unit": "rem",
                                                    "size": "",
                                                    "sizes": []
                                                },
                                                "typography_font_weight": "600",
                                                "typography_line_height": {
                                                    "unit": "em",
                                                    "size": 1.3,
                                                    "sizes": []
                                                },
                                                "typography_letter_spacing": {
                                                    "unit": "em",
                                                    "size": 0.2,
                                                    "sizes": []
                                                },
                                                "typography_letter_spacing_tablet": {
                                                    "unit": "em",
                                                    "size": "",
                                                    "sizes": []
                                                },
                                                "typography_letter_spacing_mobile": {
                                                    "unit": "em",
                                                    "size": "",
                                                    "sizes": []
                                                },
                                                "border_radius": {
                                                    "unit": "px",
                                                    "top": "0",
                                                    "right": "0",
                                                    "bottom": "0",
                                                    "left": "0",
                                                    "isLinked": false
                                                },
                                                "text_padding": {
                                                    "unit": "px",
                                                    "top": "0",
                                                    "right": "0",
                                                    "bottom": "0",
                                                    "left": "0",
                                                    "isLinked": false
                                                },
                                                "__globals__": {
                                                    "button_text_color": "",
                                                    "hover_color": "globals\/colors?id=d26f039",
                                                    "background_color": "globals\/colors?id=c01ff5f"
                                                },
                                                "background_color": "#02010100",
                                                "border_border": "solid",
                                                "border_width": {
                                                    "unit": "px",
                                                    "top": "0",
                                                    "right": "0",
                                                    "bottom": "0",
                                                    "left": "0",
                                                    "isLinked": true
                                                }
                                            },
                                            "elements": [],
                                            "isInner": false,
                                            "widgetType": "button",
                                            "elType": "widget"
                                        }
                                    ],
                                    "isInner": true,
                                    "elType": "column"
                                }
                            ],
                            "isInner": true,
                            "elType": "section"
                        }
                    ],
                    "isInner": false,
                    "elType": "column"
                }
            ],
            "isInner": false,
            "elType": "section"
        }
    ]
}