{
    "version": "0.4",
    "title": "Newsletter Form Metform",
    "type": "section",
    "metadata": {
        "template_type": "section-contact",
        "include_in_zip": "1",
        "elementor_pro_required": null,
        "wp_page_template": "elementor_canvas"
    },
    "content": [
        {
            "id": "3f047fe",
            "settings": [],
            "elements": [
                {
                    "id": "2f064f09",
                    "settings": {
                        "_column_size": 100,
                        "_inline_size": null,
                        "padding": {
                            "unit": "px",
                            "top": "0",
                            "right": "0",
                            "bottom": "0",
                            "left": "0",
                            "isLinked": false
                        }
                    },
                    "elements": [
                        {
                            "id": "214b5c67",
                            "settings": {
                                "mf_input_label_status": "",
                                "mf_input_label": "Text",
                                "mf_input_name": "mf-text",
                                "mf_input_placeholder": "Subscribe our Newsletter",
                                "mf_input_validation_warning_message": "This field is required.",
                                "mf_input_padding": {
                                    "unit": "px",
                                    "top": "15",
                                    "right": "15",
                                    "bottom": "15",
                                    "left": "15",
                                    "isLinked": true
                                },
                                "mf_input_color": "#1A606E",
                                "mf_input_background_background": "classic",
                                "mf_input_background_color": "#F8F8F8",
                                "mf_input_border_border": "solid",
                                "mf_input_border_width": {
                                    "unit": "px",
                                    "top": "1",
                                    "right": "1",
                                    "bottom": "1",
                                    "left": "1",
                                    "isLinked": true
                                },
                                "mf_input_border_color": "#9BCFE0",
                                "__globals__": {
                                    "mf_input_color": "globals\/colors?id=primary",
                                    "mf_input_background_color": "globals\/colors?id=secondary",
                                    "mf_input_border_color": "globals\/colors?id=d26f039",
                                    "mf_input_place_holder_typography_typography": "globals\/typography?id=7f61a08"
                                }
                            },
                            "elements": [],
                            "isInner": false,
                            "widgetType": "mf-text",
                            "elType": "widget"
                        },
                        {
                            "id": "58760c56",
                            "settings": {
                                "mf_btn_text": "SUBSCRIBE NOW",
                                "mf_btn_align": "justify",
                                "mf_btn_icon": {
                                    "value": "icon icon-arrow-right",
                                    "library": "ekiticons"
                                },
                                "mf_btn_icon_align": "right",
                                "mf_hidden_input": [],
                                "mf_btn_text_padding": {
                                    "unit": "px",
                                    "top": "15",
                                    "right": "25",
                                    "bottom": "15",
                                    "left": "25",
                                    "isLinked": false
                                },
                                "mf_btn_bg_color_background": "classic",
                                "mf_btn_bg_hover_color_background": "classic",
                                "mf_btn_border_style": "solid",
                                "mf_btn_border_dimensions": {
                                    "unit": "px",
                                    "top": "1",
                                    "right": "1",
                                    "bottom": "1",
                                    "left": "1",
                                    "isLinked": true
                                },
                                "mf_btn_border_radius": {
                                    "unit": "px",
                                    "top": "0",
                                    "right": "0",
                                    "bottom": "0",
                                    "left": "0",
                                    "isLinked": true
                                },
                                "mf_btn_box_shadow_group_box_shadow_type": "yes",
                                "mf_btn_box_shadow_group_box_shadow": {
                                    "horizontal": 0,
                                    "vertical": 0,
                                    "blur": 10,
                                    "spread": 0,
                                    "color": "rgba(0, 0, 0, 0)"
                                },
                                "__globals__": {
                                    "mf_btn_typography_typography": "globals\/typography?id=accent",
                                    "mf_btn_text_color": "globals\/colors?id=secondary",
                                    "mf_btn_bg_color_color": "globals\/colors?id=d26f039",
                                    "mf_btn_hover_color": "globals\/colors?id=secondary",
                                    "mf_btn_bg_hover_color_color": "globals\/colors?id=c01ff5f",
                                    "mf_btn_border_color": "globals\/colors?id=c01ff5f",
                                    "mf_btn_hover_border_color": "globals\/colors?id=d26f039"
                                },
                                "mf_btn_align_tablet": "justify",
                                "mf_btn_align_mobile": "justify"
                            },
                            "elements": [],
                            "isInner": false,
                            "widgetType": "mf-button",
                            "elType": "widget"
                        }
                    ],
                    "isInner": false,
                    "elType": "column"
                }
            ],
            "isInner": false,
            "elType": "section"
        }
    ]
}