{
    "version": "0.4",
    "title": "Registration",
    "type": "page",
    "metadata": {
        "template_type": "single-page",
        "include_in_zip": "1",
        "elementor_pro_required": null,
        "wp_page_template": "elementor_header_footer"
    },
    "content": [
        {
            "id": "644f7876",
            "settings": {
                "layout": "full_width",
                "gap": "no",
                "height": "min-height",
                "custom_height": {
                    "unit": "vh",
                    "size": 50,
                    "sizes": []
                },
                "custom_height_tablet": {
                    "unit": "vw",
                    "size": "",
                    "sizes": []
                },
                "custom_height_mobile": {
                    "unit": "vw",
                    "size": "",
                    "sizes": []
                },
                "column_position": "stretch",
                "content_position": "middle",
                "structure": "20",
                "background_background": "classic",
                "background_image": {
                    "url": "http:\/\/kfkit.rometheme.pro\/bsurf\/wp-content\/uploads\/sites\/43\/2022\/12\/professional-surfer-in-wet-t-shirt-riding-waves-on-S3DK3X9.jpg",
                    "id": 17,
                    "alt": "",
                    "source": "library"
                },
                "background_position": "center center",
                "background_size": "cover",
                "padding": {
                    "unit": "em",
                    "top": "",
                    "right": "",
                    "bottom": "",
                    "left": "",
                    "isLinked": true
                },
                "padding_tablet": {
                    "unit": "em",
                    "top": "",
                    "right": "",
                    "bottom": "",
                    "left": "",
                    "isLinked": true
                },
                "padding_mobile": {
                    "unit": "em",
                    "top": "",
                    "right": "",
                    "bottom": "",
                    "left": "",
                    "isLinked": true
                },
                "reverse_order_mobile": "reverse-mobile",
                "_title": "Heading Page Section"
            },
            "elements": [
                {
                    "id": "523fc4cb",
                    "settings": {
                        "_column_size": 50,
                        "_inline_size": 46,
                        "padding": {
                            "unit": "em",
                            "top": "1",
                            "right": "1",
                            "bottom": "3",
                            "left": "16.5",
                            "isLinked": false
                        },
                        "padding_tablet": {
                            "unit": "em",
                            "top": "1",
                            "right": "1",
                            "bottom": "2",
                            "left": "1",
                            "isLinked": false
                        },
                        "padding_mobile": {
                            "unit": "em",
                            "top": "1",
                            "right": "1",
                            "bottom": "1",
                            "left": "1",
                            "isLinked": false
                        },
                        "content_position": "bottom"
                    },
                    "elements": [
                        {
                            "id": "13f409f6",
                            "settings": {
                                "editor": "<p>Home \/ <a href=\"#\">Registration<\/a><\/p>",
                                "__globals__": {
                                    "typography_typography": "globals\/typography?id=14b315f",
                                    "text_color": "globals\/colors?id=secondary"
                                }
                            },
                            "elements": [],
                            "isInner": false,
                            "widgetType": "text-editor",
                            "elType": "widget"
                        }
                    ],
                    "isInner": false,
                    "elType": "column"
                },
                {
                    "id": "55f66f30",
                    "settings": {
                        "_column_size": 50,
                        "_inline_size": 54,
                        "background_background": "classic",
                        "padding": {
                            "unit": "em",
                            "top": "4",
                            "right": "1",
                            "bottom": "1",
                            "left": "4",
                            "isLinked": false
                        },
                        "padding_tablet": {
                            "unit": "em",
                            "top": "1",
                            "right": "1",
                            "bottom": "1",
                            "left": "3",
                            "isLinked": false
                        },
                        "padding_mobile": {
                            "unit": "em",
                            "top": "1",
                            "right": "1",
                            "bottom": "1",
                            "left": "1",
                            "isLinked": true
                        },
                        "__globals__": {
                            "background_color": "globals\/colors?id=4310afa"
                        },
                        "content_position_mobile": "bottom"
                    },
                    "elements": [
                        {
                            "id": "67479572",
                            "settings": {
                                "title": "Registration"
                            },
                            "elements": [],
                            "isInner": false,
                            "widgetType": "heading",
                            "elType": "widget"
                        }
                    ],
                    "isInner": false,
                    "elType": "column"
                }
            ],
            "isInner": false,
            "elType": "section"
        },
        {
            "id": "78d5037d",
            "settings": {
                "structure": "20",
                "padding": {
                    "unit": "em",
                    "top": "0",
                    "right": "1",
                    "bottom": "6",
                    "left": "1",
                    "isLinked": false
                },
                "padding_tablet": {
                    "unit": "em",
                    "top": "",
                    "right": "",
                    "bottom": "",
                    "left": "",
                    "isLinked": true
                },
                "padding_mobile": {
                    "unit": "em",
                    "top": "",
                    "right": "",
                    "bottom": "",
                    "left": "",
                    "isLinked": true
                },
                "_title": "Contact Us Section"
            },
            "elements": [
                {
                    "id": "15baed31",
                    "settings": {
                        "_column_size": 50,
                        "_inline_size": 44.4,
                        "_inline_size_tablet": 100,
                        "padding": {
                            "unit": "px",
                            "top": "0",
                            "right": "0",
                            "bottom": "0",
                            "left": "0",
                            "isLinked": false
                        }
                    },
                    "elements": [
                        {
                            "id": "732ad638",
                            "settings": {
                                "mf_form_id": "618***1673947057759"
                            },
                            "elements": [],
                            "isInner": false,
                            "widgetType": "metform",
                            "elType": "widget"
                        }
                    ],
                    "isInner": false,
                    "elType": "column"
                },
                {
                    "id": "7ccd4d0",
                    "settings": {
                        "_column_size": 50,
                        "_inline_size": 55.6,
                        "padding": {
                            "unit": "em",
                            "top": "1",
                            "right": "1",
                            "bottom": "1",
                            "left": "5",
                            "isLinked": false
                        },
                        "padding_tablet": {
                            "unit": "em",
                            "top": "3",
                            "right": "1",
                            "bottom": "3",
                            "left": "1",
                            "isLinked": false
                        },
                        "padding_mobile": {
                            "unit": "em",
                            "top": "",
                            "right": "",
                            "bottom": "",
                            "left": "",
                            "isLinked": true
                        },
                        "_inline_size_tablet": 100,
                        "content_position": "center"
                    },
                    "elements": [
                        {
                            "id": "574ede66",
                            "settings": {
                                "structure": "20",
                                "padding": {
                                    "unit": "em",
                                    "top": "0",
                                    "right": "0",
                                    "bottom": "2",
                                    "left": "0",
                                    "isLinked": false
                                },
                                "padding_tablet": {
                                    "unit": "em",
                                    "top": "",
                                    "right": "",
                                    "bottom": "",
                                    "left": "",
                                    "isLinked": true
                                },
                                "padding_mobile": {
                                    "unit": "em",
                                    "top": "",
                                    "right": "",
                                    "bottom": "",
                                    "left": "",
                                    "isLinked": true
                                }
                            },
                            "elements": [
                                {
                                    "id": "3f55d88",
                                    "settings": {
                                        "_column_size": 50,
                                        "_inline_size": 25,
                                        "padding": {
                                            "unit": "px",
                                            "top": "0",
                                            "right": "0",
                                            "bottom": "0",
                                            "left": "0",
                                            "isLinked": false
                                        },
                                        "_inline_size_tablet": 18,
                                        "padding_mobile": {
                                            "unit": "em",
                                            "top": "0",
                                            "right": "0",
                                            "bottom": "1",
                                            "left": "2.4",
                                            "isLinked": false
                                        }
                                    },
                                    "elements": [
                                        {
                                            "id": "757e929a",
                                            "settings": {
                                                "title": "SURFING LESSON",
                                                "align": "left",
                                                "__globals__": {
                                                    "title_color": "globals\/colors?id=e7f879b",
                                                    "typography_typography": "globals\/typography?id=417736c"
                                                }
                                            },
                                            "elements": [],
                                            "isInner": false,
                                            "widgetType": "heading",
                                            "elType": "widget"
                                        }
                                    ],
                                    "isInner": true,
                                    "elType": "column"
                                },
                                {
                                    "id": "79568302",
                                    "settings": {
                                        "_column_size": 50,
                                        "_inline_size": 75,
                                        "padding": {
                                            "unit": "px",
                                            "top": "0",
                                            "right": "0",
                                            "bottom": "0",
                                            "left": "0",
                                            "isLinked": false
                                        }
                                    },
                                    "elements": [
                                        {
                                            "id": "1d6314d5",
                                            "settings": {
                                                "title": "Join up & Begin Your Surf Lesson Right Away.",
                                                "header_size": "h3",
                                                "align": "left",
                                                "__globals__": {
                                                    "title_color": "",
                                                    "_border_color": "globals\/colors?id=e7f879b",
                                                    "typography_typography": ""
                                                },
                                                "_padding": {
                                                    "unit": "em",
                                                    "top": "0",
                                                    "right": "0",
                                                    "bottom": "0",
                                                    "left": "2",
                                                    "isLinked": false
                                                },
                                                "_padding_tablet": {
                                                    "unit": "em",
                                                    "top": "",
                                                    "right": "",
                                                    "bottom": "",
                                                    "left": "",
                                                    "isLinked": true
                                                },
                                                "_padding_mobile": {
                                                    "unit": "em",
                                                    "top": "",
                                                    "right": "",
                                                    "bottom": "",
                                                    "left": "",
                                                    "isLinked": true
                                                },
                                                "_border_border": "solid",
                                                "_border_width": {
                                                    "unit": "px",
                                                    "top": "0",
                                                    "right": "0",
                                                    "bottom": "0",
                                                    "left": "2",
                                                    "isLinked": false
                                                },
                                                "typography_font_family": "Josefin Sans",
                                                "typography_font_size": {
                                                    "unit": "rem",
                                                    "size": 3,
                                                    "sizes": []
                                                },
                                                "typography_font_size_tablet": {
                                                    "unit": "rem",
                                                    "size": "",
                                                    "sizes": []
                                                },
                                                "typography_font_size_mobile": {
                                                    "unit": "rem",
                                                    "size": "",
                                                    "sizes": []
                                                },
                                                "typography_font_weight": "700",
                                                "typography_line_height": {
                                                    "unit": "em",
                                                    "size": 1.1,
                                                    "sizes": []
                                                },
                                                "typography_letter_spacing": {
                                                    "unit": "em",
                                                    "size": "",
                                                    "sizes": []
                                                },
                                                "typography_letter_spacing_tablet": {
                                                    "unit": "em",
                                                    "size": "",
                                                    "sizes": []
                                                },
                                                "typography_letter_spacing_mobile": {
                                                    "unit": "em",
                                                    "size": "",
                                                    "sizes": []
                                                },
                                                "typography_word_spacing": {
                                                    "unit": "em",
                                                    "size": "",
                                                    "sizes": []
                                                },
                                                "_border_color": "#00A7C7"
                                            },
                                            "elements": [],
                                            "isInner": false,
                                            "widgetType": "heading",
                                            "elType": "widget"
                                        }
                                    ],
                                    "isInner": true,
                                    "elType": "column"
                                }
                            ],
                            "isInner": true,
                            "elType": "section"
                        },
                        {
                            "id": "3319a59a",
                            "settings": {
                                "editor": "<p>Lorem ipsum dolor sit amet, consectetur adipiscing elit. Nam eleifend, enim tempus vulputate porta.<\/p>",
                                "typography_font_family": "Nunito Sans",
                                "typography_font_size": {
                                    "unit": "rem",
                                    "size": 1,
                                    "sizes": []
                                },
                                "typography_font_size_tablet": {
                                    "unit": "rem",
                                    "size": "",
                                    "sizes": []
                                },
                                "typography_font_size_mobile": {
                                    "unit": "rem",
                                    "size": "",
                                    "sizes": []
                                },
                                "typography_font_weight": "400",
                                "typography_line_height": {
                                    "unit": "em",
                                    "size": 1.6,
                                    "sizes": []
                                },
                                "_margin": {
                                    "unit": "px",
                                    "top": "0",
                                    "right": "0",
                                    "bottom": "0",
                                    "left": "0",
                                    "isLinked": false
                                },
                                "_padding": {
                                    "unit": "em",
                                    "top": "0",
                                    "right": "0",
                                    "bottom": "0",
                                    "left": "12.6",
                                    "isLinked": false
                                },
                                "_padding_tablet": {
                                    "unit": "em",
                                    "top": "0",
                                    "right": "0",
                                    "bottom": "0",
                                    "left": "11",
                                    "isLinked": false
                                },
                                "_padding_mobile": {
                                    "unit": "em",
                                    "top": "0",
                                    "right": "0",
                                    "bottom": "0",
                                    "left": "2.4",
                                    "isLinked": false
                                },
                                "__globals__": {
                                    "text_color": ""
                                }
                            },
                            "elements": [],
                            "isInner": false,
                            "widgetType": "text-editor",
                            "elType": "widget"
                        },
                        {
                            "id": "4077c694",
                            "settings": {
                                "ekit_accordion_items": [
                                    {
                                        "acc_title": "Pellentesque viverra placerat?",
                                        "acc_content": "<p>Far far away behind the word mountains far from the countries Vokalia and Consonantia,<\/p>",
                                        "ekit_acc_is_active": "yes",
                                        "_id": "d757821"
                                    },
                                    {
                                        "_id": "9ffd92b",
                                        "acc_title": "Proin tortor ex ultrices?",
                                        "acc_content": "<p>Far far away behind the word mountains far from the countries Vokalia and Consonantia,<\/p>"
                                    },
                                    {
                                        "acc_title": "Etiam bibendum ut eros id?",
                                        "acc_content": "<p>Far far away behind the word mountains far from the countries Vokalia and Consonantia,<\/p>",
                                        "_id": "333db95"
                                    }
                                ],
                                "ekit_accordion_right_icon_actives": {
                                    "value": "icon icon-up-arrow1",
                                    "library": "ekiticons"
                                },
                                "ekit_accordion_background_background": "classic",
                                "ekit_accordion_background_close_background": "classic",
                                "ekit_accordion_title_border_close_border": "solid",
                                "ekit_accordion_title_border_close_width": {
                                    "unit": "px",
                                    "top": "0",
                                    "right": "0",
                                    "bottom": "1",
                                    "left": "0",
                                    "isLinked": false
                                },
                                "ekit_accordion_title_padding": {
                                    "unit": "px",
                                    "top": "15",
                                    "right": "15",
                                    "bottom": "15",
                                    "left": "15",
                                    "isLinked": true
                                },
                                "ekit_accordion_content_padding": {
                                    "unit": "px",
                                    "top": "15",
                                    "right": "15",
                                    "bottom": "15",
                                    "left": "15",
                                    "isLinked": true
                                },
                                "ekit_accordion_icon_typography_close": {
                                    "unit": "px",
                                    "size": 13,
                                    "sizes": []
                                },
                                "ekit_accordion_icon_typography": {
                                    "unit": "px",
                                    "size": 13,
                                    "sizes": []
                                },
                                "_padding": {
                                    "unit": "em",
                                    "top": "0",
                                    "right": "0",
                                    "bottom": "0",
                                    "left": "12.6",
                                    "isLinked": false
                                },
                                "_padding_tablet": {
                                    "unit": "em",
                                    "top": "0",
                                    "right": "0",
                                    "bottom": "0",
                                    "left": "11",
                                    "isLinked": false
                                },
                                "_padding_mobile": {
                                    "unit": "em",
                                    "top": "0",
                                    "right": "0",
                                    "bottom": "0",
                                    "left": "2.4",
                                    "isLinked": false
                                },
                                "__globals__": {
                                    "ekit_accordion_title_color": "globals\/colors?id=secondary",
                                    "ekit_accordion_background_color": "globals\/colors?id=e7f879b",
                                    "ekit_accordion_title_border_close_color": "globals\/colors?id=e7f879b",
                                    "ekit_accordion_background_close_color": "globals\/colors?id=c01ff5f",
                                    "ekit_accordion_title_typography_typography": "globals\/typography?id=14b315f",
                                    "ekit_accordion_title_color_close": "globals\/colors?id=primary"
                                }
                            },
                            "elements": [],
                            "isInner": false,
                            "widgetType": "elementskit-accordion",
                            "elType": "widget"
                        }
                    ],
                    "isInner": false,
                    "elType": "column"
                }
            ],
            "isInner": false,
            "elType": "section"
        },
        {
            "id": "238abc40",
            "settings": {
                "content_width": {
                    "unit": "px",
                    "size": 1138,
                    "sizes": []
                },
                "structure": "40",
                "background_background": "classic",
                "background_image": {
                    "url": "http:\/\/kfkit.rometheme.pro\/bsurf\/wp-content\/uploads\/sites\/43\/2022\/12\/mid-adult-man-surfing-rolling-wave-leucadia-califo-2K5MWRU.jpg",
                    "id": 371,
                    "alt": "",
                    "source": "library"
                },
                "background_position": "center center",
                "background_attachment": "fixed",
                "background_size": "cover",
                "background_overlay_background": "classic",
                "background_overlay_opacity": {
                    "unit": "px",
                    "size": 0.6,
                    "sizes": []
                },
                "padding": {
                    "unit": "em",
                    "top": "3",
                    "right": "1",
                    "bottom": "3",
                    "left": "1",
                    "isLinked": false
                },
                "padding_tablet": {
                    "unit": "em",
                    "top": "",
                    "right": "",
                    "bottom": "",
                    "left": "",
                    "isLinked": true
                },
                "padding_mobile": {
                    "unit": "em",
                    "top": "",
                    "right": "",
                    "bottom": "",
                    "left": "",
                    "isLinked": true
                },
                "__globals__": {
                    "background_overlay_color": "globals\/colors?id=e7f879b"
                },
                "_title": "Counter Section"
            },
            "elements": [
                {
                    "id": "74daabe1",
                    "settings": {
                        "_column_size": 25,
                        "_inline_size": null,
                        "_inline_size_tablet": 50
                    },
                    "elements": [
                        {
                            "id": "6a14bd4",
                            "settings": {
                                "title": "Year of Experience",
                                "__globals__": {
                                    "typography_number_typography": "globals\/typography?id=89df7ad",
                                    "typography_title_typography": "globals\/typography?id=14b315f",
                                    "title_color": "globals\/colors?id=secondary",
                                    "number_color": "globals\/colors?id=secondary"
                                },
                                "number_color": "#FFFFFF",
                                "title_color": "#FFFFFF",
                                "ending_number": 15,
                                "suffix": "+"
                            },
                            "elements": [],
                            "isInner": false,
                            "widgetType": "counter",
                            "elType": "widget"
                        }
                    ],
                    "isInner": false,
                    "elType": "column"
                },
                {
                    "id": "78a7c856",
                    "settings": {
                        "_column_size": 25,
                        "_inline_size": null,
                        "_inline_size_tablet": 50
                    },
                    "elements": [
                        {
                            "id": "4c1da861",
                            "settings": {
                                "title": "Response Rate",
                                "__globals__": {
                                    "typography_number_typography": "globals\/typography?id=89df7ad",
                                    "typography_title_typography": "globals\/typography?id=14b315f",
                                    "title_color": "globals\/colors?id=secondary",
                                    "number_color": "globals\/colors?id=secondary"
                                },
                                "number_color": "#FFFFFF",
                                "title_color": "#FFFFFF",
                                "suffix": "k"
                            },
                            "elements": [],
                            "isInner": false,
                            "widgetType": "counter",
                            "elType": "widget"
                        }
                    ],
                    "isInner": false,
                    "elType": "column"
                },
                {
                    "id": "2bbcb970",
                    "settings": {
                        "_column_size": 25,
                        "_inline_size": null,
                        "_inline_size_tablet": 50
                    },
                    "elements": [
                        {
                            "id": "3f8f6642",
                            "settings": {
                                "title": "Professional Surf Quides",
                                "__globals__": {
                                    "typography_number_typography": "globals\/typography?id=89df7ad",
                                    "typography_title_typography": "globals\/typography?id=14b315f",
                                    "title_color": "globals\/colors?id=secondary",
                                    "number_color": "globals\/colors?id=secondary"
                                },
                                "number_color": "#FFFFFF",
                                "title_color": "#FFFFFF",
                                "ending_number": 29,
                                "suffix": "+"
                            },
                            "elements": [],
                            "isInner": false,
                            "widgetType": "counter",
                            "elType": "widget"
                        }
                    ],
                    "isInner": false,
                    "elType": "column"
                },
                {
                    "id": "977499",
                    "settings": {
                        "_column_size": 25,
                        "_inline_size": null,
                        "_inline_size_tablet": 50
                    },
                    "elements": [
                        {
                            "id": "77d83c0",
                            "settings": {
                                "title": "Succes Stories",
                                "__globals__": {
                                    "typography_number_typography": "globals\/typography?id=89df7ad",
                                    "typography_title_typography": "globals\/typography?id=14b315f",
                                    "title_color": "globals\/colors?id=secondary",
                                    "number_color": "globals\/colors?id=secondary"
                                },
                                "number_color": "#FFFFFF",
                                "title_color": "#FFFFFF",
                                "ending_number": 328,
                                "suffix": "+"
                            },
                            "elements": [],
                            "isInner": false,
                            "widgetType": "counter",
                            "elType": "widget"
                        }
                    ],
                    "isInner": false,
                    "elType": "column"
                }
            ],
            "isInner": false,
            "elType": "section"
        },
        {
            "id": "297e1f1b",
            "settings": {
                "padding": {
                    "unit": "em",
                    "top": "6",
                    "right": "1",
                    "bottom": "6",
                    "left": "1",
                    "isLinked": false
                },
                "padding_tablet": {
                    "unit": "em",
                    "top": "",
                    "right": "",
                    "bottom": "",
                    "left": "",
                    "isLinked": true
                },
                "padding_mobile": {
                    "unit": "em",
                    "top": "",
                    "right": "",
                    "bottom": "",
                    "left": "",
                    "isLinked": true
                },
                "background_background": "classic",
                "background_image": {
                    "url": "http:\/\/kfkit.rometheme.pro\/bsurf\/wp-content\/uploads\/sites\/43\/2022\/12\/Bbgbg.png",
                    "id": 859,
                    "alt": "",
                    "source": "library"
                },
                "background_position": "center center",
                "background_size": "cover",
                "_title": "Testimonials Section"
            },
            "elements": [
                {
                    "id": "295496dd",
                    "settings": {
                        "_column_size": 100,
                        "_inline_size": null
                    },
                    "elements": [
                        {
                            "id": "3eca208c",
                            "settings": {
                                "ekit_testimonial_data": [
                                    {
                                        "client_name": "Bryan Adams",
                                        "_id": "71ff411",
                                        "designation": "Professional Surfing",
                                        "review": "\" Lorem ipsum dolor sit amet consectetur adipiscing elit Vivamus eget dui efficitur imperdiet ex non efficitur dolor fusce fermentum egestas vehicula \"",
                                        "client_photo": {
                                            "url": "http:\/\/kfkit.rometheme.pro\/bsurf\/wp-content\/uploads\/sites\/43\/2022\/12\/surfer-on-blue-ocean-wave-PWB58YE.jpg",
                                            "id": 931,
                                            "alt": "",
                                            "source": "library"
                                        },
                                        "client_logo": {
                                            "url": "http:\/\/kfkit.rometheme.pro\/bsurf\/wp-content\/uploads\/sites\/43\/2022\/12\/Png-8.png",
                                            "id": 831,
                                            "alt": "",
                                            "source": "library"
                                        },
                                        "use_hover_logo": "",
                                        "client_logo_active": {
                                            "url": "http:\/\/kfkit.rometheme.pro\/bsurf\/wp-content\/uploads\/sites\/43\/2022\/12\/Png-8.png",
                                            "id": 831,
                                            "alt": "",
                                            "source": "library"
                                        }
                                    },
                                    {
                                        "client_name": "Bryan Adams",
                                        "designation": "Professional Surfing",
                                        "review": "\" Lorem ipsum dolor sit amet consectetur adipiscing elit Vivamus eget dui efficitur imperdiet ex non efficitur dolor fusce fermentum egestas vehicula \"",
                                        "client_photo": {
                                            "url": "http:\/\/kfkit.rometheme.pro\/bsurf\/wp-content\/uploads\/sites\/43\/2022\/12\/beautiful-surfer-woman-surfing-during-summer-vacat-2G4YNRK.jpg",
                                            "id": 929,
                                            "alt": "",
                                            "source": "library"
                                        },
                                        "client_logo": {
                                            "url": "http:\/\/kfkit.rometheme.pro\/bsurf\/wp-content\/uploads\/sites\/43\/2022\/12\/Png-10-1.png",
                                            "id": 947,
                                            "alt": "",
                                            "source": "library"
                                        },
                                        "use_hover_logo": "",
                                        "client_logo_active": {
                                            "url": "http:\/\/kfkit.rometheme.pro\/bsurf\/wp-content\/uploads\/sites\/43\/2022\/12\/Png-8.png",
                                            "id": 831,
                                            "alt": "",
                                            "source": "library"
                                        },
                                        "_id": "36398b8"
                                    },
                                    {
                                        "client_name": "Bryan Adams",
                                        "designation": "Professional Surfing",
                                        "review": "\" Lorem ipsum dolor sit amet consectetur adipiscing elit Vivamus eget dui efficitur imperdiet ex non efficitur dolor fusce fermentum egestas vehicula \"",
                                        "client_photo": {
                                            "url": "http:\/\/kfkit.rometheme.pro\/bsurf\/wp-content\/uploads\/sites\/43\/2022\/12\/female-surfer-on-a-blue-wave-PJV6P9B.jpg",
                                            "id": 930,
                                            "alt": "",
                                            "source": "library"
                                        },
                                        "client_logo": {
                                            "url": "http:\/\/kfkit.rometheme.pro\/bsurf\/wp-content\/uploads\/sites\/43\/2022\/12\/Png-9-1.png",
                                            "id": 948,
                                            "alt": "",
                                            "source": "library"
                                        },
                                        "use_hover_logo": "",
                                        "client_logo_active": {
                                            "url": "http:\/\/kfkit.rometheme.pro\/bsurf\/wp-content\/uploads\/sites\/43\/2022\/12\/Png-8.png",
                                            "id": 831,
                                            "alt": "",
                                            "source": "library"
                                        },
                                        "_id": "bcc289e"
                                    }
                                ],
                                "ekit_testimonial_left_right_spacing": {
                                    "unit": "px",
                                    "size": 0,
                                    "sizes": []
                                },
                                "ekit_testimonial_top_bottom_spacing": {
                                    "unit": "px",
                                    "top": "0",
                                    "right": "0",
                                    "bottom": "0",
                                    "left": "0",
                                    "isLinked": true
                                },
                                "ekit_testimonial_layout_margin": {
                                    "unit": "px",
                                    "size": 0,
                                    "sizes": []
                                },
                                "ekit_testimonial_layout_background_background": "classic",
                                "ekit_testimonial_layout_background_color": "#02010100",
                                "ekit_testimonial_layout_shadow_box_shadow_type": "yes",
                                "ekit_testimonial_layout_shadow_box_shadow": {
                                    "horizontal": 0,
                                    "vertical": 0,
                                    "blur": 10,
                                    "spread": 0,
                                    "color": "rgba(0, 0, 0, 0)"
                                },
                                "ekit_testimonial_section_wraper_horizontal_alignment": "left",
                                "ekit_testimonial_section_wraper_padding": {
                                    "unit": "px",
                                    "top": "0",
                                    "right": "0",
                                    "bottom": "0",
                                    "left": "0",
                                    "isLinked": true
                                },
                                "ekit_testimonial_section_wraper_use_height": "yes",
                                "ekit_testimonial_section_height": {
                                    "unit": "px",
                                    "size": 290,
                                    "sizes": []
                                },
                                "ekit_testimonial_description_color": "#7A7A7A",
                                "ekit_testimonial_description_typography_typography": "custom",
                                "ekit_testimonial_description_typography_font_family": "Nunito Sans",
                                "ekit_testimonial_description_typography_font_size": {
                                    "unit": "rem",
                                    "size": 1.4,
                                    "sizes": []
                                },
                                "ekit_testimonial_description_typography_font_size_tablet": {
                                    "unit": "rem",
                                    "size": "",
                                    "sizes": []
                                },
                                "ekit_testimonial_description_typography_font_size_mobile": {
                                    "unit": "rem",
                                    "size": "",
                                    "sizes": []
                                },
                                "ekit_testimonial_description_typography_font_weight": "400",
                                "ekit_testimonial_description_typography_font_style": "italic",
                                "ekit_testimonial_description_typography_line_height": {
                                    "unit": "em",
                                    "size": 1.6,
                                    "sizes": []
                                },
                                "ekit_testimonial_title_separator_color": "#00A7C7",
                                "ekit_testimonial_title_separator_width": {
                                    "unit": "px",
                                    "size": 59,
                                    "sizes": []
                                },
                                "ekit_testimonial_title_separator_height": {
                                    "unit": "px",
                                    "size": "",
                                    "sizes": []
                                },
                                "ekit_testimonial_client_name_normal_color": "#1A606E",
                                "ekit_testimonial_client_name_typography_typography": "custom",
                                "ekit_testimonial_client_name_typography_font_family": "Josefin Sans",
                                "ekit_testimonial_client_name_typography_font_size": {
                                    "unit": "rem",
                                    "size": 1.6,
                                    "sizes": []
                                },
                                "ekit_testimonial_client_name_typography_font_size_tablet": {
                                    "unit": "rem",
                                    "size": "",
                                    "sizes": []
                                },
                                "ekit_testimonial_client_name_typography_font_size_mobile": {
                                    "unit": "rem",
                                    "size": "",
                                    "sizes": []
                                },
                                "ekit_testimonial_client_name_typography_font_weight": "600",
                                "ekit_testimonial_client_name_typography_line_height": {
                                    "unit": "em",
                                    "size": "",
                                    "sizes": []
                                },
                                "ekit_testimonial_client_name_typography_word_spacing": {
                                    "unit": "em",
                                    "size": "",
                                    "sizes": []
                                },
                                "ekit_testimonial_designation_normal_color": "#00A7C7",
                                "ekit_testimonial_designation_typography_typography": "custom",
                                "ekit_testimonial_designation_typography_font_family": "Nunito",
                                "ekit_testimonial_designation_typography_font_size": {
                                    "unit": "rem",
                                    "size": 1,
                                    "sizes": []
                                },
                                "ekit_testimonial_designation_typography_font_size_tablet": {
                                    "unit": "rem",
                                    "size": "",
                                    "sizes": []
                                },
                                "ekit_testimonial_designation_typography_font_size_mobile": {
                                    "unit": "rem",
                                    "size": "",
                                    "sizes": []
                                },
                                "ekit_testimonial_designation_typography_font_weight": "400",
                                "ekit_testimonial_designation_typography_line_height": {
                                    "unit": "em",
                                    "size": "",
                                    "sizes": []
                                },
                                "ekit_testimonial_designation_typography_word_spacing": {
                                    "unit": "em",
                                    "size": "",
                                    "sizes": []
                                },
                                "ekit_testimonial_client_spacing": {
                                    "unit": "px",
                                    "top": "0",
                                    "right": "0",
                                    "bottom": "0",
                                    "left": "0",
                                    "isLinked": false
                                },
                                "ekit_testimonial_client_logo_margin_bottom": {
                                    "unit": "px",
                                    "size": 20,
                                    "sizes": []
                                },
                                "ekit_testimonial_client_image_background_background": "gradient",
                                "__globals__": {
                                    "ekit_testimonial_layout_background_color": "globals\/colors?id=c01ff5f",
                                    "ekit_testimonial_description_typography_typography": "globals\/typography?id=0177235",
                                    "ekit_testimonial_description_color": "globals\/colors?id=text",
                                    "ekit_testimonial_title_separator_color": "globals\/colors?id=e7f879b",
                                    "ekit_testimonial_client_name_typography_typography": "globals\/typography?id=61f4d03",
                                    "ekit_testimonial_designation_typography_typography": "globals\/typography?id=4b7939a",
                                    "ekit_testimonial_client_name_normal_color": "globals\/colors?id=primary",
                                    "ekit_testimonial_designation_normal_color": "globals\/colors?id=e7f879b",
                                    "ekit_testimonial_client_image_background_color": "globals\/colors?id=c01ff5f",
                                    "ekit_testimonial_client_name_active_color": "",
                                    "ekit_testimonial_client_image_background_color_b": "globals\/colors?id=e7f879b",
                                    "ekit_testimonial_layout_border_color": "globals\/colors?id=e7f879b"
                                },
                                "ekit_testimonial_layout_border_border": "solid",
                                "ekit_testimonial_layout_border_width": {
                                    "unit": "px",
                                    "top": "1",
                                    "right": "1",
                                    "bottom": "1",
                                    "left": "1",
                                    "isLinked": true
                                },
                                "ekit_testimonial_layout_padding": {
                                    "unit": "px",
                                    "top": "20",
                                    "right": "20",
                                    "bottom": "20",
                                    "left": "20",
                                    "isLinked": true
                                },
                                "ekit_testimonial_slidetoshow_tablet": 1,
                                "ekit_testimonial_slidesToScroll_tablet": 1
                            },
                            "elements": [],
                            "isInner": false,
                            "widgetType": "elementskit-testimonial",
                            "elType": "widget"
                        }
                    ],
                    "isInner": false,
                    "elType": "column"
                }
            ],
            "isInner": false,
            "elType": "section"
        }
    ]
}