{
    "version": "0.4",
    "title": "Blog",
    "type": "page",
    "metadata": {
        "template_type": "single-page",
        "include_in_zip": "1",
        "elementor_pro_required": null,
        "wp_page_template": "elementor_header_footer"
    },
    "content": [
        {
            "id": "428db0f",
            "settings": {
                "flex_direction": "row",
                "flex_gap": {
                    "unit": "px",
                    "size": 0,
                    "column": "0",
                    "row": "0"
                },
                "boxed_width": {
                    "unit": "px",
                    "size": 1290,
                    "sizes": []
                },
                "background_background": "classic",
                "background_color_b": "#000039DE",
                "background_image": {
                    "url": "",
                    "id": "",
                    "alt": "",
                    "source": "library"
                },
                "background_position": "center right",
                "background_position_tablet": "initial",
                "background_position_mobile": "initial",
                "background_xpos": {
                    "unit": "%",
                    "size": "",
                    "sizes": []
                },
                "background_xpos_tablet": {
                    "unit": "%",
                    "size": 45,
                    "sizes": []
                },
                "background_xpos_mobile": {
                    "unit": "%",
                    "size": 32,
                    "sizes": []
                },
                "background_ypos": {
                    "unit": "%",
                    "size": 0,
                    "sizes": []
                },
                "background_repeat": "no-repeat",
                "background_size": "cover",
                "background_size_tablet": "cover",
                "background_bg_width": {
                    "unit": "%",
                    "size": 90,
                    "sizes": []
                },
                "background_slideshow_background_size": "cover",
                "background_slideshow_background_position": "center right",
                "background_slideshow_ken_burns": "yes",
                "background_overlay_background": "classic",
                "background_overlay_color_stop": {
                    "unit": "%",
                    "size": 30,
                    "sizes": []
                },
                "background_overlay_color_b": "#000000D1",
                "background_overlay_color_b_stop": {
                    "unit": "%",
                    "size": 18,
                    "sizes": []
                },
                "background_overlay_gradient_angle": {
                    "unit": "deg",
                    "size": 90,
                    "sizes": []
                },
                "background_overlay_image": {
                    "id": 15,
                    "url": "https:\/\/templatekit.jegtheme.com\/creatv\/wp-content\/uploads\/sites\/419\/2023\/10\/blur-gradient-abstract-colorful-pastel-background.jpg"
                },
                "background_overlay_position": "bottom center",
                "background_overlay_repeat": "no-repeat",
                "background_overlay_size": "cover",
                "background_overlay_opacity": {
                    "unit": "px",
                    "size": 0.2,
                    "sizes": []
                },
                "css_filters_css_filter": "custom",
                "css_filters_brightness": {
                    "unit": "px",
                    "size": 80,
                    "sizes": []
                },
                "css_filters_saturate": {
                    "unit": "px",
                    "size": 200,
                    "sizes": []
                },
                "css_filters_hue": {
                    "unit": "px",
                    "size": 210,
                    "sizes": []
                },
                "background_overlay_hover_transition": {
                    "unit": "px",
                    "size": 0.3,
                    "sizes": []
                },
                "margin": {
                    "unit": "px",
                    "top": "",
                    "right": 0,
                    "bottom": "",
                    "left": 0,
                    "isLinked": true
                },
                "padding": {
                    "unit": "px",
                    "top": "220",
                    "right": "0",
                    "bottom": "150",
                    "left": "0",
                    "isLinked": false
                },
                "padding_tablet": {
                    "unit": "px",
                    "top": "200",
                    "right": "20",
                    "bottom": "80",
                    "left": "20",
                    "isLinked": false
                },
                "padding_mobile": {
                    "unit": "px",
                    "top": "180",
                    "right": "20",
                    "bottom": "50",
                    "left": "20",
                    "isLinked": false
                },
                "z_index": 0,
                "__globals__": {
                    "background_overlay_color": "",
                    "background_color": "globals\/colors?id=64ae608"
                }
            },
            "elements": [
                {
                    "id": "2fbf2495",
                    "settings": {
                        "flex_direction": "row",
                        "content_width": "full",
                        "width": {
                            "unit": "%",
                            "size": 100
                        },
                        "flex_gap": {
                            "column": "20",
                            "row": "10",
                            "isLinked": false,
                            "unit": "px",
                            "size": 20
                        },
                        "flex_justify_content": "center",
                        "flex_wrap": "wrap",
                        "margin": {
                            "unit": "px",
                            "top": "0",
                            "right": "0",
                            "bottom": "0",
                            "left": "0",
                            "isLinked": false
                        },
                        "padding_mobile": {
                            "unit": "px",
                            "top": "0",
                            "right": "0",
                            "bottom": "0",
                            "left": "0",
                            "isLinked": false
                        }
                    },
                    "elements": [
                        {
                            "id": "1297c5a0",
                            "settings": {
                                "title": "Blog &",
                                "__globals__": {
                                    "typography_typography": "globals\/typography?id=dfc8572",
                                    "title_color": "globals\/colors?id=fa302c4"
                                },
                                "align": "left",
                                "_margin": {
                                    "unit": "px",
                                    "top": "0",
                                    "right": "0",
                                    "bottom": "0",
                                    "left": "0",
                                    "isLinked": false
                                },
                                "_element_width": "auto",
                                "title_color": "#FFFFFF",
                                "_margin_mobile": {
                                    "unit": "px",
                                    "top": "0",
                                    "right": "0",
                                    "bottom": "-10",
                                    "left": "0",
                                    "isLinked": false
                                }
                            },
                            "elements": [],
                            "isInner": false,
                            "widgetType": "heading",
                            "elType": "widget"
                        },
                        {
                            "id": "4e92c27a",
                            "settings": {
                                "title": "Articles",
                                "__globals__": {
                                    "typography_typography": "globals\/typography?id=dfc8572",
                                    "title_color": ""
                                },
                                "align": "right",
                                "title_color": "#FFFFFF00",
                                "typography_typography": "custom",
                                "typography_font_family": "Archivo",
                                "typography_font_size": {
                                    "unit": "px",
                                    "size": 135,
                                    "sizes": []
                                },
                                "typography_font_size_tablet": {
                                    "unit": "px",
                                    "size": 120,
                                    "sizes": []
                                },
                                "typography_font_size_mobile": {
                                    "unit": "px",
                                    "size": 55,
                                    "sizes": []
                                },
                                "typography_font_weight": "800",
                                "typography_text_transform": "uppercase",
                                "typography_line_height": {
                                    "unit": "em",
                                    "size": 1.1,
                                    "sizes": []
                                },
                                "typography_letter_spacing": {
                                    "unit": "px",
                                    "size": -3,
                                    "sizes": []
                                },
                                "typography_word_spacing": {
                                    "unit": "em",
                                    "size": "",
                                    "sizes": []
                                },
                                "text_stroke_text_stroke_type": "yes",
                                "text_stroke_text_stroke": {
                                    "unit": "px",
                                    "size": 2,
                                    "sizes": []
                                },
                                "text_stroke_stroke_color": "#FFFFFF",
                                "_element_width": "auto",
                                "text_stroke_text_stroke_mobile": {
                                    "unit": "px",
                                    "size": 1,
                                    "sizes": []
                                }
                            },
                            "elements": [],
                            "isInner": false,
                            "widgetType": "heading",
                            "elType": "widget"
                        },
                        {
                            "id": "368c08cf",
                            "settings": {
                                "editor": "<p>Sed ut perspiciatis unde omnis iste natus error sit voluptatem accusantium doloremque laudantium totam rem veritatis quasi architecto.<\/p>",
                                "align": "center",
                                "_element_width": "initial",
                                "_element_custom_width": {
                                    "unit": "px",
                                    "size": 625,
                                    "sizes": []
                                },
                                "__globals__": {
                                    "typography_typography": "globals\/typography?id=9c31b40"
                                }
                            },
                            "elements": [],
                            "isInner": false,
                            "widgetType": "text-editor",
                            "elType": "widget"
                        }
                    ],
                    "isInner": true,
                    "elType": "container"
                }
            ],
            "isInner": false,
            "elType": "container"
        },
        {
            "id": "402ea936",
            "settings": {
                "flex_direction": "column",
                "content_width": "full",
                "padding": {
                    "unit": "px",
                    "top": "30",
                    "right": "0",
                    "bottom": "30",
                    "left": "0",
                    "isLinked": false
                },
                "z_index": 3,
                "overflow": "hidden"
            },
            "elements": [
                {
                    "id": "28a409a5",
                    "settings": {
                        "view": "inline",
                        "icon_list": [
                            {
                                "text": "Latest Blog",
                                "selected_icon": {
                                    "value": "fas fa-star-of-life",
                                    "library": "fa-solid"
                                },
                                "_id": "07def8d"
                            },
                            {
                                "text": "Latest Blog",
                                "selected_icon": {
                                    "value": "fas fa-star-of-life",
                                    "library": "fa-solid"
                                },
                                "_id": "ad2825e"
                            },
                            {
                                "text": "Latest Blog",
                                "selected_icon": {
                                    "value": "fas fa-star-of-life",
                                    "library": "fa-solid"
                                },
                                "_id": "fb081a0"
                            },
                            {
                                "text": "Latest Blog",
                                "selected_icon": {
                                    "value": "fas fa-star-of-life",
                                    "library": "fa-solid"
                                },
                                "_id": "a136af3"
                            },
                            {
                                "text": "Latest Blog",
                                "selected_icon": {
                                    "value": "fas fa-star-of-life",
                                    "library": "fa-solid"
                                },
                                "_id": "4190520"
                            },
                            {
                                "text": "Latest Blog",
                                "selected_icon": {
                                    "value": "fas fa-star-of-life",
                                    "library": "fa-solid"
                                },
                                "_id": "d71b131"
                            },
                            {
                                "text": "Latest Blog",
                                "selected_icon": {
                                    "value": "fas fa-star-of-life",
                                    "library": "fa-solid"
                                },
                                "_id": "5ef9ce9"
                            },
                            {
                                "text": "Latest Blog",
                                "selected_icon": {
                                    "value": "fas fa-star-of-life",
                                    "library": "fa-solid"
                                },
                                "_id": "0b40d3b"
                            },
                            {
                                "text": "Latest Blog",
                                "selected_icon": {
                                    "value": "fas fa-star-of-life",
                                    "library": "fa-solid"
                                },
                                "_id": "212119b"
                            },
                            {
                                "text": "Latest Blog",
                                "selected_icon": {
                                    "value": "fas fa-star-of-life",
                                    "library": "fa-solid"
                                },
                                "_id": "f262558"
                            },
                            {
                                "text": "Latest Blog",
                                "selected_icon": {
                                    "value": "fas fa-star-of-life",
                                    "library": "fa-solid"
                                },
                                "_id": "faf68ae"
                            },
                            {
                                "text": "Latest Blog",
                                "selected_icon": {
                                    "value": "fas fa-star-of-life",
                                    "library": "fa-solid"
                                },
                                "_id": "aaf1f86"
                            },
                            {
                                "text": "Latest Blog",
                                "selected_icon": {
                                    "value": "fas fa-star-of-life",
                                    "library": "fa-solid"
                                },
                                "_id": "396be0d"
                            }
                        ],
                        "space_between": {
                            "unit": "px",
                            "size": 15,
                            "sizes": []
                        },
                        "icon_align": "center",
                        "icon_size": {
                            "unit": "px",
                            "size": 12,
                            "sizes": []
                        },
                        "text_indent": {
                            "unit": "px",
                            "size": 15,
                            "sizes": []
                        },
                        "_padding": {
                            "unit": "px",
                            "top": "15",
                            "right": "0",
                            "bottom": "15",
                            "left": "0",
                            "isLinked": false
                        },
                        "_transform_rotateZ_effect": {
                            "unit": "px",
                            "size": 1.5,
                            "sizes": []
                        },
                        "_background_background": "gradient",
                        "__globals__": {
                            "text_color": "globals\/colors?id=fa302c4",
                            "icon_color": "globals\/colors?id=fa302c4",
                            "icon_typography_typography": "globals\/typography?id=9a317cf",
                            "_background_color": "globals\/colors?id=accent",
                            "_background_color_b": "globals\/colors?id=29e3812"
                        },
                        "text": "Latest Blog",
                        "_margin": {
                            "unit": "px",
                            "top": "0",
                            "right": "-430",
                            "bottom": "0",
                            "left": "-430",
                            "isLinked": false
                        },
                        "_transform_rotate_popover": "transform",
                        "_background_gradient_angle": {
                            "unit": "deg",
                            "size": 205,
                            "sizes": []
                        }
                    },
                    "elements": [],
                    "isInner": false,
                    "widgetType": "icon-list",
                    "elType": "widget"
                }
            ],
            "isInner": false,
            "elType": "container"
        },
        {
            "id": "1ac39e68",
            "settings": {
                "flex_direction": "row",
                "flex_gap": {
                    "unit": "px",
                    "size": 0,
                    "column": "0",
                    "row": "0"
                },
                "background_background": "classic",
                "background_color_stop": {
                    "unit": "%",
                    "size": 74,
                    "sizes": []
                },
                "background_color_b": "#FFD154",
                "background_color_b_stop": {
                    "unit": "%",
                    "size": 63,
                    "sizes": []
                },
                "background_gradient_angle": {
                    "unit": "deg",
                    "size": 90,
                    "sizes": []
                },
                "background_overlay_background": "classic",
                "background_overlay_image": {
                    "id": 15,
                    "url": "https:\/\/templatekit.jegtheme.com\/creatv\/wp-content\/uploads\/sites\/419\/2023\/10\/blur-gradient-abstract-colorful-pastel-background.jpg"
                },
                "background_overlay_position": "center center",
                "background_overlay_repeat": "no-repeat",
                "background_overlay_size": "cover",
                "background_overlay_opacity": {
                    "unit": "px",
                    "size": 0.2,
                    "sizes": []
                },
                "css_filters_css_filter": "custom",
                "css_filters_brightness": {
                    "unit": "px",
                    "size": 80,
                    "sizes": []
                },
                "css_filters_saturate": {
                    "unit": "px",
                    "size": 200,
                    "sizes": []
                },
                "css_filters_hue": {
                    "unit": "px",
                    "size": 210,
                    "sizes": []
                },
                "background_overlay_hover_transition": {
                    "unit": "px",
                    "size": 0.3,
                    "sizes": []
                },
                "margin": {
                    "unit": "px",
                    "top": "-40",
                    "right": "0",
                    "bottom": "0",
                    "left": "0",
                    "isLinked": false
                },
                "padding": {
                    "unit": "px",
                    "top": "150",
                    "right": "0",
                    "bottom": "150",
                    "left": "0",
                    "isLinked": false
                },
                "padding_tablet": {
                    "unit": "px",
                    "top": "120",
                    "right": "20",
                    "bottom": "80",
                    "left": "20",
                    "isLinked": false
                },
                "padding_mobile": {
                    "unit": "px",
                    "top": "100",
                    "right": "20",
                    "bottom": "50",
                    "left": "20",
                    "isLinked": false
                },
                "z_index": 2,
                "__globals__": {
                    "background_color": "globals\/colors?id=64ae608",
                    "background_color_b": "globals\/colors?id=accent"
                },
                "boxed_width": {
                    "unit": "px",
                    "size": 1100,
                    "sizes": []
                }
            },
            "elements": [
                {
                    "id": "157c5fde",
                    "settings": {
                        "flex_direction": "column",
                        "content_width": "full",
                        "width": {
                            "unit": "%",
                            "size": 100
                        },
                        "flex_gap": {
                            "column": "0",
                            "row": "0",
                            "isLinked": false,
                            "unit": "px",
                            "size": 0
                        },
                        "padding_tablet": {
                            "unit": "px",
                            "top": "0",
                            "right": "0",
                            "bottom": "0",
                            "left": "0",
                            "isLinked": false
                        }
                    },
                    "elements": [
                        {
                            "id": "3797f5b7",
                            "settings": {
                                "sg_content_postblock_type": "type-3",
                                "sg_content_image_size_imagesize_size": "full",
                                "sg_content_excerpt_more": "...",
                                "sg_content_readmore_text": "Read More",
                                "sg_content_comment_enable": "",
                                "sg_content_meta_enable": "",
                                "sg_content_meta_author_enable": "",
                                "sg_content_meta_author_by_text": "by",
                                "sg_content_meta_date_enable": "",
                                "sg_content_meta_date_format_custom": "F j, Y",
                                "pagination_loadmore_text": "Load More",
                                "pagination_loading_text": "Loading...",
                                "__globals__": {
                                    "st_title_normal_typography_content_typography_typography": "globals\/typography?id=22acbdf",
                                    "st_title_normal_color_responsive": "globals\/colors?id=primary",
                                    "st_category_typography_content_typography_typography": "globals\/typography?id=a3161ad",
                                    "st_category_color_responsive": "globals\/colors?id=primary",
                                    "st_excerpt_typography_content_typography_typography": "globals\/typography?id=text",
                                    "st_excerpt_color_responsive": "globals\/colors?id=f4d9a55",
                                    "st_readmore_typography_content_typography_typography": "globals\/typography?id=6433c51",
                                    "st_readmore_normal_color_responsive": "globals\/colors?id=primary",
                                    "st_readmore_hover_color_responsive": "globals\/colors?id=primary",
                                    "st_category_background_background_color": "globals\/colors?id=accent",
                                    "st_thumbnail_container_background_background_color": "globals\/colors?id=primary",
                                    "st_readmore_normal_border_border_color": "globals\/colors?id=33f134d",
                                    "st_post_item_border_border_color": "globals\/colors?id=primary",
                                    "st_thumbnail_background_background_color": "globals\/colors?id=primary",
                                    "st_thumbnail_background_overlay_background_color": "globals\/colors?id=primary",
                                    "st_post_item_background_background_color": "globals\/colors?id=primary",
                                    "st_category_border_border_color": "globals\/colors?id=primary",
                                    "st_readmore_hover_border_border_color": "globals\/colors?id=accent",
                                    "st_category_background_background_color_b": "globals\/colors?id=29e3812"
                                },
                                "st_wrapper_padding_responsive": {
                                    "unit": "px",
                                    "top": "0",
                                    "right": "0",
                                    "bottom": "0",
                                    "left": "0",
                                    "isLinked": false
                                },
                                "st_wrapper_margin_responsive": {
                                    "unit": "px",
                                    "top": "0",
                                    "right": "0",
                                    "bottom": "0",
                                    "left": "0",
                                    "isLinked": false
                                },
                                "st_wrapper_border_radius_responsive": {
                                    "unit": "px",
                                    "top": "0",
                                    "right": "0",
                                    "bottom": "0",
                                    "left": "0",
                                    "isLinked": false
                                },
                                "st_post_item_padding_responsive": {
                                    "unit": "px",
                                    "top": "0",
                                    "right": "0",
                                    "bottom": "0",
                                    "left": "0",
                                    "isLinked": false
                                },
                                "st_post_item_margin_responsive": {
                                    "unit": "px",
                                    "top": "0",
                                    "right": "0",
                                    "bottom": "50",
                                    "left": "0",
                                    "isLinked": false
                                },
                                "st_post_item_border_radius_responsive": {
                                    "unit": "px",
                                    "top": "0",
                                    "right": "0",
                                    "bottom": "0",
                                    "left": "0",
                                    "isLinked": false
                                },
                                "st_category_padding_responsive": {
                                    "unit": "px",
                                    "top": "8",
                                    "right": "15",
                                    "bottom": "8",
                                    "left": "15",
                                    "isLinked": false
                                },
                                "st_category_margin_responsive": {
                                    "unit": "px",
                                    "top": "15",
                                    "right": "0",
                                    "bottom": "20",
                                    "left": "20",
                                    "isLinked": false
                                },
                                "st_category_border_radius_responsive": {
                                    "unit": "px",
                                    "top": "50",
                                    "right": "50",
                                    "bottom": "50",
                                    "left": "50",
                                    "isLinked": true
                                },
                                "st_title_margin_responsive": {
                                    "unit": "px",
                                    "top": "3",
                                    "right": "0",
                                    "bottom": "0",
                                    "left": "0",
                                    "isLinked": false
                                },
                                "st_readmore_padding_responsive": {
                                    "unit": "px",
                                    "top": "10",
                                    "right": "0",
                                    "bottom": "10",
                                    "left": "0",
                                    "isLinked": false
                                },
                                "st_readmore_margin_responsive": {
                                    "unit": "px",
                                    "top": "0",
                                    "right": "0",
                                    "bottom": "0",
                                    "left": "0",
                                    "isLinked": false
                                },
                                "st_readmore_icon_spacing_responsive": {
                                    "unit": "px",
                                    "size": 10,
                                    "sizes": []
                                },
                                "st_readmore_normal_background_background_background": "classic",
                                "st_readmore_normal_background_background_color": "#02010100",
                                "st_meta_bottom_alignment_responsive": "flex-start",
                                "st_post_item_padding_responsive_tablet": {
                                    "unit": "px",
                                    "top": "0",
                                    "right": "0",
                                    "bottom": "0",
                                    "left": "0",
                                    "isLinked": true
                                },
                                "st_post_item_padding_responsive_mobile": {
                                    "unit": "px",
                                    "top": "0",
                                    "right": "0",
                                    "bottom": "0",
                                    "left": "0",
                                    "isLinked": true
                                },
                                "st_category_color_responsive": "#2A75F4",
                                "st_nocontent_text": "No Content Available",
                                "st_category_position": "left",
                                "st_category_background_background_background": "gradient",
                                "st_thumbnail_border_radius_responsive": {
                                    "unit": "px",
                                    "top": "0",
                                    "right": "0",
                                    "bottom": "0",
                                    "left": "0",
                                    "isLinked": true
                                },
                                "sg_content_excerpt_length": {
                                    "unit": "px",
                                    "size": 25,
                                    "sizes": []
                                },
                                "sg_content_readmore_icon": {
                                    "value": "jki jki-arrow-right-line",
                                    "library": "jkiticon"
                                },
                                "st_category_background_background_color": "#FFFFFF",
                                "st_title_normal_color_responsive": "#FFFFFF",
                                "st_thumbnail_container_background_background_background": "classic",
                                "st_thumbnail_container_background_background_color": "#FFFFFF",
                                "st_thumbnail_container_border_radius_responsive": {
                                    "unit": "px",
                                    "top": "0",
                                    "right": "0",
                                    "bottom": "0",
                                    "left": "0",
                                    "isLinked": true
                                },
                                "st_excerpt_margin_responsive": {
                                    "unit": "px",
                                    "top": "12",
                                    "right": "0",
                                    "bottom": "-5",
                                    "left": "0",
                                    "isLinked": false
                                },
                                "st_readmore_normal_border_radius_responsive": {
                                    "unit": "px",
                                    "top": "0",
                                    "right": "0",
                                    "bottom": "0",
                                    "left": "0",
                                    "isLinked": false
                                },
                                "st_readmore_normal_border_border_border": "solid",
                                "st_readmore_normal_border_border_width": {
                                    "unit": "px",
                                    "top": "0",
                                    "right": "0",
                                    "bottom": "2",
                                    "left": "0",
                                    "isLinked": false
                                },
                                "st_readmore_hover_border_border_border": "solid",
                                "st_readmore_hover_border_border_width": {
                                    "unit": "px",
                                    "top": "0",
                                    "right": "0",
                                    "bottom": "2",
                                    "left": "0",
                                    "isLinked": false
                                },
                                "pagination_prev_text": "Previous",
                                "pagination_next_text": "Next",
                                "st_post_item_background_background_color": "#FFFFFF",
                                "st_post_item_border_border_width": {
                                    "unit": "px",
                                    "top": "1",
                                    "right": "1",
                                    "bottom": "1",
                                    "left": "1",
                                    "isLinked": true
                                },
                                "st_post_item_border_border_color": "#FFFFFF",
                                "st_thumbnail_background_background_background": "classic",
                                "st_thumbnail_background_background_color": "#FFFFFF",
                                "st_thumbnail_background_overlay_background_color": "#FFFFFF",
                                "st_content_padding_responsive": {
                                    "unit": "px",
                                    "top": "0",
                                    "right": "0",
                                    "bottom": "0",
                                    "left": "0",
                                    "isLinked": false
                                },
                                "st_category_border_border_border": "none",
                                "st_category_border_border_width": {
                                    "unit": "px",
                                    "top": "2",
                                    "right": "2",
                                    "bottom": "2",
                                    "left": "2",
                                    "isLinked": true
                                },
                                "st_category_border_border_color": "#FFFFFF",
                                "st_category_boxshadow_box_shadow_box_shadow": {
                                    "horizontal": 3,
                                    "vertical": 3,
                                    "blur": 0,
                                    "spread": 0,
                                    "color": "#1C1C1C"
                                },
                                "st_excerpt_color_responsive": "#AAB1C2",
                                "st_readmore_normal_color_responsive": "#FFFFFF",
                                "st_readmore_normal_border_border_color": "#FFFFFF",
                                "st_post_item_margin_responsive_tablet": {
                                    "unit": "px",
                                    "top": "0",
                                    "right": "0",
                                    "bottom": "30",
                                    "left": "0",
                                    "isLinked": false
                                },
                                "st_readmore_hover_color_responsive": "#FFFFFF",
                                "st_readmore_hover_border_border_color": "#2A75F4",
                                "_margin": {
                                    "unit": "px",
                                    "top": "0",
                                    "right": "0",
                                    "bottom": "0",
                                    "left": "0",
                                    "isLinked": false
                                },
                                "st_category_background_background_gradient_angle": {
                                    "unit": "deg",
                                    "size": 280,
                                    "sizes": []
                                },
                                "number_post": {
                                    "unit": "px",
                                    "size": 1,
                                    "sizes": []
                                },
                                "st_thumbnail_container_height_responsive": {
                                    "unit": "px",
                                    "size": 520,
                                    "sizes": []
                                },
                                "st_thumbnail_container_height_responsive_mobile": {
                                    "unit": "px",
                                    "size": 220,
                                    "sizes": []
                                }
                            },
                            "elements": [],
                            "isInner": false,
                            "widgetType": "jkit_post_block",
                            "elType": "widget"
                        },
                        {
                            "id": "10a00aa8",
                            "settings": {
                                "sg_content_postblock_type": "type-3",
                                "sg_content_image_size_imagesize_size": "full",
                                "sg_content_excerpt_more": "...",
                                "sg_content_readmore_text": "Read More",
                                "sg_content_comment_enable": "",
                                "sg_content_meta_enable": "",
                                "sg_content_meta_author_enable": "",
                                "sg_content_meta_author_by_text": "by",
                                "sg_content_meta_date_enable": "",
                                "sg_content_meta_date_format_custom": "F j, Y",
                                "pagination_loadmore_text": "Load More",
                                "pagination_loading_text": "Loading...",
                                "__globals__": {
                                    "st_title_normal_typography_content_typography_typography": "globals\/typography?id=22acbdf",
                                    "st_title_normal_color_responsive": "globals\/colors?id=primary",
                                    "st_category_typography_content_typography_typography": "globals\/typography?id=a3161ad",
                                    "st_category_color_responsive": "globals\/colors?id=primary",
                                    "st_excerpt_typography_content_typography_typography": "globals\/typography?id=text",
                                    "st_excerpt_color_responsive": "globals\/colors?id=f4d9a55",
                                    "st_readmore_typography_content_typography_typography": "globals\/typography?id=6433c51",
                                    "st_readmore_normal_color_responsive": "globals\/colors?id=primary",
                                    "st_readmore_hover_color_responsive": "globals\/colors?id=primary",
                                    "st_category_background_background_color": "globals\/colors?id=accent",
                                    "st_thumbnail_container_background_background_color": "globals\/colors?id=1e387bf",
                                    "st_readmore_normal_border_border_color": "globals\/colors?id=33f134d",
                                    "st_post_item_border_border_color": "globals\/colors?id=primary",
                                    "st_thumbnail_background_background_color": "globals\/colors?id=1e387bf",
                                    "st_thumbnail_background_overlay_background_color": "globals\/colors?id=primary",
                                    "st_post_item_background_background_color": "globals\/colors?id=primary",
                                    "st_category_border_border_color": "globals\/colors?id=primary",
                                    "st_readmore_hover_border_border_color": "globals\/colors?id=accent",
                                    "st_category_background_background_color_b": "globals\/colors?id=29e3812",
                                    "st_pagination_typography_content_typography_typography": "globals\/typography?id=6433c51",
                                    "st_pagination_normal_background_background_color": "globals\/colors?id=accent",
                                    "st_pagination_normal_background_background_color_b": "globals\/colors?id=29e3812",
                                    "st_pagination_normal_color_responsive": "globals\/colors?id=fa302c4",
                                    "st_pagination_hover_color_responsive": "globals\/colors?id=fa302c4",
                                    "st_pagination_hover_background_background_color": "globals\/colors?id=29e3812",
                                    "st_pagination_hover_background_background_color_b": "globals\/colors?id=accent"
                                },
                                "st_wrapper_padding_responsive": {
                                    "unit": "px",
                                    "top": "0",
                                    "right": "0",
                                    "bottom": "0",
                                    "left": "0",
                                    "isLinked": false
                                },
                                "st_wrapper_margin_responsive": {
                                    "unit": "px",
                                    "top": "0",
                                    "right": "0",
                                    "bottom": "0",
                                    "left": "0",
                                    "isLinked": false
                                },
                                "st_wrapper_border_radius_responsive": {
                                    "unit": "px",
                                    "top": "0",
                                    "right": "0",
                                    "bottom": "0",
                                    "left": "0",
                                    "isLinked": false
                                },
                                "st_post_item_padding_responsive": {
                                    "unit": "px",
                                    "top": "0",
                                    "right": "0",
                                    "bottom": "0",
                                    "left": "0",
                                    "isLinked": false
                                },
                                "st_post_item_margin_responsive": {
                                    "unit": "px",
                                    "top": "0",
                                    "right": "0",
                                    "bottom": "50",
                                    "left": "0",
                                    "isLinked": false
                                },
                                "st_post_item_border_radius_responsive": {
                                    "unit": "px",
                                    "top": "0",
                                    "right": "0",
                                    "bottom": "0",
                                    "left": "0",
                                    "isLinked": false
                                },
                                "st_category_padding_responsive": {
                                    "unit": "px",
                                    "top": "8",
                                    "right": "15",
                                    "bottom": "8",
                                    "left": "15",
                                    "isLinked": false
                                },
                                "st_category_margin_responsive": {
                                    "unit": "px",
                                    "top": "15",
                                    "right": "0",
                                    "bottom": "20",
                                    "left": "20",
                                    "isLinked": false
                                },
                                "st_category_border_radius_responsive": {
                                    "unit": "px",
                                    "top": "50",
                                    "right": "50",
                                    "bottom": "50",
                                    "left": "50",
                                    "isLinked": true
                                },
                                "st_title_margin_responsive": {
                                    "unit": "px",
                                    "top": "3",
                                    "right": "0",
                                    "bottom": "0",
                                    "left": "0",
                                    "isLinked": false
                                },
                                "st_readmore_padding_responsive": {
                                    "unit": "px",
                                    "top": "10",
                                    "right": "0",
                                    "bottom": "10",
                                    "left": "0",
                                    "isLinked": false
                                },
                                "st_readmore_margin_responsive": {
                                    "unit": "px",
                                    "top": "0",
                                    "right": "0",
                                    "bottom": "0",
                                    "left": "0",
                                    "isLinked": false
                                },
                                "st_readmore_icon_spacing_responsive": {
                                    "unit": "px",
                                    "size": 10,
                                    "sizes": []
                                },
                                "st_readmore_normal_background_background_background": "classic",
                                "st_readmore_normal_background_background_color": "#02010100",
                                "st_meta_bottom_alignment_responsive": "flex-start",
                                "st_post_item_padding_responsive_tablet": {
                                    "unit": "px",
                                    "top": "0",
                                    "right": "0",
                                    "bottom": "0",
                                    "left": "0",
                                    "isLinked": true
                                },
                                "st_post_item_padding_responsive_mobile": {
                                    "unit": "px",
                                    "top": "0",
                                    "right": "0",
                                    "bottom": "0",
                                    "left": "0",
                                    "isLinked": true
                                },
                                "st_category_color_responsive": "#2A75F4",
                                "st_nocontent_text": "No Content Available",
                                "st_category_position": "left",
                                "st_category_background_background_background": "gradient",
                                "st_thumbnail_border_radius_responsive": {
                                    "unit": "px",
                                    "top": "0",
                                    "right": "0",
                                    "bottom": "0",
                                    "left": "0",
                                    "isLinked": true
                                },
                                "sg_content_excerpt_length": {
                                    "unit": "px",
                                    "size": 25,
                                    "sizes": []
                                },
                                "sg_content_readmore_icon": {
                                    "value": "jki jki-arrow-right-line",
                                    "library": "jkiticon"
                                },
                                "st_category_background_background_color": "#FFFFFF",
                                "st_title_normal_color_responsive": "#FFFFFF",
                                "st_thumbnail_container_background_background_background": "classic",
                                "st_thumbnail_container_background_background_color": "#FFFFFF",
                                "st_thumbnail_container_border_radius_responsive": {
                                    "unit": "px",
                                    "top": "0",
                                    "right": "0",
                                    "bottom": "0",
                                    "left": "0",
                                    "isLinked": true
                                },
                                "st_excerpt_margin_responsive": {
                                    "unit": "px",
                                    "top": "12",
                                    "right": "0",
                                    "bottom": "-5",
                                    "left": "0",
                                    "isLinked": false
                                },
                                "st_readmore_normal_border_radius_responsive": {
                                    "unit": "px",
                                    "top": "0",
                                    "right": "0",
                                    "bottom": "0",
                                    "left": "0",
                                    "isLinked": false
                                },
                                "st_readmore_normal_border_border_border": "solid",
                                "st_readmore_normal_border_border_width": {
                                    "unit": "px",
                                    "top": "0",
                                    "right": "0",
                                    "bottom": "2",
                                    "left": "0",
                                    "isLinked": false
                                },
                                "st_readmore_hover_border_border_border": "solid",
                                "st_readmore_hover_border_border_width": {
                                    "unit": "px",
                                    "top": "0",
                                    "right": "0",
                                    "bottom": "2",
                                    "left": "0",
                                    "isLinked": false
                                },
                                "pagination_prev_text": "Previous",
                                "pagination_next_text": "Next",
                                "st_post_item_background_background_color": "#FFFFFF",
                                "st_post_item_border_border_width": {
                                    "unit": "px",
                                    "top": "1",
                                    "right": "1",
                                    "bottom": "1",
                                    "left": "1",
                                    "isLinked": true
                                },
                                "st_post_item_border_border_color": "#FFFFFF",
                                "st_thumbnail_background_background_background": "classic",
                                "st_thumbnail_background_background_color": "#FFFFFF",
                                "st_thumbnail_background_overlay_background_color": "#FFFFFF",
                                "st_content_padding_responsive": {
                                    "unit": "px",
                                    "top": "0",
                                    "right": "0",
                                    "bottom": "0",
                                    "left": "0",
                                    "isLinked": false
                                },
                                "st_category_border_border_border": "none",
                                "st_category_border_border_width": {
                                    "unit": "px",
                                    "top": "2",
                                    "right": "2",
                                    "bottom": "2",
                                    "left": "2",
                                    "isLinked": true
                                },
                                "st_category_border_border_color": "#FFFFFF",
                                "st_category_boxshadow_box_shadow_box_shadow": {
                                    "horizontal": 3,
                                    "vertical": 3,
                                    "blur": 0,
                                    "spread": 0,
                                    "color": "#1C1C1C"
                                },
                                "st_excerpt_color_responsive": "#AAB1C2",
                                "st_readmore_normal_color_responsive": "#FFFFFF",
                                "st_readmore_normal_border_border_color": "#FFFFFF",
                                "st_post_item_margin_responsive_tablet": {
                                    "unit": "px",
                                    "top": "0",
                                    "right": "0",
                                    "bottom": "30",
                                    "left": "0",
                                    "isLinked": false
                                },
                                "st_readmore_hover_color_responsive": "#FFFFFF",
                                "st_readmore_hover_border_border_color": "#2A75F4",
                                "_margin": {
                                    "unit": "px",
                                    "top": "0",
                                    "right": "0",
                                    "bottom": "0",
                                    "left": "0",
                                    "isLinked": false
                                },
                                "st_category_background_background_gradient_angle": {
                                    "unit": "deg",
                                    "size": 280,
                                    "sizes": []
                                },
                                "sg_content_column_responsive": {
                                    "unit": "px",
                                    "size": 2,
                                    "sizes": []
                                },
                                "number_post": {
                                    "unit": "px",
                                    "size": 4,
                                    "sizes": []
                                },
                                "post_offset": 1,
                                "pagination_mode": "loadmore",
                                "pagination_style": "normal",
                                "st_pagination_margin_responsive": {
                                    "unit": "px",
                                    "top": "0",
                                    "right": "0",
                                    "bottom": "0",
                                    "left": "0",
                                    "isLinked": false
                                },
                                "st_pagination_padding_responsive": {
                                    "unit": "px",
                                    "top": "20",
                                    "right": "20",
                                    "bottom": "20",
                                    "left": "20",
                                    "isLinked": true
                                },
                                "st_pagination_width_responsive": {
                                    "unit": "%",
                                    "size": 25,
                                    "sizes": []
                                },
                                "st_pagination_normal_background_background_background": "gradient",
                                "st_pagination_normal_background_background_gradient_angle": {
                                    "unit": "deg",
                                    "size": 280,
                                    "sizes": []
                                },
                                "st_pagination_normal_border_radius_responsive": {
                                    "unit": "px",
                                    "top": "0",
                                    "right": "0",
                                    "bottom": "0",
                                    "left": "0",
                                    "isLinked": false
                                },
                                "st_pagination_normal_border_border_border": "none",
                                "st_pagination_hover_background_background_background": "gradient",
                                "st_pagination_hover_background_background_gradient_angle": {
                                    "unit": "deg",
                                    "size": 280,
                                    "sizes": []
                                },
                                "sg_content_column_responsive_tablet": {
                                    "unit": "px",
                                    "size": 2,
                                    "sizes": []
                                },
                                "sg_content_column_responsive_mobile": {
                                    "unit": "px",
                                    "size": 1,
                                    "sizes": []
                                },
                                "st_thumbnail_container_height_responsive_mobile": {
                                    "unit": "px",
                                    "size": 220,
                                    "sizes": []
                                },
                                "st_pagination_width_responsive_mobile": {
                                    "unit": "%",
                                    "size": 100,
                                    "sizes": []
                                },
                                "st_post_item_gap_responsive_tablet": {
                                    "unit": "px",
                                    "size": 30,
                                    "sizes": []
                                }
                            },
                            "elements": [],
                            "isInner": false,
                            "widgetType": "jkit_post_block",
                            "elType": "widget"
                        }
                    ],
                    "isInner": true,
                    "elType": "container"
                }
            ],
            "isInner": false,
            "elType": "container"
        }
    ]
}