{
    "version": "0.4",
    "title": "Footer",
    "type": "section",
    "metadata": {
        "template_type": "section-footer",
        "include_in_zip": "1",
        "elementor_pro_required": null,
        "wp_page_template": "elementor_canvas"
    },
    "content": [
        {
            "id": "4570417d",
            "settings": {
                "flex_direction": "row",
                "flex_gap": {
                    "column": "0",
                    "row": "0",
                    "isLinked": false,
                    "unit": "px",
                    "size": 0
                },
                "flex_wrap": "wrap",
                "background_color_stop": {
                    "unit": "%",
                    "size": 66,
                    "sizes": []
                },
                "background_color_b_stop": {
                    "unit": "%",
                    "size": 66,
                    "sizes": []
                },
                "background_gradient_angle": {
                    "unit": "deg",
                    "size": 270,
                    "sizes": []
                },
                "background_repeat": "no-repeat",
                "background_size": "cover",
                "background_overlay_background": "classic",
                "background_overlay_image": {
                    "url": "",
                    "id": "",
                    "alt": "",
                    "source": "library"
                },
                "background_overlay_position": "initial",
                "background_overlay_xpos": {
                    "unit": "%",
                    "size": 0,
                    "sizes": []
                },
                "background_overlay_xpos_tablet": {
                    "unit": "%",
                    "size": 0,
                    "sizes": []
                },
                "background_overlay_xpos_mobile": {
                    "unit": "%",
                    "size": 0,
                    "sizes": []
                },
                "background_overlay_ypos": {
                    "unit": "%",
                    "size": 12,
                    "sizes": []
                },
                "background_overlay_ypos_tablet": {
                    "unit": "%",
                    "size": 0,
                    "sizes": []
                },
                "background_overlay_ypos_mobile": {
                    "unit": "%",
                    "size": 0,
                    "sizes": []
                },
                "background_overlay_repeat": "no-repeat",
                "background_overlay_size": "cover",
                "background_overlay_opacity": {
                    "unit": "px",
                    "size": 0.02,
                    "sizes": []
                },
                "background_overlay_hover_transition": {
                    "unit": "px",
                    "size": 0.3,
                    "sizes": []
                },
                "margin": {
                    "unit": "px",
                    "top": "0",
                    "right": 0,
                    "bottom": "0",
                    "left": 0,
                    "isLinked": false
                },
                "margin_tablet": {
                    "unit": "px",
                    "top": "",
                    "right": 0,
                    "bottom": "",
                    "left": 0,
                    "isLinked": true
                },
                "padding": {
                    "unit": "px",
                    "top": "50",
                    "right": "10",
                    "bottom": "30",
                    "left": "10",
                    "isLinked": false
                },
                "padding_tablet": {
                    "unit": "px",
                    "top": "80",
                    "right": "20",
                    "bottom": "30",
                    "left": "20",
                    "isLinked": false
                },
                "padding_mobile": {
                    "unit": "px",
                    "top": "50",
                    "right": "20",
                    "bottom": "20",
                    "left": "20",
                    "isLinked": false
                },
                "__globals__": {
                    "background_color": "globals\/colors?id=1e387bf",
                    "background_overlay_color": "",
                    "background_color_b": "globals\/colors?id=accent"
                },
                "boxed_width": {
                    "unit": "px",
                    "size": 1270,
                    "sizes": []
                },
                "margin_mobile": {
                    "unit": "px",
                    "top": "0",
                    "right": "0",
                    "bottom": "0",
                    "left": "0",
                    "isLinked": false
                }
            },
            "elements": [
                {
                    "id": "791a29f6",
                    "settings": {
                        "content_width": "full",
                        "width": {
                            "unit": "%",
                            "size": 27,
                            "sizes": []
                        },
                        "background_background": "gradient",
                        "background_gradient_angle": {
                            "unit": "deg",
                            "size": 320,
                            "sizes": []
                        },
                        "background_overlay_hover_transition": {
                            "unit": "px",
                            "size": 0.3,
                            "sizes": []
                        },
                        "margin": {
                            "unit": "px",
                            "top": "0",
                            "right": "0",
                            "bottom": "0",
                            "left": "0",
                            "isLinked": false
                        },
                        "margin_tablet": {
                            "unit": "px",
                            "top": "0",
                            "right": "0",
                            "bottom": "50",
                            "left": "0",
                            "isLinked": false
                        },
                        "margin_mobile": {
                            "unit": "px",
                            "top": "0",
                            "right": "0",
                            "bottom": "50",
                            "left": "0",
                            "isLinked": false
                        },
                        "padding": {
                            "unit": "px",
                            "top": "35",
                            "right": "35",
                            "bottom": "35",
                            "left": "35",
                            "isLinked": true
                        },
                        "__globals__": {
                            "background_color": "globals\/colors?id=accent",
                            "background_color_b": "globals\/colors?id=29e3812"
                        },
                        "width_tablet": {
                            "unit": "%",
                            "size": 50,
                            "sizes": []
                        },
                        "width_mobile": {
                            "unit": "%",
                            "size": "",
                            "sizes": []
                        },
                        "padding_mobile": {
                            "unit": "px",
                            "top": "30",
                            "right": "30",
                            "bottom": "30",
                            "left": "30",
                            "isLinked": true
                        }
                    },
                    "elements": [
                        {
                            "id": "1f77e2d3",
                            "settings": {
                                "sg_title_before": "Office",
                                "sg_title_focused": "",
                                "sg_subtitle_heading": "Lorem ipsum dolor set amet",
                                "sg_description_enable": "yes",
                                "sg_description": "<p>Jl. Raya Puputan No 142, Denpasar, Bali<\/p>",
                                "sg_shadow_content": "news",
                                "sg_separator_enable": "",
                                "st_title_inline_background": "yes",
                                "st_title_margin_responsive": {
                                    "unit": "px",
                                    "top": "0",
                                    "right": "0",
                                    "bottom": "5",
                                    "left": "0",
                                    "isLinked": false
                                },
                                "_margin": {
                                    "unit": "px",
                                    "top": "0",
                                    "right": "0",
                                    "bottom": "-10",
                                    "left": "0",
                                    "isLinked": false
                                },
                                "__globals__": {
                                    "st_title_typography_content_typography_typography": "globals\/typography?id=d898918",
                                    "st_description_typography_content_typography_typography": "globals\/typography?id=text",
                                    "st_description_color_responsive": "globals\/colors?id=fa302c4",
                                    "st_title_color_responsive": "globals\/colors?id=primary"
                                },
                                "sg_title_text": "Trending Stories And Another Stories",
                                "sg_title_html_tag": "h3"
                            },
                            "elements": [],
                            "isInner": false,
                            "widgetType": "jkit_heading",
                            "elType": "widget"
                        },
                        {
                            "id": "d5cf9c1",
                            "settings": {
                                "sg_title_before": "Email",
                                "sg_title_focused": "",
                                "sg_subtitle_heading": "Lorem ipsum dolor set amet",
                                "sg_description_enable": "yes",
                                "sg_description": "<p>support@domain.com<\/p>",
                                "sg_shadow_content": "news",
                                "sg_separator_enable": "",
                                "st_title_inline_background": "yes",
                                "st_title_margin_responsive": {
                                    "unit": "px",
                                    "top": "0",
                                    "right": "0",
                                    "bottom": "5",
                                    "left": "0",
                                    "isLinked": false
                                },
                                "_margin": {
                                    "unit": "px",
                                    "top": "0",
                                    "right": "0",
                                    "bottom": "-10",
                                    "left": "0",
                                    "isLinked": false
                                },
                                "__globals__": {
                                    "st_title_typography_content_typography_typography": "globals\/typography?id=d898918",
                                    "st_description_typography_content_typography_typography": "globals\/typography?id=text",
                                    "st_description_color_responsive": "globals\/colors?id=fa302c4",
                                    "st_title_color_responsive": "globals\/colors?id=primary"
                                },
                                "sg_title_text": "Trending Stories And Another Stories",
                                "sg_title_html_tag": "h3"
                            },
                            "elements": [],
                            "isInner": false,
                            "widgetType": "jkit_heading",
                            "elType": "widget"
                        },
                        {
                            "id": "63afcd15",
                            "settings": {
                                "sg_title_before": "Phone",
                                "sg_title_focused": "",
                                "sg_subtitle_heading": "Lorem ipsum dolor set amet",
                                "sg_description_enable": "yes",
                                "sg_description": "(+62) 81 115 3568",
                                "sg_shadow_content": "news",
                                "sg_separator_enable": "",
                                "st_title_inline_background": "yes",
                                "st_title_margin_responsive": {
                                    "unit": "px",
                                    "top": "0",
                                    "right": "0",
                                    "bottom": "5",
                                    "left": "0",
                                    "isLinked": false
                                },
                                "__globals__": {
                                    "st_title_typography_content_typography_typography": "globals\/typography?id=d898918",
                                    "st_description_typography_content_typography_typography": "globals\/typography?id=text",
                                    "st_description_color_responsive": "globals\/colors?id=fa302c4",
                                    "st_title_color_responsive": "globals\/colors?id=primary"
                                },
                                "sg_title_text": "Trending Stories And Another Stories",
                                "sg_title_html_tag": "h3"
                            },
                            "elements": [],
                            "isInner": false,
                            "widgetType": "jkit_heading",
                            "elType": "widget"
                        }
                    ],
                    "isInner": true,
                    "elType": "container"
                },
                {
                    "id": "2bae0b10",
                    "settings": {
                        "content_width": "full",
                        "width": {
                            "unit": "%",
                            "size": 22,
                            "sizes": []
                        },
                        "padding": {
                            "unit": "px",
                            "top": "0",
                            "right": "0",
                            "bottom": "0",
                            "left": "70",
                            "isLinked": false
                        },
                        "width_tablet": {
                            "unit": "%",
                            "size": 50,
                            "sizes": []
                        },
                        "width_mobile": {
                            "unit": "%",
                            "size": "",
                            "sizes": []
                        },
                        "margin_mobile": {
                            "unit": "px",
                            "top": "0",
                            "right": "0",
                            "bottom": "50",
                            "left": "0",
                            "isLinked": false
                        },
                        "padding_mobile": {
                            "unit": "px",
                            "top": "0",
                            "right": "0",
                            "bottom": "0",
                            "left": "0",
                            "isLinked": false
                        }
                    },
                    "elements": [
                        {
                            "id": "1b868beb",
                            "settings": {
                                "title": "Our Company",
                                "__globals__": {
                                    "title_color": "globals\/colors?id=primary",
                                    "typography_typography": "globals\/typography?id=d898918",
                                    "_border_color": "globals\/colors?id=fa302c4"
                                },
                                "_margin": {
                                    "unit": "px",
                                    "top": "0",
                                    "right": "0",
                                    "bottom": "17",
                                    "left": "0",
                                    "isLinked": false
                                },
                                "title_color": "#FFFFFF",
                                "_border_color": "#FFFFFF",
                                "header_size": "h3"
                            },
                            "elements": [],
                            "isInner": false,
                            "widgetType": "heading",
                            "elType": "widget"
                        },
                        {
                            "id": "6e2c19f2",
                            "settings": {
                                "icon_list": [
                                    {
                                        "text": "About",
                                        "selected_icon": {
                                            "value": "",
                                            "library": ""
                                        },
                                        "link": {
                                            "url": "#",
                                            "is_external": "",
                                            "nofollow": "",
                                            "custom_attributes": ""
                                        },
                                        "_id": "8323e1a"
                                    },
                                    {
                                        "text": "Community",
                                        "selected_icon": {
                                            "value": "",
                                            "library": ""
                                        },
                                        "link": {
                                            "url": "#",
                                            "is_external": "",
                                            "nofollow": "",
                                            "custom_attributes": ""
                                        },
                                        "_id": "fcbb08b"
                                    },
                                    {
                                        "text": " Careers",
                                        "selected_icon": {
                                            "value": "",
                                            "library": ""
                                        },
                                        "link": {
                                            "url": "#",
                                            "is_external": "",
                                            "nofollow": "",
                                            "custom_attributes": ""
                                        },
                                        "_id": "8e5ccb4"
                                    },
                                    {
                                        "text": "Testimonials",
                                        "selected_icon": {
                                            "value": "",
                                            "library": ""
                                        },
                                        "_id": "b2b06d7",
                                        "link": {
                                            "url": "#",
                                            "is_external": "",
                                            "nofollow": "",
                                            "custom_attributes": ""
                                        }
                                    },
                                    {
                                        "text": "Services",
                                        "selected_icon": {
                                            "value": "",
                                            "library": ""
                                        },
                                        "link": {
                                            "url": "#",
                                            "is_external": "",
                                            "nofollow": "",
                                            "custom_attributes": ""
                                        },
                                        "_id": "51d44de"
                                    },
                                    {
                                        "text": "Project",
                                        "selected_icon": {
                                            "value": "",
                                            "library": ""
                                        },
                                        "link": {
                                            "url": "#",
                                            "is_external": "",
                                            "nofollow": "",
                                            "custom_attributes": ""
                                        },
                                        "_id": "e3dc9dc"
                                    }
                                ],
                                "space_between": {
                                    "unit": "px",
                                    "size": 17,
                                    "sizes": []
                                },
                                "__globals__": {
                                    "text_color_hover": "globals\/colors?id=primary",
                                    "icon_typography_typography": "globals\/typography?id=text",
                                    "text_color": "globals\/colors?id=f4d9a55"
                                },
                                "text_color": "#FFFFFF",
                                "text_color_hover": "#2A75F4"
                            },
                            "elements": [],
                            "isInner": false,
                            "widgetType": "icon-list",
                            "elType": "widget"
                        }
                    ],
                    "isInner": true,
                    "elType": "container"
                },
                {
                    "id": "7d79a3ec",
                    "settings": {
                        "content_width": "full",
                        "width": {
                            "unit": "%",
                            "size": 21,
                            "sizes": []
                        },
                        "padding": {
                            "unit": "px",
                            "top": "0",
                            "right": "0",
                            "bottom": "0",
                            "left": "50",
                            "isLinked": false
                        },
                        "width_tablet": {
                            "unit": "%",
                            "size": 50,
                            "sizes": []
                        },
                        "width_mobile": {
                            "unit": "%",
                            "size": "",
                            "sizes": []
                        },
                        "margin_mobile": {
                            "unit": "px",
                            "top": "0",
                            "right": "0",
                            "bottom": "50",
                            "left": "0",
                            "isLinked": false
                        },
                        "padding_tablet": {
                            "unit": "px",
                            "top": "0",
                            "right": "0",
                            "bottom": "0",
                            "left": "0",
                            "isLinked": true
                        },
                        "padding_mobile": {
                            "unit": "px",
                            "top": "0",
                            "right": "0",
                            "bottom": "0",
                            "left": "0",
                            "isLinked": false
                        }
                    },
                    "elements": [
                        {
                            "id": "7ca8fe7f",
                            "settings": {
                                "title": "Quick Links",
                                "__globals__": {
                                    "title_color": "globals\/colors?id=primary",
                                    "typography_typography": "globals\/typography?id=d898918",
                                    "_border_color": "globals\/colors?id=fa302c4"
                                },
                                "_margin": {
                                    "unit": "px",
                                    "top": "0",
                                    "right": "0",
                                    "bottom": "17",
                                    "left": "0",
                                    "isLinked": false
                                },
                                "title_color": "#FFFFFF",
                                "_border_color": "#FFFFFF",
                                "header_size": "h3"
                            },
                            "elements": [],
                            "isInner": false,
                            "widgetType": "heading",
                            "elType": "widget"
                        },
                        {
                            "id": "dd63b34",
                            "settings": {
                                "icon_list": [
                                    {
                                        "text": "Contact",
                                        "selected_icon": {
                                            "value": "",
                                            "library": ""
                                        },
                                        "link": {
                                            "url": "#",
                                            "is_external": "",
                                            "nofollow": "",
                                            "custom_attributes": ""
                                        },
                                        "_id": "8323e1a"
                                    },
                                    {
                                        "text": "Privacy Policy",
                                        "selected_icon": {
                                            "value": "",
                                            "library": ""
                                        },
                                        "link": {
                                            "url": "#",
                                            "is_external": "",
                                            "nofollow": "",
                                            "custom_attributes": ""
                                        },
                                        "_id": "8e5ccb4"
                                    },
                                    {
                                        "text": "FAQ's",
                                        "selected_icon": {
                                            "value": "",
                                            "library": ""
                                        },
                                        "link": {
                                            "url": "#",
                                            "is_external": "",
                                            "nofollow": "",
                                            "custom_attributes": ""
                                        },
                                        "_id": "007faf8"
                                    },
                                    {
                                        "text": "Licensing",
                                        "selected_icon": {
                                            "value": "",
                                            "library": ""
                                        },
                                        "link": {
                                            "url": "#",
                                            "is_external": "",
                                            "nofollow": "",
                                            "custom_attributes": ""
                                        },
                                        "_id": "51d44de"
                                    },
                                    {
                                        "text": "Help Center",
                                        "selected_icon": {
                                            "value": "",
                                            "library": ""
                                        },
                                        "link": {
                                            "url": "#",
                                            "is_external": "",
                                            "nofollow": "",
                                            "custom_attributes": ""
                                        },
                                        "_id": "82b267a"
                                    },
                                    {
                                        "text": "Terms & Condition",
                                        "selected_icon": {
                                            "value": "",
                                            "library": ""
                                        },
                                        "_id": "b2b06d7",
                                        "link": {
                                            "url": "#",
                                            "is_external": "",
                                            "nofollow": "",
                                            "custom_attributes": ""
                                        }
                                    }
                                ],
                                "space_between": {
                                    "unit": "px",
                                    "size": 17,
                                    "sizes": []
                                },
                                "__globals__": {
                                    "text_color_hover": "globals\/colors?id=primary",
                                    "icon_typography_typography": "globals\/typography?id=text",
                                    "text_color": "globals\/colors?id=f4d9a55"
                                },
                                "text_color": "#FFFFFF",
                                "text_color_hover": "#2A75F4"
                            },
                            "elements": [],
                            "isInner": false,
                            "widgetType": "icon-list",
                            "elType": "widget"
                        }
                    ],
                    "isInner": true,
                    "elType": "container"
                },
                {
                    "id": "2314866c",
                    "settings": {
                        "content_width": "full",
                        "width": {
                            "unit": "%",
                            "size": 30,
                            "sizes": []
                        },
                        "flex_direction": "row",
                        "flex_align_items": "flex-start",
                        "flex_gap": {
                            "column": "12",
                            "row": "12",
                            "isLinked": false,
                            "unit": "px",
                            "size": 12
                        },
                        "flex_wrap": "wrap",
                        "margin": {
                            "unit": "px",
                            "top": "0",
                            "right": "0",
                            "bottom": "0",
                            "left": "0",
                            "isLinked": false
                        },
                        "padding": {
                            "unit": "px",
                            "top": "0",
                            "right": "0",
                            "bottom": "0",
                            "left": "35",
                            "isLinked": false
                        },
                        "_flex_align_self": "flex-start",
                        "width_tablet": {
                            "unit": "%",
                            "size": 50,
                            "sizes": []
                        },
                        "width_mobile": {
                            "unit": "%",
                            "size": "",
                            "sizes": []
                        },
                        "flex_gap_mobile": {
                            "column": "",
                            "row": "",
                            "isLinked": true,
                            "unit": "px",
                            "size": null
                        },
                        "padding_tablet": {
                            "unit": "px",
                            "top": "0",
                            "right": "0",
                            "bottom": "0",
                            "left": "70",
                            "isLinked": false
                        },
                        "padding_mobile": {
                            "unit": "px",
                            "top": "0",
                            "right": "0",
                            "bottom": "0",
                            "left": "0",
                            "isLinked": false
                        }
                    },
                    "elements": [
                        {
                            "id": "95f2bdb",
                            "settings": {
                                "title": "Our Social Media",
                                "__globals__": {
                                    "title_color": "globals\/colors?id=primary",
                                    "typography_typography": "globals\/typography?id=d898918",
                                    "_border_color": "globals\/colors?id=fa302c4"
                                },
                                "_margin": {
                                    "unit": "px",
                                    "top": "0",
                                    "right": "0",
                                    "bottom": "28",
                                    "left": "0",
                                    "isLinked": false
                                },
                                "title_color": "#FFFFFF",
                                "_border_color": "#FFFFFF",
                                "_element_width": "inherit",
                                "header_size": "h3",
                                "_margin_mobile": {
                                    "unit": "px",
                                    "top": "0",
                                    "right": "0",
                                    "bottom": "17",
                                    "left": "0",
                                    "isLinked": false
                                }
                            },
                            "elements": [],
                            "isInner": false,
                            "widgetType": "heading",
                            "elType": "widget"
                        },
                        {
                            "id": "1315485",
                            "settings": {
                                "text": "Facebook",
                                "typography_typography": "custom",
                                "typography_font_family": "Archivo",
                                "typography_font_size": {
                                    "unit": "px",
                                    "size": 12,
                                    "sizes": []
                                },
                                "typography_font_size_tablet": {
                                    "unit": "px",
                                    "size": 14,
                                    "sizes": []
                                },
                                "typography_font_size_mobile": {
                                    "unit": "px",
                                    "size": 13,
                                    "sizes": []
                                },
                                "typography_font_weight": "600",
                                "typography_text_transform": "uppercase",
                                "typography_text_decoration": "none",
                                "typography_line_height": {
                                    "unit": "em",
                                    "size": "",
                                    "sizes": []
                                },
                                "typography_letter_spacing": {
                                    "unit": "px",
                                    "size": 2,
                                    "sizes": []
                                },
                                "typography_word_spacing": {
                                    "unit": "em",
                                    "size": "",
                                    "sizes": []
                                },
                                "button_text_color": "#276DE4",
                                "border_border": "solid",
                                "border_width": {
                                    "unit": "px",
                                    "top": "1",
                                    "right": "1",
                                    "bottom": "1",
                                    "left": "1",
                                    "isLinked": true
                                },
                                "border_color": "#FFFFFF",
                                "border_radius": {
                                    "unit": "px",
                                    "top": "50",
                                    "right": "50",
                                    "bottom": "50",
                                    "left": "50",
                                    "isLinked": true
                                },
                                "button_box_shadow_box_shadow_type": "yes",
                                "button_box_shadow_box_shadow": {
                                    "horizontal": 0,
                                    "vertical": 0,
                                    "blur": 0,
                                    "spread": 0,
                                    "color": "rgba(0,0,0,0.5)"
                                },
                                "text_padding": {
                                    "unit": "px",
                                    "top": "6",
                                    "right": "15",
                                    "bottom": "6",
                                    "left": "15",
                                    "isLinked": false
                                },
                                "_margin": {
                                    "unit": "px",
                                    "top": "0",
                                    "right": "0",
                                    "bottom": "0",
                                    "left": "0",
                                    "isLinked": false
                                },
                                "_element_width": "auto",
                                "__globals__": {
                                    "background_color": "globals\/colors?id=78d90f4",
                                    "button_text_color": "globals\/colors?id=primary",
                                    "typography_typography": "globals\/typography?id=a3161ad",
                                    "border_color": "globals\/colors?id=33f134d",
                                    "button_background_hover_color": "globals\/colors?id=accent",
                                    "hover_color": "globals\/colors?id=fa302c4",
                                    "background_color_b": "globals\/colors?id=c57ecbd",
                                    "button_background_hover_color_b": "globals\/colors?id=29e3812",
                                    "button_hover_border_color": "globals\/colors?id=33f134d"
                                },
                                "background_background": "gradient",
                                "background_gradient_angle": {
                                    "unit": "deg",
                                    "size": 280,
                                    "sizes": []
                                },
                                "button_background_hover_background": "gradient",
                                "button_background_hover_gradient_angle": {
                                    "unit": "deg",
                                    "size": 280,
                                    "sizes": []
                                }
                            },
                            "elements": [],
                            "isInner": false,
                            "widgetType": "button",
                            "elType": "widget"
                        },
                        {
                            "id": "323b94e6",
                            "settings": {
                                "text": "Twitter",
                                "typography_typography": "custom",
                                "typography_font_family": "Archivo",
                                "typography_font_size": {
                                    "unit": "px",
                                    "size": 12,
                                    "sizes": []
                                },
                                "typography_font_size_tablet": {
                                    "unit": "px",
                                    "size": 14,
                                    "sizes": []
                                },
                                "typography_font_size_mobile": {
                                    "unit": "px",
                                    "size": 13,
                                    "sizes": []
                                },
                                "typography_font_weight": "600",
                                "typography_text_transform": "uppercase",
                                "typography_text_decoration": "none",
                                "typography_line_height": {
                                    "unit": "em",
                                    "size": "",
                                    "sizes": []
                                },
                                "typography_letter_spacing": {
                                    "unit": "px",
                                    "size": 2,
                                    "sizes": []
                                },
                                "typography_word_spacing": {
                                    "unit": "em",
                                    "size": "",
                                    "sizes": []
                                },
                                "button_text_color": "#276DE4",
                                "border_border": "solid",
                                "border_width": {
                                    "unit": "px",
                                    "top": "1",
                                    "right": "1",
                                    "bottom": "1",
                                    "left": "1",
                                    "isLinked": true
                                },
                                "border_color": "#FFFFFF",
                                "border_radius": {
                                    "unit": "px",
                                    "top": "50",
                                    "right": "50",
                                    "bottom": "50",
                                    "left": "50",
                                    "isLinked": true
                                },
                                "button_box_shadow_box_shadow_type": "yes",
                                "button_box_shadow_box_shadow": {
                                    "horizontal": 0,
                                    "vertical": 0,
                                    "blur": 0,
                                    "spread": 0,
                                    "color": "rgba(0,0,0,0.5)"
                                },
                                "text_padding": {
                                    "unit": "px",
                                    "top": "6",
                                    "right": "15",
                                    "bottom": "6",
                                    "left": "15",
                                    "isLinked": false
                                },
                                "_element_width": "auto",
                                "__globals__": {
                                    "background_color": "globals\/colors?id=78d90f4",
                                    "button_text_color": "globals\/colors?id=primary",
                                    "typography_typography": "globals\/typography?id=a3161ad",
                                    "border_color": "globals\/colors?id=33f134d",
                                    "button_background_hover_color": "globals\/colors?id=accent",
                                    "hover_color": "globals\/colors?id=fa302c4",
                                    "background_color_b": "globals\/colors?id=c57ecbd",
                                    "button_background_hover_color_b": "globals\/colors?id=29e3812",
                                    "button_hover_border_color": "globals\/colors?id=33f134d"
                                },
                                "background_background": "gradient",
                                "background_gradient_angle": {
                                    "unit": "deg",
                                    "size": 280,
                                    "sizes": []
                                },
                                "button_background_hover_background": "gradient",
                                "button_background_hover_gradient_angle": {
                                    "unit": "deg",
                                    "size": 280,
                                    "sizes": []
                                }
                            },
                            "elements": [],
                            "isInner": false,
                            "widgetType": "button",
                            "elType": "widget"
                        },
                        {
                            "id": "57dbf679",
                            "settings": {
                                "text": "Linkedin",
                                "typography_typography": "custom",
                                "typography_font_family": "Archivo",
                                "typography_font_size": {
                                    "unit": "px",
                                    "size": 12,
                                    "sizes": []
                                },
                                "typography_font_size_tablet": {
                                    "unit": "px",
                                    "size": 14,
                                    "sizes": []
                                },
                                "typography_font_size_mobile": {
                                    "unit": "px",
                                    "size": 13,
                                    "sizes": []
                                },
                                "typography_font_weight": "600",
                                "typography_text_transform": "uppercase",
                                "typography_text_decoration": "none",
                                "typography_line_height": {
                                    "unit": "em",
                                    "size": "",
                                    "sizes": []
                                },
                                "typography_letter_spacing": {
                                    "unit": "px",
                                    "size": 2,
                                    "sizes": []
                                },
                                "typography_word_spacing": {
                                    "unit": "em",
                                    "size": "",
                                    "sizes": []
                                },
                                "button_text_color": "#276DE4",
                                "border_border": "solid",
                                "border_width": {
                                    "unit": "px",
                                    "top": "1",
                                    "right": "1",
                                    "bottom": "1",
                                    "left": "1",
                                    "isLinked": true
                                },
                                "border_color": "#FFFFFF",
                                "border_radius": {
                                    "unit": "px",
                                    "top": "50",
                                    "right": "50",
                                    "bottom": "50",
                                    "left": "50",
                                    "isLinked": true
                                },
                                "button_box_shadow_box_shadow_type": "yes",
                                "button_box_shadow_box_shadow": {
                                    "horizontal": 0,
                                    "vertical": 0,
                                    "blur": 0,
                                    "spread": 0,
                                    "color": "rgba(0,0,0,0.5)"
                                },
                                "text_padding": {
                                    "unit": "px",
                                    "top": "6",
                                    "right": "15",
                                    "bottom": "6",
                                    "left": "15",
                                    "isLinked": false
                                },
                                "_margin": {
                                    "unit": "px",
                                    "top": "0",
                                    "right": "0",
                                    "bottom": "0",
                                    "left": "0",
                                    "isLinked": true
                                },
                                "_element_width": "auto",
                                "__globals__": {
                                    "background_color": "globals\/colors?id=78d90f4",
                                    "button_text_color": "globals\/colors?id=primary",
                                    "typography_typography": "globals\/typography?id=a3161ad",
                                    "border_color": "globals\/colors?id=33f134d",
                                    "button_background_hover_color": "globals\/colors?id=accent",
                                    "hover_color": "globals\/colors?id=fa302c4",
                                    "background_color_b": "globals\/colors?id=c57ecbd",
                                    "button_background_hover_color_b": "globals\/colors?id=29e3812",
                                    "button_hover_border_color": "globals\/colors?id=33f134d"
                                },
                                "background_background": "gradient",
                                "background_gradient_angle": {
                                    "unit": "deg",
                                    "size": 280,
                                    "sizes": []
                                },
                                "button_background_hover_background": "gradient",
                                "button_background_hover_gradient_angle": {
                                    "unit": "deg",
                                    "size": 280,
                                    "sizes": []
                                }
                            },
                            "elements": [],
                            "isInner": false,
                            "widgetType": "button",
                            "elType": "widget"
                        },
                        {
                            "id": "56fbec03",
                            "settings": {
                                "text": "Instagram",
                                "typography_typography": "custom",
                                "typography_font_family": "Archivo",
                                "typography_font_size": {
                                    "unit": "px",
                                    "size": 12,
                                    "sizes": []
                                },
                                "typography_font_size_tablet": {
                                    "unit": "px",
                                    "size": 14,
                                    "sizes": []
                                },
                                "typography_font_size_mobile": {
                                    "unit": "px",
                                    "size": 13,
                                    "sizes": []
                                },
                                "typography_font_weight": "600",
                                "typography_text_transform": "uppercase",
                                "typography_text_decoration": "none",
                                "typography_line_height": {
                                    "unit": "em",
                                    "size": "",
                                    "sizes": []
                                },
                                "typography_letter_spacing": {
                                    "unit": "px",
                                    "size": 2,
                                    "sizes": []
                                },
                                "typography_word_spacing": {
                                    "unit": "em",
                                    "size": "",
                                    "sizes": []
                                },
                                "button_text_color": "#276DE4",
                                "border_border": "solid",
                                "border_width": {
                                    "unit": "px",
                                    "top": "1",
                                    "right": "1",
                                    "bottom": "1",
                                    "left": "1",
                                    "isLinked": true
                                },
                                "border_color": "#FFFFFF",
                                "border_radius": {
                                    "unit": "px",
                                    "top": "50",
                                    "right": "50",
                                    "bottom": "50",
                                    "left": "50",
                                    "isLinked": true
                                },
                                "button_box_shadow_box_shadow_type": "yes",
                                "button_box_shadow_box_shadow": {
                                    "horizontal": 0,
                                    "vertical": 0,
                                    "blur": 0,
                                    "spread": 0,
                                    "color": "rgba(0,0,0,0.5)"
                                },
                                "text_padding": {
                                    "unit": "px",
                                    "top": "6",
                                    "right": "15",
                                    "bottom": "6",
                                    "left": "15",
                                    "isLinked": false
                                },
                                "_margin": {
                                    "unit": "px",
                                    "top": "0",
                                    "right": "0",
                                    "bottom": "0",
                                    "left": "0",
                                    "isLinked": true
                                },
                                "_element_width": "auto",
                                "__globals__": {
                                    "background_color": "globals\/colors?id=78d90f4",
                                    "button_text_color": "globals\/colors?id=primary",
                                    "typography_typography": "globals\/typography?id=a3161ad",
                                    "border_color": "globals\/colors?id=33f134d",
                                    "button_background_hover_color": "globals\/colors?id=accent",
                                    "hover_color": "globals\/colors?id=fa302c4",
                                    "background_color_b": "globals\/colors?id=c57ecbd",
                                    "button_background_hover_color_b": "globals\/colors?id=29e3812",
                                    "button_hover_border_color": "globals\/colors?id=33f134d"
                                },
                                "background_background": "gradient",
                                "background_gradient_angle": {
                                    "unit": "deg",
                                    "size": 280,
                                    "sizes": []
                                },
                                "button_background_hover_background": "gradient",
                                "button_background_hover_gradient_angle": {
                                    "unit": "deg",
                                    "size": 280,
                                    "sizes": []
                                }
                            },
                            "elements": [],
                            "isInner": false,
                            "widgetType": "button",
                            "elType": "widget"
                        },
                        {
                            "id": "11a7ddcb",
                            "settings": {
                                "text": "Pinterest",
                                "typography_typography": "custom",
                                "typography_font_family": "Archivo",
                                "typography_font_size": {
                                    "unit": "px",
                                    "size": 12,
                                    "sizes": []
                                },
                                "typography_font_size_tablet": {
                                    "unit": "px",
                                    "size": 14,
                                    "sizes": []
                                },
                                "typography_font_size_mobile": {
                                    "unit": "px",
                                    "size": 13,
                                    "sizes": []
                                },
                                "typography_font_weight": "600",
                                "typography_text_transform": "uppercase",
                                "typography_text_decoration": "none",
                                "typography_line_height": {
                                    "unit": "em",
                                    "size": "",
                                    "sizes": []
                                },
                                "typography_letter_spacing": {
                                    "unit": "px",
                                    "size": 2,
                                    "sizes": []
                                },
                                "typography_word_spacing": {
                                    "unit": "em",
                                    "size": "",
                                    "sizes": []
                                },
                                "button_text_color": "#276DE4",
                                "border_border": "solid",
                                "border_width": {
                                    "unit": "px",
                                    "top": "1",
                                    "right": "1",
                                    "bottom": "1",
                                    "left": "1",
                                    "isLinked": true
                                },
                                "border_color": "#FFFFFF",
                                "border_radius": {
                                    "unit": "px",
                                    "top": "50",
                                    "right": "50",
                                    "bottom": "50",
                                    "left": "50",
                                    "isLinked": true
                                },
                                "button_box_shadow_box_shadow_type": "yes",
                                "button_box_shadow_box_shadow": {
                                    "horizontal": 0,
                                    "vertical": 0,
                                    "blur": 0,
                                    "spread": 0,
                                    "color": "rgba(0,0,0,0.5)"
                                },
                                "text_padding": {
                                    "unit": "px",
                                    "top": "6",
                                    "right": "15",
                                    "bottom": "6",
                                    "left": "15",
                                    "isLinked": false
                                },
                                "_margin": {
                                    "unit": "px",
                                    "top": "0",
                                    "right": "0",
                                    "bottom": "0",
                                    "left": "0",
                                    "isLinked": true
                                },
                                "_element_width": "auto",
                                "__globals__": {
                                    "background_color": "globals\/colors?id=78d90f4",
                                    "button_text_color": "globals\/colors?id=primary",
                                    "typography_typography": "globals\/typography?id=a3161ad",
                                    "border_color": "globals\/colors?id=33f134d",
                                    "button_background_hover_color": "globals\/colors?id=accent",
                                    "hover_color": "globals\/colors?id=fa302c4",
                                    "background_color_b": "globals\/colors?id=c57ecbd",
                                    "button_background_hover_color_b": "globals\/colors?id=29e3812",
                                    "button_hover_border_color": "globals\/colors?id=33f134d"
                                },
                                "background_background": "gradient",
                                "background_gradient_angle": {
                                    "unit": "deg",
                                    "size": 280,
                                    "sizes": []
                                },
                                "button_background_hover_background": "gradient",
                                "button_background_hover_gradient_angle": {
                                    "unit": "deg",
                                    "size": 280,
                                    "sizes": []
                                }
                            },
                            "elements": [],
                            "isInner": false,
                            "widgetType": "button",
                            "elType": "widget"
                        }
                    ],
                    "isInner": true,
                    "elType": "container"
                },
                {
                    "id": "e04e93a",
                    "settings": {
                        "flex_direction": "row",
                        "flex_justify_content": "space-between",
                        "flex_wrap": "wrap",
                        "border_border": "solid",
                        "border_width": {
                            "unit": "px",
                            "top": "1",
                            "right": "0",
                            "bottom": "0",
                            "left": "0",
                            "isLinked": false
                        },
                        "margin": {
                            "unit": "px",
                            "top": "100",
                            "right": "0",
                            "bottom": "0",
                            "left": "0",
                            "isLinked": false
                        },
                        "padding": {
                            "unit": "px",
                            "top": "30",
                            "right": "0",
                            "bottom": "10",
                            "left": "0",
                            "isLinked": false
                        },
                        "__globals__": {
                            "border_color": "globals\/colors?id=33f134d"
                        }
                    },
                    "elements": [
                        {
                            "id": "1ca98ed2",
                            "settings": {
                                "content_width": "full",
                                "width": {
                                    "unit": "%",
                                    "size": 50,
                                    "sizes": []
                                },
                                "flex_direction": "row",
                                "flex_wrap": "wrap",
                                "padding": {
                                    "unit": "px",
                                    "top": "0",
                                    "right": "0",
                                    "bottom": "0",
                                    "left": "0",
                                    "isLinked": false
                                },
                                "flex_gap": {
                                    "column": "0",
                                    "row": "0",
                                    "isLinked": false,
                                    "unit": "px",
                                    "size": 0
                                },
                                "flex_justify_content_mobile": "center"
                            },
                            "elements": [
                                {
                                    "id": "1bfc7cef",
                                    "settings": {
                                        "image": {
                                            "url": "https:\/\/templatekit.jegtheme.com\/creatv\/wp-content\/uploads\/sites\/419\/2023\/10\/creatv-logo1-RVDFZDU.png",
                                            "id": 181,
                                            "size": "",
                                            "alt": "",
                                            "source": "library"
                                        },
                                        "align": "left",
                                        "width": {
                                            "unit": "px",
                                            "size": 150,
                                            "sizes": []
                                        },
                                        "width_tablet": {
                                            "unit": "px",
                                            "size": "",
                                            "sizes": []
                                        },
                                        "width_mobile": {
                                            "unit": "px",
                                            "size": 120,
                                            "sizes": []
                                        },
                                        "_element_width": "auto",
                                        "_flex_align_self": "center",
                                        "_padding_mobile": {
                                            "unit": "px",
                                            "top": "7",
                                            "right": "0",
                                            "bottom": "7",
                                            "left": "0",
                                            "isLinked": false
                                        }
                                    },
                                    "elements": [],
                                    "isInner": false,
                                    "widgetType": "image",
                                    "elType": "widget"
                                },
                                {
                                    "id": "7f73e5d1",
                                    "settings": {
                                        "editor": "Creative Design Agency.",
                                        "_margin": {
                                            "unit": "px",
                                            "top": "10",
                                            "right": "0",
                                            "bottom": "0",
                                            "left": "20",
                                            "isLinked": false
                                        },
                                        "_padding": {
                                            "unit": "px",
                                            "top": "0",
                                            "right": "0",
                                            "bottom": "0",
                                            "left": "20",
                                            "isLinked": false
                                        },
                                        "_element_width": "auto",
                                        "_flex_align_self": "center",
                                        "_border_border": "solid",
                                        "_border_width": {
                                            "unit": "px",
                                            "top": "0",
                                            "right": "0",
                                            "bottom": "0",
                                            "left": "1",
                                            "isLinked": false
                                        },
                                        "__globals__": {
                                            "text_color": "globals\/colors?id=text",
                                            "typography_typography": "globals\/typography?id=accent",
                                            "_border_color": "globals\/colors?id=33f134d"
                                        },
                                        "_margin_mobile": {
                                            "unit": "px",
                                            "top": "0",
                                            "right": "0",
                                            "bottom": "7",
                                            "left": "12",
                                            "isLinked": false
                                        },
                                        "_padding_mobile": {
                                            "unit": "px",
                                            "top": "0",
                                            "right": "0",
                                            "bottom": "0",
                                            "left": "12",
                                            "isLinked": false
                                        },
                                        "_flex_align_self_mobile": "flex-end"
                                    },
                                    "elements": [],
                                    "isInner": false,
                                    "widgetType": "text-editor",
                                    "elType": "widget"
                                }
                            ],
                            "isInner": true,
                            "elType": "container"
                        },
                        {
                            "id": "63c5acfb",
                            "settings": {
                                "content_width": "full",
                                "width": {
                                    "unit": "%",
                                    "size": 48,
                                    "sizes": []
                                },
                                "flex_wrap": "wrap",
                                "padding": {
                                    "unit": "px",
                                    "top": "0",
                                    "right": "0",
                                    "bottom": "0",
                                    "left": "0",
                                    "isLinked": false
                                },
                                "_flex_align_self": "center",
                                "width_tablet": {
                                    "unit": "%",
                                    "size": 100,
                                    "sizes": []
                                },
                                "width_mobile": {
                                    "unit": "%",
                                    "size": "",
                                    "sizes": []
                                }
                            },
                            "elements": [
                                {
                                    "id": "7546cf9f",
                                    "settings": {
                                        "editor": "\u00a9 Copyright 2023 Templatekit By Jegtheme. All rights reserved.",
                                        "__globals__": {
                                            "text_color": "globals\/colors?id=text",
                                            "typography_typography": "globals\/typography?id=accent"
                                        },
                                        "align": "right",
                                        "align_mobile": "center",
                                        "align_tablet": "left",
                                        "text_color": "#FFFFFF"
                                    },
                                    "elements": [],
                                    "isInner": false,
                                    "widgetType": "text-editor",
                                    "elType": "widget"
                                }
                            ],
                            "isInner": true,
                            "elType": "container"
                        }
                    ],
                    "isInner": true,
                    "elType": "container"
                }
            ],
            "isInner": false,
            "elType": "container"
        }
    ]
}