{
    "version": "0.4",
    "title": "Header",
    "type": "section",
    "metadata": {
        "template_type": "section-header",
        "include_in_zip": "1",
        "elementor_pro_required": null,
        "wp_page_template": "elementor_canvas"
    },
    "content": [
        {
            "id": "34a5427a",
            "settings": {
                "flex_direction": "row",
                "flex_gap": {
                    "unit": "px",
                    "size": 0,
                    "column": "0",
                    "row": "0"
                },
                "content_width": "full",
                "flex_wrap": "wrap",
                "background_background": "classic",
                "background_color": "#513F8169",
                "background_overlay_hover_transition": {
                    "unit": "px",
                    "size": 0.3,
                    "sizes": []
                },
                "border_border": "none",
                "border_width": {
                    "unit": "px",
                    "top": "0",
                    "right": "0",
                    "bottom": "1.5",
                    "left": "0",
                    "isLinked": false
                },
                "border_color": "#FFFFFF",
                "margin": {
                    "unit": "px",
                    "top": "0",
                    "right": "0",
                    "bottom": "-100",
                    "left": "0",
                    "isLinked": false
                },
                "padding": {
                    "unit": "px",
                    "top": "0",
                    "right": "0",
                    "bottom": "0",
                    "left": "0",
                    "isLinked": true
                },
                "padding_tablet": {
                    "unit": "px",
                    "top": "20",
                    "right": "20",
                    "bottom": "20",
                    "left": "20",
                    "isLinked": false
                },
                "z_index": 999,
                "jkit_sticky_background_color": "#222A4D",
                "jkit_sticky_hide_on_scroll": "hide-on-scroll",
                "jkit_sticky_transition": {
                    "unit": "px",
                    "size": 0.3,
                    "sizes": []
                },
                "__globals__": {
                    "background_color": "",
                    "border_color": ""
                }
            },
            "elements": [
                {
                    "id": "679e851f",
                    "settings": {
                        "flex_direction": "column",
                        "content_width": "full",
                        "width": {
                            "unit": "%",
                            "size": 18
                        },
                        "flex_justify_content": "center",
                        "padding": {
                            "unit": "px",
                            "top": "10",
                            "right": "10",
                            "bottom": "10",
                            "left": "30",
                            "isLinked": false
                        },
                        "width_tablet": {
                            "unit": "%",
                            "size": 50,
                            "sizes": []
                        },
                        "width_mobile": {
                            "unit": "%",
                            "size": 50,
                            "sizes": []
                        },
                        "padding_tablet": {
                            "unit": "px",
                            "top": "0",
                            "right": "0",
                            "bottom": "0",
                            "left": "0",
                            "isLinked": false
                        }
                    },
                    "elements": [
                        {
                            "id": "27ff62b5",
                            "settings": {
                                "image": {
                                    "id": 181,
                                    "url": "https:\/\/templatekit.jegtheme.com\/creatv\/wp-content\/uploads\/sites\/419\/2023\/10\/creatv-logo1-RVDFZDU.png",
                                    "alt": "",
                                    "source": "library",
                                    "size": ""
                                },
                                "image_size": "full",
                                "link_to": "custom",
                                "width": {
                                    "unit": "px",
                                    "size": 150,
                                    "sizes": []
                                },
                                "space": {
                                    "unit": "%",
                                    "size": 100,
                                    "sizes": []
                                },
                                "align": "left",
                                "_margin": {
                                    "unit": "px",
                                    "top": "0",
                                    "right": "0",
                                    "bottom": "0",
                                    "left": "0",
                                    "isLinked": true
                                },
                                "align_tablet": "left",
                                "width_mobile": {
                                    "unit": "px",
                                    "size": 150,
                                    "sizes": []
                                },
                                "width_tablet": {
                                    "unit": "px",
                                    "size": 160,
                                    "sizes": []
                                },
                                "_element_width": "auto"
                            },
                            "elements": [],
                            "isInner": false,
                            "widgetType": "image",
                            "elType": "widget"
                        }
                    ],
                    "isInner": true,
                    "elType": "container"
                },
                {
                    "id": "7b9e63e5",
                    "settings": {
                        "flex_direction": "row",
                        "content_width": "full",
                        "width": {
                            "unit": "%",
                            "size": 70
                        },
                        "flex_justify_content": "flex-end",
                        "padding": {
                            "unit": "px",
                            "top": "0",
                            "right": "30",
                            "bottom": "0",
                            "left": "0",
                            "isLinked": false
                        },
                        "width_tablet": {
                            "unit": "%",
                            "size": 50,
                            "sizes": []
                        },
                        "width_mobile": {
                            "unit": "%",
                            "size": 50,
                            "sizes": []
                        },
                        "padding_tablet": {
                            "unit": "px",
                            "top": "0",
                            "right": "0",
                            "bottom": "0",
                            "left": "0",
                            "isLinked": false
                        },
                        "flex_align_items_mobile": "flex-end"
                    },
                    "elements": [
                        {
                            "id": "2f16d2a8",
                            "settings": {
                                "sg_menu_choose": "menu",
                                "st_menu_wrapper_height_responsive": {
                                    "unit": "px",
                                    "size": 74,
                                    "sizes": []
                                },
                                "st_menu_item_spacing_responsive": {
                                    "unit": "px",
                                    "top": "0",
                                    "right": "0",
                                    "bottom": "0",
                                    "left": "0",
                                    "isLinked": false
                                },
                                "st_submenu_item_indicator": {
                                    "value": "jki jki-plus-solid",
                                    "library": "jkiticon"
                                },
                                "st_submenu_item_indicator_margin_responsive": {
                                    "unit": "px",
                                    "top": "0",
                                    "right": "0",
                                    "bottom": "0",
                                    "left": "7",
                                    "isLinked": false
                                },
                                "st_submenu_item_spacing_responsive": {
                                    "unit": "px",
                                    "top": "12",
                                    "right": "30",
                                    "bottom": "12",
                                    "left": "20",
                                    "isLinked": false
                                },
                                "__globals__": {
                                    "st_submenu_item_indicator_color_responsive": "",
                                    "st_menu_item_typography_content_typography_typography": "globals\/typography?id=a3161ad",
                                    "st_submenu_item_typography_content_typography_typography": "",
                                    "st_submenu_panel_background_background_color": "",
                                    "st_menu_wrapper_mobile_color_tablet_responsive_tablet": "globals\/colors?id=1e387bf",
                                    "st_hamburger_menu_icon_background_background_color": "globals\/colors?id=accent",
                                    "st_hamburger_menu_icon_background_hover_background_color": "globals\/colors?id=29e3812",
                                    "st_hamburger_menu_close_color_responsive_tablet": "globals\/colors?id=primary",
                                    "st_hamburger_menu_close_color_hover_responsive_tablet": "globals\/colors?id=primary",
                                    "st_submenu_item_text_hover_color_responsive": "globals\/colors?id=primary",
                                    "st_submenu_item_text_active_color_responsive": "globals\/colors?id=primary",
                                    "st_submenu_item_text_hover_bg_background_color": "globals\/colors?id=accent",
                                    "st_menu_item_text_hover_color_responsive": "globals\/colors?id=primary",
                                    "st_submenu_item_text_normal_bg_background_color": "",
                                    "st_submenu_item_text_normal_color_responsive": "globals\/colors?id=1e387bf",
                                    "st_menu_item_text_normal_color_responsive": "globals\/colors?id=text",
                                    "st_menu_item_text_active_color_responsive": "globals\/colors?id=primary",
                                    "st_menu_item_text_normal_color_responsive_tablet": "",
                                    "st_submenu_item_text_normal_color_responsive_tablet": "",
                                    "st_submenu_item_text_hover_color_responsive_tablet": "",
                                    "st_submenu_item_text_active_color_responsive_tablet": "",
                                    "st_hamburger_menu_icon_color_responsive_tablet": "globals\/colors?id=primary",
                                    "st_hamburger_menu_icon_color_hover_responsive_tablet": "globals\/colors?id=primary",
                                    "st_menu_wrapper_mobile_color_tablet_responsive": "",
                                    "st_submenu_panel_background_background_color_b": "",
                                    "st_submenu_panel_border_border_color": "globals\/colors?id=primary",
                                    "st_hamburger_menu_icon_border_border_color": "globals\/colors?id=primary",
                                    "st_hamburger_menu_close_border_border_color": "globals\/colors?id=primary",
                                    "st_hamburger_menu_icon_background_background_color_b": "globals\/colors?id=29e3812",
                                    "st_hamburger_menu_icon_background_hover_background_color_b": "globals\/colors?id=accent",
                                    "st_hamburger_menu_close_background_background_color": "globals\/colors?id=accent",
                                    "st_hamburger_menu_close_background_background_color_b": "globals\/colors?id=29e3812",
                                    "st_hamburger_menu_close_background_hover_background_color": "globals\/colors?id=29e3812",
                                    "st_hamburger_menu_close_background_hover_background_color_b": "globals\/colors?id=accent",
                                    "st_submenu_item_hover_border_border_color": "globals\/colors?id=primary",
                                    "st_submenu_item_text_active_bg_background_color": "globals\/colors?id=29e3812",
                                    "st_hamburger_menu_close_color_responsive_mobile": "globals\/colors?id=primary",
                                    "st_submenu_item_text_hover_bg_background_color_b": "globals\/colors?id=29e3812",
                                    "st_submenu_item_text_active_bg_background_color_b": "globals\/colors?id=accent"
                                },
                                "st_submenu_panel_border_radius_responsive": {
                                    "unit": "px",
                                    "top": "0",
                                    "right": "0",
                                    "bottom": "0",
                                    "left": "0",
                                    "isLinked": true
                                },
                                "sg_mobile_menu_logo": {
                                    "id": 182,
                                    "url": "https:\/\/templatekit.jegtheme.com\/creatv\/wp-content\/uploads\/sites\/419\/2023\/10\/creatv-logo2-RVDFZDU-e1698314518420.png",
                                    "alt": "",
                                    "source": "library",
                                    "size": ""
                                },
                                "sg_mobile_menu_logo_size_imagesize_size": "full",
                                "st_menu_wrapper_padding_responsive_tablet": {
                                    "unit": "px",
                                    "top": "25",
                                    "right": "25",
                                    "bottom": "25",
                                    "left": "25",
                                    "isLinked": true
                                },
                                "st_menu_item_spacing_responsive_tablet": {
                                    "unit": "px",
                                    "top": "15",
                                    "right": "15",
                                    "bottom": "15",
                                    "left": "6",
                                    "isLinked": false
                                },
                                "st_submenu_item_indicator_margin_responsive_tablet": {
                                    "unit": "px",
                                    "top": "0",
                                    "right": "0",
                                    "bottom": "0",
                                    "left": "0",
                                    "isLinked": false
                                },
                                "st_submenu_item_indicator_border_border_border": "none",
                                "st_submenu_item_indicator_border_border_width_tablet": {
                                    "unit": "px",
                                    "top": "0",
                                    "right": "0",
                                    "bottom": "0",
                                    "left": "0",
                                    "isLinked": true
                                },
                                "st_hamburger_menu_icon_size_responsive_tablet": {
                                    "unit": "px",
                                    "size": 24,
                                    "sizes": []
                                },
                                "st_hamburger_menu_icon_size_responsive_mobile": {
                                    "unit": "px",
                                    "size": 22,
                                    "sizes": []
                                },
                                "st_hamburger_menu_icon_background_background_background": "gradient",
                                "st_hamburger_menu_icon_border_border_border": "none",
                                "st_hamburger_menu_icon_border_border_width_tablet": {
                                    "unit": "px",
                                    "top": "2",
                                    "right": "2",
                                    "bottom": "2",
                                    "left": "2",
                                    "isLinked": true
                                },
                                "st_hamburger_menu_icon_border_radius_responsive_tablet": {
                                    "unit": "px",
                                    "top": "0",
                                    "right": "0",
                                    "bottom": "0",
                                    "left": "0",
                                    "isLinked": true
                                },
                                "st_hamburger_menu_icon_background_hover_background_background": "gradient",
                                "st_hamburger_menu_icon_padding_responsive_tablet": {
                                    "unit": "px",
                                    "top": "12",
                                    "right": "12",
                                    "bottom": "10",
                                    "left": "13",
                                    "isLinked": false
                                },
                                "st_hamburger_menu_close_background_background_background": "gradient",
                                "st_hamburger_menu_close_border_border_border": "none",
                                "st_hamburger_menu_close_border_border_width_tablet": {
                                    "unit": "px",
                                    "top": "2",
                                    "right": "2",
                                    "bottom": "2",
                                    "left": "2",
                                    "isLinked": true
                                },
                                "st_hamburger_menu_close_border_radius_responsive_tablet": {
                                    "unit": "px",
                                    "top": "0",
                                    "right": "0",
                                    "bottom": "0",
                                    "left": "0",
                                    "isLinked": true
                                },
                                "st_hamburger_menu_close_padding_responsive_tablet": {
                                    "unit": "px",
                                    "top": "11",
                                    "right": "13",
                                    "bottom": "10",
                                    "left": "12.5",
                                    "isLinked": false
                                },
                                "st_mobile_menu_width_responsive_tablet": {
                                    "unit": "px",
                                    "size": 160,
                                    "sizes": []
                                },
                                "st_mobile_menu_object_fit_responsive_tablet": "contain",
                                "sg_mobile_menu_icon": {
                                    "value": "jki jki-bars-solid",
                                    "library": "jkiticon"
                                },
                                "sg_mobile_close_icon": {
                                    "value": "jki jki-times-solid",
                                    "library": "jkiticon"
                                },
                                "st_hamburger_menu_close_icon_size_responsive_tablet": {
                                    "unit": "px",
                                    "size": 16,
                                    "sizes": []
                                },
                                "_margin_tablet": {
                                    "unit": "px",
                                    "top": "0",
                                    "right": "0",
                                    "bottom": "0",
                                    "left": "0",
                                    "isLinked": true
                                },
                                "_margin_mobile": {
                                    "unit": "px",
                                    "top": "0",
                                    "right": "0",
                                    "bottom": "0",
                                    "left": "0",
                                    "isLinked": false
                                },
                                "st_hamburger_menu_icon_margin_responsive_tablet": {
                                    "unit": "px",
                                    "top": "0",
                                    "right": "0",
                                    "bottom": "0",
                                    "left": "0",
                                    "isLinked": false
                                },
                                "st_mobile_menu_margin_responsive_tablet": {
                                    "unit": "px",
                                    "top": "4",
                                    "right": "0",
                                    "bottom": "0",
                                    "left": "0",
                                    "isLinked": false
                                },
                                "_element_width_tablet": "auto",
                                "sg_menu_alignment_responsive": "center",
                                "st_submenu_item_text_normal_bg_background_color": "#EEC44F00",
                                "st_submenu_panel_background_background_gradient_type": "radial",
                                "st_submenu_panel_background_background_gradient_position": "top right",
                                "st_submenu_panel_border_border_border": "none",
                                "st_submenu_panel_border_border_width": {
                                    "unit": "px",
                                    "top": "1.5",
                                    "right": "1.5",
                                    "bottom": "0",
                                    "left": "1.5",
                                    "isLinked": false
                                },
                                "st_hamburger_menu_icon_color_responsive_tablet": "#1C1C1C",
                                "st_hamburger_menu_close_color_responsive_tablet": "#1C1C1C",
                                "st_hamburger_menu_icon_background_background_gradient_angle": {
                                    "unit": "deg",
                                    "size": 320,
                                    "sizes": []
                                },
                                "st_hamburger_menu_icon_background_hover_background_gradient_angle": {
                                    "unit": "deg",
                                    "size": 320,
                                    "sizes": []
                                },
                                "st_hamburger_menu_close_background_background_gradient_angle": {
                                    "unit": "deg",
                                    "size": 320,
                                    "sizes": []
                                },
                                "st_hamburger_menu_close_background_hover_background_background": "gradient",
                                "st_hamburger_menu_close_background_hover_background_gradient_angle": {
                                    "unit": "deg",
                                    "size": 320,
                                    "sizes": []
                                },
                                "st_hamburger_menu_icon_background_background_color": "#FFD154",
                                "st_hamburger_menu_icon_background_background_color_b": "#FFD154",
                                "st_hamburger_menu_icon_background_hover_background_color": "#EEC44F",
                                "st_hamburger_menu_icon_background_hover_background_color_b": "#EEC44F",
                                "st_hamburger_menu_icon_color_hover_responsive_tablet": "#1C1C1C",
                                "st_hamburger_menu_close_background_background_color": "#FFD154",
                                "st_hamburger_menu_close_background_background_color_b": "#FFD154",
                                "st_hamburger_menu_close_background_hover_background_color": "#EEC44F",
                                "st_hamburger_menu_close_background_hover_background_color_b": "#EEC44F",
                                "st_hamburger_menu_close_color_hover_responsive_tablet": "#1C1C1C",
                                "st_submenu_item_border_border_border": "none",
                                "st_submenu_item_border_border_width": {
                                    "unit": "px",
                                    "top": "0",
                                    "right": "0",
                                    "bottom": "1.5",
                                    "left": "0",
                                    "isLinked": false
                                },
                                "st_submenu_item_border_border_color": "#1A1A1A",
                                "st_submenu_item_hover_border_border_border": "none",
                                "st_submenu_item_hover_border_border_width": {
                                    "unit": "px",
                                    "top": "0",
                                    "right": "0",
                                    "bottom": "1.5",
                                    "left": "0",
                                    "isLinked": false
                                },
                                "st_submenu_item_text_active_bg_background_background": "gradient",
                                "st_submenu_panel_background_background_background": "classic",
                                "st_mobile_menu_margin_responsive_mobile": {
                                    "unit": "px",
                                    "top": "0",
                                    "right": "0",
                                    "bottom": "0",
                                    "left": "0",
                                    "isLinked": false
                                },
                                "_border_width_tablet": {
                                    "unit": "px",
                                    "top": "2",
                                    "right": "2",
                                    "bottom": "2",
                                    "left": "2",
                                    "isLinked": true
                                },
                                "_box_shadow_box_shadow": {
                                    "horizontal": 5,
                                    "vertical": 5,
                                    "blur": 0,
                                    "spread": 0,
                                    "color": "#000000"
                                },
                                "_element_width": "auto",
                                "_border_width": {
                                    "unit": "px",
                                    "top": "0",
                                    "right": "1",
                                    "bottom": "0",
                                    "left": "0",
                                    "isLinked": false
                                },
                                "_border_color": "#1A1A1A",
                                "st_menu_item_margin_responsive": {
                                    "unit": "px",
                                    "top": "0",
                                    "right": "25",
                                    "bottom": "0",
                                    "left": "25",
                                    "isLinked": false
                                },
                                "st_menu_item_text_normal_border_border_border": "none",
                                "st_menu_item_text_normal_border_border_width": {
                                    "unit": "px",
                                    "top": "1.5",
                                    "right": "0",
                                    "bottom": "0",
                                    "left": "0",
                                    "isLinked": false
                                },
                                "st_menu_item_text_normal_border_border_color": "#02010100",
                                "st_menu_item_text_hover_border_border_border": "none",
                                "st_menu_item_text_hover_border_border_width": {
                                    "unit": "px",
                                    "top": "1.5",
                                    "right": "0",
                                    "bottom": "0",
                                    "left": "0",
                                    "isLinked": false
                                },
                                "st_menu_item_text_hover_border_border_color": "#1A1A1A",
                                "st_menu_item_text_active_border_border_border": "none",
                                "st_menu_item_text_active_border_border_width": {
                                    "unit": "px",
                                    "top": "1.5",
                                    "right": "0",
                                    "bottom": "0",
                                    "left": "0",
                                    "isLinked": false
                                },
                                "st_menu_item_text_active_border_border_color": "#1A1A1A",
                                "st_submenu_item_typography_content_typography_typography": "custom",
                                "st_submenu_item_typography_content_typography_font_family": "Archivo",
                                "st_submenu_item_typography_content_typography_font_size": {
                                    "unit": "px",
                                    "size": 12,
                                    "sizes": []
                                },
                                "st_submenu_item_typography_content_typography_font_size_tablet": {
                                    "unit": "px",
                                    "size": 14,
                                    "sizes": []
                                },
                                "st_submenu_item_typography_content_typography_font_size_mobile": {
                                    "unit": "px",
                                    "size": 13,
                                    "sizes": []
                                },
                                "st_submenu_item_typography_content_typography_font_weight": "500",
                                "st_submenu_item_typography_content_typography_text_transform": "uppercase",
                                "st_submenu_item_typography_content_typography_text_decoration": "none",
                                "st_submenu_item_typography_content_typography_line_height": {
                                    "unit": "em",
                                    "size": "",
                                    "sizes": []
                                },
                                "st_submenu_item_typography_content_typography_letter_spacing": {
                                    "unit": "px",
                                    "size": 2,
                                    "sizes": []
                                },
                                "st_submenu_item_typography_content_typography_word_spacing": {
                                    "unit": "em",
                                    "size": "",
                                    "sizes": []
                                },
                                "st_submenu_item_text_normal_bg_background_background": "gradient",
                                "st_submenu_item_border_first_border_width": {
                                    "unit": "px",
                                    "top": "0",
                                    "right": "0",
                                    "bottom": "1.5",
                                    "left": "0",
                                    "isLinked": false
                                },
                                "st_submenu_item_border_first_border_color": "#1A1A1A",
                                "st_submenu_item_hover_border_border_color": "#1C1C1C",
                                "st_submenu_item_active_border_border_border": "none",
                                "st_submenu_panel_border_border_color": "#1C1C1C",
                                "st_submenu_panel_background_background_color": "#FFFFFF",
                                "st_hamburger_menu_icon_border_border_color": "#1C1C1C",
                                "st_hamburger_menu_close_border_border_color": "#1C1C1C",
                                "st_hamburger_menu_close_color_responsive_mobile": "#1C1C1C",
                                "st_submenu_panel_padding_responsive": {
                                    "unit": "px",
                                    "top": "8",
                                    "right": "8",
                                    "bottom": "8",
                                    "left": "8",
                                    "isLinked": true
                                },
                                "_flex_align_self": "center",
                                "st_submenu_item_text_normal_bg_background_color_b": "#F2295B00",
                                "st_submenu_item_text_hover_bg_background_background": "gradient",
                                "st_submenu_item_text_hover_bg_background_gradient_angle": {
                                    "unit": "deg",
                                    "size": 280,
                                    "sizes": []
                                },
                                "st_submenu_item_text_active_bg_background_gradient_angle": {
                                    "unit": "deg",
                                    "size": 280,
                                    "sizes": []
                                },
                                "st_menu_item_margin_responsive_tablet": {
                                    "unit": "px",
                                    "top": "0",
                                    "right": "0",
                                    "bottom": "0",
                                    "left": "0",
                                    "isLinked": false
                                }
                            },
                            "elements": [],
                            "isInner": false,
                            "widgetType": "jkit_nav_menu",
                            "elType": "widget"
                        },
                        {
                            "id": "71e11a",
                            "settings": {
                                "sg_search_placeholder": "Search...",
                                "sg_search_text": "Search",
                                "st_icon_margin_responsive": {
                                    "unit": "px",
                                    "top": "0",
                                    "right": "0",
                                    "bottom": "-5",
                                    "left": "0",
                                    "isLinked": false
                                },
                                "st_icon_padding_responsive": {
                                    "unit": "px",
                                    "top": "0",
                                    "right": "0",
                                    "bottom": "0",
                                    "left": "0",
                                    "isLinked": false
                                },
                                "_border_border": "none",
                                "_border_width": {
                                    "unit": "px",
                                    "top": "0",
                                    "right": "1",
                                    "bottom": "0",
                                    "left": "0",
                                    "isLinked": false
                                },
                                "_element_width": "auto",
                                "sg_search_icon": {
                                    "value": "jki jki-search11-light",
                                    "library": "jkiticon"
                                },
                                "__globals__": {
                                    "st_icon_normal_color_responsive": "",
                                    "st_icon_hover_color_responsive": "globals\/colors?id=text",
                                    "_border_color": "",
                                    "st_container_border_border_color": "globals\/colors?id=primary",
                                    "st_container_background_background_color": ""
                                },
                                "_border_color": "#FFFFFF30",
                                "st_container_border_border_border": "solid",
                                "st_container_border_border_width": {
                                    "unit": "px",
                                    "top": "1",
                                    "right": "1",
                                    "bottom": "1",
                                    "left": "1",
                                    "isLinked": true
                                },
                                "st_container_border_radius_responsive": {
                                    "unit": "px",
                                    "top": "50",
                                    "right": "50",
                                    "bottom": "50",
                                    "left": "50",
                                    "isLinked": true
                                },
                                "st_icon_normal_color_responsive": "#FFFFFF",
                                "st_container_background_background_background": "classic",
                                "st_container_background_background_color": "#1A0A30ED",
                                "st_container_border_border_color": "#6EC1E4",
                                "st_icon_hover_color_responsive": "#7A7A7A",
                                "_margin": {
                                    "unit": "px",
                                    "top": "0",
                                    "right": "0",
                                    "bottom": "0",
                                    "left": "0",
                                    "isLinked": true
                                },
                                "_flex_align_self": "center",
                                "hide_tablet": "hidden-tablet",
                                "hide_mobile": "hidden-mobile"
                            },
                            "elements": [],
                            "isInner": false,
                            "widgetType": "jkit_search",
                            "elType": "widget"
                        }
                    ],
                    "isInner": true,
                    "elType": "container"
                },
                {
                    "id": "d1e4ad5",
                    "settings": {
                        "flex_direction": "row",
                        "content_width": "full",
                        "width": {
                            "unit": "%",
                            "size": 12
                        },
                        "flex_justify_content": "flex-end",
                        "flex_align_items": "flex-end",
                        "padding": {
                            "unit": "px",
                            "top": "0",
                            "right": "0",
                            "bottom": "0",
                            "left": "0",
                            "isLinked": false
                        },
                        "_flex_align_self": "flex-end",
                        "width_tablet": {
                            "unit": "%",
                            "size": 100,
                            "sizes": []
                        },
                        "width_mobile": {
                            "unit": "%",
                            "size": "",
                            "sizes": []
                        },
                        "hide_tablet": "hidden-tablet",
                        "hide_mobile": "hidden-mobile"
                    },
                    "elements": [
                        {
                            "id": "7a1b2aa9",
                            "settings": {
                                "sg_content_label": "Get Started",
                                "sg_content_icon_enable": "",
                                "sg_content_icon": {
                                    "value": "jki jki-right-arrow-light",
                                    "library": "jkiticon"
                                },
                                "sg_content_icon_position": "after",
                                "st_button_padding_responsive": {
                                    "unit": "px",
                                    "top": "30",
                                    "right": "0",
                                    "bottom": "30",
                                    "left": "0",
                                    "isLinked": false
                                },
                                "st_button_normal_background_background_background": "gradient",
                                "st_button_hover_background_background_background": "gradient",
                                "st_border_normal_border_border_width": {
                                    "unit": "px",
                                    "top": "0",
                                    "right": "0",
                                    "bottom": "0",
                                    "left": "1.5",
                                    "isLinked": false
                                },
                                "st_border_normal_border_radius_responsive": {
                                    "unit": "px",
                                    "top": "0",
                                    "right": "0",
                                    "bottom": "0",
                                    "left": "0",
                                    "isLinked": true
                                },
                                "st_border_hover_border_border_width": {
                                    "unit": "px",
                                    "top": "0",
                                    "right": "0",
                                    "bottom": "0",
                                    "left": "1.5",
                                    "isLinked": false
                                },
                                "st_icon_spacing_responsive": {
                                    "unit": "px",
                                    "size": 10,
                                    "sizes": []
                                },
                                "st_icon_vertical_position_responsive": {
                                    "unit": "px",
                                    "size": -1,
                                    "sizes": []
                                },
                                "_element_width": "initial",
                                "_element_vertical_align": "center",
                                "__globals__": {
                                    "st_border_normal_border_border_color": "",
                                    "st_border_hover_border_border_color": "globals\/colors?id=primary",
                                    "st_button_hover_background_background_color": "globals\/colors?id=29e3812",
                                    "st_button_hover_color_responsive": "globals\/colors?id=primary",
                                    "st_button_normal_background_background_color": "globals\/colors?id=accent",
                                    "st_button_normal_color_responsive": "globals\/colors?id=primary",
                                    "st_button_typography_content_typography_typography": "globals\/typography?id=6433c51",
                                    "st_button_normal_background_background_color_b": "globals\/colors?id=29e3812",
                                    "st_button_hover_background_background_color_b": "globals\/colors?id=accent"
                                },
                                "st_button_normal_background_background_gradient_angle": {
                                    "unit": "deg",
                                    "size": 325,
                                    "sizes": []
                                },
                                "st_button_hover_background_background_gradient_angle": {
                                    "unit": "deg",
                                    "size": 320,
                                    "sizes": []
                                },
                                "st_button_hover_background_background_color_b": "#5631DE",
                                "_transform_translateX_effect": {
                                    "unit": "px",
                                    "size": 293,
                                    "sizes": []
                                },
                                "_transform_translateX_effect_hover": {
                                    "unit": "px",
                                    "size": 5,
                                    "sizes": []
                                },
                                "_transform_translateY_effect_hover": {
                                    "unit": "px",
                                    "size": 5,
                                    "sizes": []
                                },
                                "_transform_keep_proportions_hover": "",
                                "_transform_transition_hover": {
                                    "unit": "px",
                                    "size": 500,
                                    "sizes": []
                                },
                                "_border_width": {
                                    "unit": "px",
                                    "top": "2",
                                    "right": "2",
                                    "bottom": "2",
                                    "left": "2",
                                    "isLinked": true
                                },
                                "_box_shadow_box_shadow": {
                                    "horizontal": 5,
                                    "vertical": 5,
                                    "blur": 0,
                                    "spread": 0,
                                    "color": "#1C1C1C"
                                },
                                "_box_shadow_hover_box_shadow": {
                                    "horizontal": 0,
                                    "vertical": 0,
                                    "blur": 0,
                                    "spread": 0,
                                    "color": "#000000"
                                },
                                "st_button_width_responsive": {
                                    "unit": "%",
                                    "size": 100,
                                    "sizes": []
                                },
                                "st_button_width_responsive_tablet": {
                                    "unit": "%",
                                    "size": "",
                                    "sizes": []
                                },
                                "st_button_width_responsive_mobile": {
                                    "unit": "%",
                                    "size": "",
                                    "sizes": []
                                },
                                "st_border_normal_border_border_color": "#FFFFFF",
                                "st_border_hover_border_border_color": "#FFFFFF",
                                "_element_custom_width": {
                                    "unit": "px",
                                    "size": 220,
                                    "sizes": []
                                },
                                "_flex_align_self": "flex-end",
                                "st_button_typography_content_typography_typography": "custom",
                                "st_button_typography_content_typography_font_family": "Archivo",
                                "st_button_typography_content_typography_font_size": {
                                    "unit": "px",
                                    "size": 14,
                                    "sizes": []
                                },
                                "st_button_typography_content_typography_font_size_tablet": {
                                    "unit": "px",
                                    "size": 15,
                                    "sizes": []
                                },
                                "st_button_typography_content_typography_font_size_mobile": {
                                    "unit": "px",
                                    "size": 14,
                                    "sizes": []
                                },
                                "st_button_typography_content_typography_font_weight": "600",
                                "st_button_typography_content_typography_text_transform": "uppercase",
                                "st_button_typography_content_typography_text_decoration": "none",
                                "st_button_typography_content_typography_line_height": {
                                    "unit": "em",
                                    "size": 1,
                                    "sizes": []
                                },
                                "st_button_typography_content_typography_letter_spacing": {
                                    "unit": "px",
                                    "size": 2.5,
                                    "sizes": []
                                },
                                "st_button_typography_content_typography_word_spacing": {
                                    "unit": "em",
                                    "size": "",
                                    "sizes": []
                                },
                                "st_button_normal_color_responsive": "#FFFFFF",
                                "st_button_normal_background_background_color": "#6136FF",
                                "st_button_hover_color_responsive": "#FFFFFF",
                                "st_button_hover_background_background_color": "#5631DE"
                            },
                            "elements": [],
                            "isInner": false,
                            "widgetType": "jkit_button",
                            "elType": "widget"
                        }
                    ],
                    "isInner": true,
                    "elType": "container"
                }
            ],
            "isInner": false,
            "elType": "container"
        }
    ]
}