{
    "version": "0.4",
    "title": "Single Post",
    "type": "section",
    "metadata": {
        "template_type": "single-post",
        "include_in_zip": "1",
        "elementor_pro_required": null,
        "wp_page_template": "elementor_header_footer"
    },
    "content": [
        {
            "id": "5e5092ce",
            "settings": {
                "flex_direction": "row",
                "boxed_width": {
                    "unit": "px",
                    "size": 1000,
                    "sizes": []
                },
                "flex_justify_content": "center",
                "flex_gap": {
                    "unit": "px",
                    "size": 0,
                    "column": "0",
                    "row": "0"
                },
                "flex_wrap": "wrap",
                "background_background": "classic",
                "background_color_b": "#000039DE",
                "background_image": {
                    "url": "",
                    "id": "",
                    "alt": "",
                    "source": "library"
                },
                "background_position": "center right",
                "background_position_tablet": "initial",
                "background_position_mobile": "initial",
                "background_xpos": {
                    "unit": "%",
                    "size": "",
                    "sizes": []
                },
                "background_xpos_tablet": {
                    "unit": "%",
                    "size": 45,
                    "sizes": []
                },
                "background_xpos_mobile": {
                    "unit": "%",
                    "size": 32,
                    "sizes": []
                },
                "background_ypos": {
                    "unit": "%",
                    "size": 0,
                    "sizes": []
                },
                "background_repeat": "no-repeat",
                "background_size": "cover",
                "background_size_tablet": "cover",
                "background_bg_width": {
                    "unit": "%",
                    "size": 90,
                    "sizes": []
                },
                "background_slideshow_background_size": "cover",
                "background_slideshow_background_position": "center right",
                "background_slideshow_ken_burns": "yes",
                "background_overlay_background": "classic",
                "background_overlay_color_stop": {
                    "unit": "%",
                    "size": 30,
                    "sizes": []
                },
                "background_overlay_color_b": "#000000D1",
                "background_overlay_color_b_stop": {
                    "unit": "%",
                    "size": 18,
                    "sizes": []
                },
                "background_overlay_gradient_angle": {
                    "unit": "deg",
                    "size": 90,
                    "sizes": []
                },
                "background_overlay_image": {
                    "id": 15,
                    "url": "https:\/\/templatekit.jegtheme.com\/creatv\/wp-content\/uploads\/sites\/419\/2023\/10\/blur-gradient-abstract-colorful-pastel-background.jpg"
                },
                "background_overlay_position": "bottom center",
                "background_overlay_repeat": "no-repeat",
                "background_overlay_size": "cover",
                "background_overlay_opacity": {
                    "unit": "px",
                    "size": 0.2,
                    "sizes": []
                },
                "css_filters_css_filter": "custom",
                "css_filters_brightness": {
                    "unit": "px",
                    "size": 80,
                    "sizes": []
                },
                "css_filters_saturate": {
                    "unit": "px",
                    "size": 200,
                    "sizes": []
                },
                "css_filters_hue": {
                    "unit": "px",
                    "size": 210,
                    "sizes": []
                },
                "background_overlay_hover_transition": {
                    "unit": "px",
                    "size": 0.3,
                    "sizes": []
                },
                "margin": {
                    "unit": "px",
                    "top": "",
                    "right": 0,
                    "bottom": "",
                    "left": 0,
                    "isLinked": true
                },
                "padding": {
                    "unit": "px",
                    "top": "220",
                    "right": "10",
                    "bottom": "0",
                    "left": "10",
                    "isLinked": false
                },
                "padding_tablet": {
                    "unit": "px",
                    "top": "200",
                    "right": "20",
                    "bottom": "0",
                    "left": "20",
                    "isLinked": false
                },
                "padding_mobile": {
                    "unit": "px",
                    "top": "150",
                    "right": "20",
                    "bottom": "0",
                    "left": "20",
                    "isLinked": false
                },
                "z_index": 0,
                "__globals__": {
                    "background_overlay_color": "",
                    "background_color": "globals\/colors?id=64ae608"
                }
            },
            "elements": [
                {
                    "id": "4378c906",
                    "settings": {
                        "_margin": {
                            "unit": "px",
                            "top": "0",
                            "right": "0",
                            "bottom": "-10",
                            "left": "0",
                            "isLinked": false
                        },
                        "__globals__": {
                            "st_title_normal_color_responsive": "globals\/colors?id=fa302c4",
                            "st_title_typography_content_typography_typography": ""
                        },
                        "st_title_alignment_responsive": "center",
                        "_margin_tablet": {
                            "unit": "px",
                            "top": "0",
                            "right": "0",
                            "bottom": "-20",
                            "left": "0",
                            "isLinked": false
                        },
                        "st_title_typography_content_typography_typography": "custom",
                        "st_title_typography_content_typography_font_family": "Archivo",
                        "st_title_typography_content_typography_font_size": {
                            "unit": "px",
                            "size": 48,
                            "sizes": []
                        },
                        "st_title_typography_content_typography_font_size_tablet": {
                            "unit": "px",
                            "size": 42,
                            "sizes": []
                        },
                        "st_title_typography_content_typography_font_size_mobile": {
                            "unit": "px",
                            "size": 38,
                            "sizes": []
                        },
                        "st_title_typography_content_typography_font_weight": "800",
                        "st_title_typography_content_typography_text_transform": "uppercase",
                        "st_title_typography_content_typography_line_height": {
                            "unit": "em",
                            "size": 1.3,
                            "sizes": []
                        },
                        "st_title_typography_content_typography_letter_spacing": {
                            "unit": "px",
                            "size": -2,
                            "sizes": []
                        },
                        "st_title_normal_color_responsive": "#FFFFFF",
                        "_element_width": "inherit"
                    },
                    "elements": [],
                    "isInner": false,
                    "widgetType": "jkit_post_title",
                    "elType": "widget"
                },
                {
                    "id": "582380ae",
                    "settings": {
                        "title": "By :",
                        "_margin": {
                            "unit": "px",
                            "top": "0",
                            "right": "5",
                            "bottom": "0",
                            "left": "0",
                            "isLinked": false
                        },
                        "_element_width": "auto",
                        "_element_vertical_align": "center",
                        "__globals__": {
                            "title_color": "globals\/colors?id=text",
                            "typography_typography": "globals\/typography?id=9c31b40"
                        },
                        "header_size": "h5"
                    },
                    "elements": [],
                    "isInner": false,
                    "widgetType": "heading",
                    "elType": "widget"
                },
                {
                    "id": "2071070f",
                    "settings": {
                        "_element_width": "auto",
                        "__globals__": {
                            "st_author_typography_content_typography_typography": "globals\/typography?id=9c31b40",
                            "st_author_normal_color_responsive": "globals\/colors?id=fa302c4"
                        },
                        "_margin": {
                            "unit": "px",
                            "top": "0",
                            "right": "0",
                            "bottom": "-1",
                            "left": "0",
                            "isLinked": false
                        },
                        "_element_vertical_align": "flex-end",
                        "_margin_tablet": {
                            "unit": "px",
                            "top": "0",
                            "right": "0",
                            "bottom": "0",
                            "left": "0",
                            "isLinked": false
                        }
                    },
                    "elements": [],
                    "isInner": false,
                    "widgetType": "jkit_post_author",
                    "elType": "widget"
                },
                {
                    "id": "432cb86b",
                    "settings": {
                        "title": "\/",
                        "_margin": {
                            "unit": "px",
                            "top": "0",
                            "right": "15",
                            "bottom": "0",
                            "left": "15",
                            "isLinked": false
                        },
                        "_element_width": "auto",
                        "_element_vertical_align": "center",
                        "__globals__": {
                            "typography_typography": "globals\/typography?id=text",
                            "title_color": "globals\/colors?id=text"
                        },
                        "_margin_mobile": {
                            "unit": "px",
                            "top": "0",
                            "right": "10",
                            "bottom": "0",
                            "left": "10",
                            "isLinked": false
                        }
                    },
                    "elements": [],
                    "isInner": false,
                    "widgetType": "heading",
                    "elType": "widget"
                },
                {
                    "id": "7581a4b7",
                    "settings": {
                        "sg_date_format_custom": "F j, Y",
                        "_element_width": "auto",
                        "__globals__": {
                            "st_date_typography_content_typography_typography": "globals\/typography?id=9c31b40",
                            "st_date_normal_color_responsive": "globals\/colors?id=primary"
                        },
                        "_margin": {
                            "unit": "px",
                            "top": "14",
                            "right": "0",
                            "bottom": "0",
                            "left": "0",
                            "isLinked": false
                        },
                        "_margin_mobile": {
                            "unit": "px",
                            "top": "12",
                            "right": "0",
                            "bottom": "0",
                            "left": "0",
                            "isLinked": false
                        },
                        "_margin_tablet": {
                            "unit": "px",
                            "top": "12",
                            "right": "0",
                            "bottom": "0",
                            "left": "0",
                            "isLinked": false
                        }
                    },
                    "elements": [],
                    "isInner": false,
                    "widgetType": "jkit_post_date",
                    "elType": "widget"
                },
                {
                    "id": "160de5ff",
                    "settings": {
                        "title": "\/",
                        "_margin": {
                            "unit": "px",
                            "top": "0",
                            "right": "15",
                            "bottom": "0",
                            "left": "15",
                            "isLinked": false
                        },
                        "_element_width": "auto",
                        "_element_vertical_align": "center",
                        "__globals__": {
                            "typography_typography": "globals\/typography?id=text",
                            "title_color": "globals\/colors?id=text"
                        },
                        "_margin_mobile": {
                            "unit": "px",
                            "top": "0",
                            "right": "10",
                            "bottom": "0",
                            "left": "10",
                            "isLinked": false
                        }
                    },
                    "elements": [],
                    "isInner": false,
                    "widgetType": "heading",
                    "elType": "widget"
                },
                {
                    "id": "540a84f3",
                    "settings": {
                        "sg_term_separator": ",",
                        "_margin": {
                            "unit": "px",
                            "top": "0",
                            "right": "0",
                            "bottom": "0",
                            "left": "0",
                            "isLinked": false
                        },
                        "_element_width": "auto",
                        "_element_vertical_align": "center",
                        "__globals__": {
                            "st_term_normal_color_responsive": "globals\/colors?id=primary",
                            "st_term_typography_content_typography_typography": "globals\/typography?id=9c31b40"
                        },
                        "_margin_mobile": {
                            "unit": "px",
                            "top": "-2",
                            "right": "0",
                            "bottom": "0",
                            "left": "0",
                            "isLinked": false
                        }
                    },
                    "elements": [],
                    "isInner": false,
                    "widgetType": "jkit_post_terms",
                    "elType": "widget"
                }
            ],
            "isInner": false,
            "elType": "container"
        },
        {
            "id": "11cddf67",
            "settings": {
                "flex_direction": "row",
                "boxed_width": {
                    "unit": "px",
                    "size": 1000,
                    "sizes": []
                },
                "flex_justify_content": "center",
                "flex_gap": {
                    "unit": "px",
                    "size": 0,
                    "column": "0",
                    "row": "0"
                },
                "flex_wrap": "wrap",
                "background_color_b": "#000039DE",
                "background_image": {
                    "url": "",
                    "id": "",
                    "alt": "",
                    "source": "library"
                },
                "background_position": "center right",
                "background_position_tablet": "initial",
                "background_position_mobile": "initial",
                "background_xpos": {
                    "unit": "%",
                    "size": "",
                    "sizes": []
                },
                "background_xpos_tablet": {
                    "unit": "%",
                    "size": 45,
                    "sizes": []
                },
                "background_xpos_mobile": {
                    "unit": "%",
                    "size": 32,
                    "sizes": []
                },
                "background_ypos": {
                    "unit": "%",
                    "size": 0,
                    "sizes": []
                },
                "background_repeat": "no-repeat",
                "background_size": "cover",
                "background_size_tablet": "cover",
                "background_bg_width": {
                    "unit": "%",
                    "size": 90,
                    "sizes": []
                },
                "background_slideshow_background_size": "cover",
                "background_slideshow_background_position": "center right",
                "background_slideshow_ken_burns": "yes",
                "background_overlay_color_stop": {
                    "unit": "%",
                    "size": 30,
                    "sizes": []
                },
                "background_overlay_color_b": "#000000D1",
                "background_overlay_color_b_stop": {
                    "unit": "%",
                    "size": 18,
                    "sizes": []
                },
                "background_overlay_gradient_angle": {
                    "unit": "deg",
                    "size": 90,
                    "sizes": []
                },
                "background_overlay_image": {
                    "id": 15,
                    "url": "https:\/\/templatekit.jegtheme.com\/creatv\/wp-content\/uploads\/sites\/419\/2023\/10\/blur-gradient-abstract-colorful-pastel-background.jpg"
                },
                "background_overlay_position": "center center",
                "background_overlay_repeat": "no-repeat",
                "background_overlay_size": "cover",
                "background_overlay_opacity": {
                    "unit": "px",
                    "size": 0.2,
                    "sizes": []
                },
                "css_filters_css_filter": "custom",
                "css_filters_brightness": {
                    "unit": "px",
                    "size": 80,
                    "sizes": []
                },
                "css_filters_saturate": {
                    "unit": "px",
                    "size": 200,
                    "sizes": []
                },
                "css_filters_hue": {
                    "unit": "px",
                    "size": 210,
                    "sizes": []
                },
                "background_overlay_hover_transition": {
                    "unit": "px",
                    "size": 0.3,
                    "sizes": []
                },
                "margin": {
                    "unit": "px",
                    "top": "",
                    "right": 0,
                    "bottom": "",
                    "left": 0,
                    "isLinked": true
                },
                "padding": {
                    "unit": "px",
                    "top": "40",
                    "right": "0",
                    "bottom": "150",
                    "left": "0",
                    "isLinked": false
                },
                "padding_tablet": {
                    "unit": "px",
                    "top": "20",
                    "right": "20",
                    "bottom": "80",
                    "left": "20",
                    "isLinked": false
                },
                "padding_mobile": {
                    "unit": "px",
                    "top": "20",
                    "right": "20",
                    "bottom": "50",
                    "left": "20",
                    "isLinked": false
                },
                "z_index": 0,
                "__globals__": {
                    "background_overlay_color": "",
                    "background_color": "globals\/colors?id=64ae608"
                },
                "boxed_width_mobile": {
                    "unit": "%",
                    "size": 100,
                    "sizes": []
                }
            },
            "elements": [
                {
                    "id": "5307cd40",
                    "settings": {
                        "sg_image_size_imagesize_size": "full",
                        "_margin": {
                            "unit": "px",
                            "top": "0",
                            "right": "0",
                            "bottom": "-6",
                            "left": "0",
                            "isLinked": false
                        },
                        "_margin_mobile": {
                            "unit": "px",
                            "top": "0",
                            "right": "0",
                            "bottom": "0",
                            "left": "0",
                            "isLinked": false
                        },
                        "_margin_tablet": {
                            "unit": "px",
                            "top": "0",
                            "right": "0",
                            "bottom": "0",
                            "left": "0",
                            "isLinked": true
                        }
                    },
                    "elements": [],
                    "isInner": false,
                    "widgetType": "jkit_post_featured_image",
                    "elType": "widget"
                },
                {
                    "id": "7914ec4b",
                    "settings": {
                        "boxed_width": {
                            "unit": "px",
                            "size": 750,
                            "sizes": []
                        },
                        "margin": {
                            "unit": "px",
                            "top": "30",
                            "right": "0",
                            "bottom": "0",
                            "left": "0",
                            "isLinked": false
                        },
                        "boxed_width_tablet": {
                            "unit": "%",
                            "size": 82,
                            "sizes": []
                        },
                        "boxed_width_mobile": {
                            "unit": "%",
                            "size": "",
                            "sizes": []
                        },
                        "margin_tablet": {
                            "unit": "px",
                            "top": "30",
                            "right": "0",
                            "bottom": "0",
                            "left": "0",
                            "isLinked": false
                        },
                        "padding_tablet": {
                            "unit": "px",
                            "top": "0",
                            "right": "0",
                            "bottom": "0",
                            "left": "0",
                            "isLinked": false
                        },
                        "padding_mobile": {
                            "unit": "px",
                            "top": "0",
                            "right": "0",
                            "bottom": "0",
                            "left": "0",
                            "isLinked": false
                        }
                    },
                    "elements": [
                        {
                            "id": "59d68324",
                            "settings": {
                                "title": "The Artistry of Our Creative Design Agency",
                                "__globals__": {
                                    "typography_typography": "globals\/typography?id=22acbdf"
                                },
                                "header_size": "h3"
                            },
                            "elements": [],
                            "isInner": false,
                            "widgetType": "heading",
                            "elType": "widget"
                        },
                        {
                            "id": "6d3bfd17",
                            "settings": {
                                "editor": "<p>Proin ullamcorper pretium orci. Donec nec scelerisque leo. Nam massa dolor, imperdiet nec consequat a, congue id sem. Maecenas malesuada faucibus finibus. Donec vitae libero porttitor, laoreet sapien a, ultrices leo. Duis dictum vestibulum ante vitae ullamcorper. Phasellus ullamcorper, odio vitae eleifend ultricies, lectus orci congue magna, in egestas nulla libero non nisl. Etiam efficitur in arcu ut lacinia.<\/p><p>Donec scelerisque enim non dictum aliquet. Sed ec nunc. Suspendisse volutpat elit nec nisi congue tristique eu at velit. Curabitur pharetra ex non ullamcorper condimentum. Morbi sit amet dui convallis, mattis augue id, ullamcorper massa. Fusce vulputate sodales hendrerit.<\/p><p>Duis dictum vestibulum ante vitae ullamcorper. Phasellus ullamcorper, odio vitae eleifend ultricies, lectus orci congue magna, in egestas nulla libero non nisl. Etiam efficitur in arcu ut lacinia.<\/p>",
                                "__globals__": {
                                    "text_color": "globals\/colors?id=text",
                                    "typography_typography": "globals\/typography?id=text"
                                },
                                "align": "justify"
                            },
                            "elements": [],
                            "isInner": false,
                            "widgetType": "text-editor",
                            "elType": "widget"
                        },
                        {
                            "id": "67b186df",
                            "settings": {
                                "editor": "\"In the hands of a creative design agency, ideas are not just imagined; they're brought to life, etching the mark of innovation on every canvas.\"",
                                "_margin": {
                                    "unit": "px",
                                    "top": "0",
                                    "right": "0",
                                    "bottom": "0",
                                    "left": "0",
                                    "isLinked": false
                                },
                                "_padding": {
                                    "unit": "px",
                                    "top": "0",
                                    "right": "0",
                                    "bottom": "0",
                                    "left": "20",
                                    "isLinked": false
                                },
                                "_border_border": "solid",
                                "_border_width": {
                                    "unit": "px",
                                    "top": "0",
                                    "right": "0",
                                    "bottom": "0",
                                    "left": "2",
                                    "isLinked": false
                                },
                                "__globals__": {
                                    "_border_color": "globals\/colors?id=accent",
                                    "text_color": "globals\/colors?id=primary",
                                    "typography_typography": "globals\/typography?id=8aebca3"
                                }
                            },
                            "elements": [],
                            "isInner": false,
                            "widgetType": "text-editor",
                            "elType": "widget"
                        },
                        {
                            "id": "38b0b21c",
                            "settings": {
                                "editor": "<p>Donec scelerisque enim non dictum aliquet. Sed ec nunc. Suspendisse volutpat elit nec nisi congue tristique eu at velit. Curabitur pharetra ex non ullamcorper condimentum. Morbi sit amet dui convallis, mattis augue id, ullamcorper massa. Fusce vulputate sodales hendrerit.<\/p><p>Duis dictum vestibulum ante vitae ullamcorper. Phasellus ullamcorper, odio vitae eleifend ultricies, lectus orci congue magna, in egestas nulla libero non nisl. Etiam efficitur in arcu ut lacinia.<\/p>",
                                "__globals__": {
                                    "text_color": "globals\/colors?id=text",
                                    "typography_typography": "globals\/typography?id=text"
                                },
                                "align": "justify",
                                "_margin": {
                                    "unit": "px",
                                    "top": "10",
                                    "right": "0",
                                    "bottom": "0",
                                    "left": "0",
                                    "isLinked": false
                                }
                            },
                            "elements": [],
                            "isInner": false,
                            "widgetType": "text-editor",
                            "elType": "widget"
                        },
                        {
                            "id": "69682fd6",
                            "settings": {
                                "carousel": [
                                    {
                                        "id": 563,
                                        "url": "https:\/\/templatekit.jegtheme.com\/creatv\/wp-content\/uploads\/sites\/419\/2023\/10\/asian-man-creative-designers-present-ux-ui-to-team--e1698314547978.jpg"
                                    },
                                    {
                                        "id": 564,
                                        "url": "https:\/\/templatekit.jegtheme.com\/creatv\/wp-content\/uploads\/sites\/419\/2023\/10\/ux-ui-and-programming-development-technology-e1698314556648.jpg"
                                    }
                                ],
                                "thumbnail_size": "full",
                                "slides_to_show": "2",
                                "slides_to_scroll": "1",
                                "navigation": "none",
                                "image_spacing": "custom",
                                "image_spacing_custom": {
                                    "unit": "px",
                                    "size": 30,
                                    "sizes": []
                                },
                                "image_spacing_custom_tablet": {
                                    "unit": "px",
                                    "size": 30,
                                    "sizes": []
                                }
                            },
                            "elements": [],
                            "isInner": false,
                            "widgetType": "image-carousel",
                            "elType": "widget"
                        },
                        {
                            "id": "1ef2375",
                            "settings": {
                                "editor": "<p>Proin ullamcorper pretium orci. Donec nec scelerisque leo. Nam massa dolor, imperdiet nec consequat a, congue id sem. Maecenas malesuada faucibus finibus. Donec vitae libero porttitor, laoreet sapien a, ultrices leo. Duis dictum vestibulum ante vitae ullamcorper. Phasellus ullamcorper, odio vitae eleifend ultricies, lectus orci congue magna, in egestas nulla libero non nisl. Etiam efficitur in arcu ut lacinia.<\/p><p>Lorem ipsum dolor sit amet, consectetur adipiscing elit. Donec a feugiat purus. Duis turpis nunc, aliquam id nunc ac, convallis dictum nisi. Curabitur vehicula tincidunt sapien, vel c ac. Donec diam augue, consequat sit amet metus ac, bibendum mattis massa. Duis mollis, ligula pretium consequat aliquet, nibh purus fermentum mi, bibendum molestie libero enim in sapien. Curabitur vestibulum sit amet nibh sed blandit bibendum molestie libero enim in sapien.<\/p>",
                                "__globals__": {
                                    "text_color": "globals\/colors?id=text",
                                    "typography_typography": "globals\/typography?id=text"
                                },
                                "align": "justify",
                                "_margin": {
                                    "unit": "px",
                                    "top": "10",
                                    "right": "0",
                                    "bottom": "20",
                                    "left": "0",
                                    "isLinked": false
                                }
                            },
                            "elements": [],
                            "isInner": false,
                            "widgetType": "text-editor",
                            "elType": "widget"
                        },
                        {
                            "id": "3aca856a",
                            "settings": {
                                "flex_direction": "row",
                                "flex_justify_content": "space-between",
                                "border_border": "solid",
                                "border_width": {
                                    "unit": "px",
                                    "top": "1",
                                    "right": "0",
                                    "bottom": "1",
                                    "left": "0",
                                    "isLinked": false
                                },
                                "padding": {
                                    "unit": "px",
                                    "top": "30",
                                    "right": "0",
                                    "bottom": "30",
                                    "left": "0",
                                    "isLinked": false
                                },
                                "__globals__": {
                                    "border_color": "globals\/colors?id=33f134d"
                                },
                                "boxed_width_tablet": {
                                    "unit": "%",
                                    "size": 100,
                                    "sizes": []
                                },
                                "boxed_width_mobile": {
                                    "unit": "%",
                                    "size": "",
                                    "sizes": []
                                }
                            },
                            "elements": [
                                {
                                    "id": "5d769a46",
                                    "settings": {
                                        "selected_icon": {
                                            "value": "jki jki-share-1-light",
                                            "library": "jkiticon"
                                        },
                                        "size": {
                                            "unit": "px",
                                            "size": 20,
                                            "sizes": []
                                        },
                                        "_margin": {
                                            "unit": "px",
                                            "top": "0",
                                            "right": "0",
                                            "bottom": "-7",
                                            "left": "0",
                                            "isLinked": false
                                        },
                                        "_element_width": "auto",
                                        "_element_vertical_align": "center",
                                        "__globals__": {
                                            "primary_color": "globals\/colors?id=fa302c4"
                                        }
                                    },
                                    "elements": [],
                                    "isInner": false,
                                    "widgetType": "icon",
                                    "elType": "widget"
                                },
                                {
                                    "id": "646196b",
                                    "settings": {
                                        "sg_social_list": [
                                            {
                                                "sg_social_icon": {
                                                    "value": "jki jki-facebook-light",
                                                    "library": "jkiticon"
                                                },
                                                "sg_social_label": "FACEBOOK",
                                                "_id": "a493ea8",
                                                "sg_social_normal_border_border_width": {
                                                    "unit": "px",
                                                    "top": "1",
                                                    "right": "1",
                                                    "bottom": "1",
                                                    "left": "1",
                                                    "isLinked": true
                                                },
                                                "sg_social_hover_border_border_width": {
                                                    "unit": "px",
                                                    "top": "1",
                                                    "right": "1",
                                                    "bottom": "1",
                                                    "left": "1",
                                                    "isLinked": true
                                                },
                                                "__globals__": {
                                                    "sg_social_normal_color": "globals\/colors?id=fa302c4",
                                                    "sg_social_hover_border_border_color": "globals\/colors?id=33f134d",
                                                    "sg_social_normal_border_border_color": "globals\/colors?id=33f134d",
                                                    "sg_social_normal_background_background_color": "globals\/colors?id=78d90f4",
                                                    "sg_social_hover_background_background_color": "globals\/colors?id=accent",
                                                    "sg_social_hover_color": "globals\/colors?id=primary",
                                                    "sg_social_normal_background_background_color_b": "globals\/colors?id=c57ecbd",
                                                    "sg_social_hover_background_background_color_b": "globals\/colors?id=29e3812"
                                                },
                                                "sg_social_normal_background_background_background": "gradient",
                                                "sg_social_hover_background_background_background": "gradient",
                                                "sg_social_normal_border_border_border": "solid",
                                                "sg_social_hover_border_border_border": "solid",
                                                "sg_social_normal_background_background_gradient_angle": {
                                                    "unit": "deg",
                                                    "size": 280,
                                                    "sizes": []
                                                },
                                                "sg_social_hover_transition_duration": {
                                                    "unit": "px",
                                                    "size": 1,
                                                    "sizes": []
                                                },
                                                "sg_social_hover_background_background_gradient_angle": {
                                                    "unit": "deg",
                                                    "size": 280,
                                                    "sizes": []
                                                }
                                            },
                                            {
                                                "sg_social_icon": {
                                                    "value": "jki jki-twitter-light",
                                                    "library": "jkiticon"
                                                },
                                                "sg_social_label": "Twitter",
                                                "sg_social_normal_border_border_width": {
                                                    "unit": "px",
                                                    "top": "1",
                                                    "right": "1",
                                                    "bottom": "1",
                                                    "left": "1",
                                                    "isLinked": true
                                                },
                                                "sg_social_hover_border_border_width": {
                                                    "unit": "px",
                                                    "top": "1",
                                                    "right": "1",
                                                    "bottom": "1",
                                                    "left": "1",
                                                    "isLinked": true
                                                },
                                                "__globals__": {
                                                    "sg_social_normal_color": "globals\/colors?id=fa302c4",
                                                    "sg_social_hover_border_border_color": "globals\/colors?id=33f134d",
                                                    "sg_social_normal_border_border_color": "globals\/colors?id=33f134d",
                                                    "sg_social_normal_background_background_color": "globals\/colors?id=78d90f4",
                                                    "sg_social_hover_background_background_color": "globals\/colors?id=accent",
                                                    "sg_social_hover_color": "globals\/colors?id=primary",
                                                    "sg_social_normal_background_background_color_b": "globals\/colors?id=c57ecbd",
                                                    "sg_social_hover_background_background_color_b": "globals\/colors?id=29e3812"
                                                },
                                                "sg_social_normal_background_background_background": "gradient",
                                                "sg_social_hover_background_background_background": "gradient",
                                                "sg_social_normal_border_border_border": "solid",
                                                "sg_social_hover_border_border_border": "solid",
                                                "sg_social_brand": "twitter",
                                                "sg_social_normal_background_background_gradient_angle": {
                                                    "unit": "deg",
                                                    "size": 280,
                                                    "sizes": []
                                                },
                                                "sg_social_hover_transition_duration": {
                                                    "unit": "px",
                                                    "size": 1,
                                                    "sizes": []
                                                },
                                                "sg_social_hover_background_background_gradient_angle": {
                                                    "unit": "deg",
                                                    "size": 280,
                                                    "sizes": []
                                                },
                                                "_id": "81627a0"
                                            },
                                            {
                                                "sg_social_icon": {
                                                    "value": "jki jki-linkedin-light",
                                                    "library": "jkiticon"
                                                },
                                                "sg_social_label": "Linkedin",
                                                "sg_social_normal_border_border_width": {
                                                    "unit": "px",
                                                    "top": "1",
                                                    "right": "1",
                                                    "bottom": "1",
                                                    "left": "1",
                                                    "isLinked": true
                                                },
                                                "sg_social_hover_border_border_width": {
                                                    "unit": "px",
                                                    "top": "1",
                                                    "right": "1",
                                                    "bottom": "1",
                                                    "left": "1",
                                                    "isLinked": true
                                                },
                                                "__globals__": {
                                                    "sg_social_normal_color": "globals\/colors?id=fa302c4",
                                                    "sg_social_hover_border_border_color": "globals\/colors?id=33f134d",
                                                    "sg_social_normal_border_border_color": "globals\/colors?id=33f134d",
                                                    "sg_social_normal_background_background_color": "globals\/colors?id=78d90f4",
                                                    "sg_social_hover_background_background_color": "globals\/colors?id=accent",
                                                    "sg_social_hover_color": "globals\/colors?id=primary",
                                                    "sg_social_normal_background_background_color_b": "globals\/colors?id=c57ecbd",
                                                    "sg_social_hover_background_background_color_b": "globals\/colors?id=29e3812"
                                                },
                                                "sg_social_normal_background_background_background": "gradient",
                                                "sg_social_hover_background_background_background": "gradient",
                                                "sg_social_normal_border_border_border": "solid",
                                                "sg_social_hover_border_border_border": "solid",
                                                "sg_social_brand": "linkedin",
                                                "sg_social_normal_background_background_gradient_angle": {
                                                    "unit": "deg",
                                                    "size": 280,
                                                    "sizes": []
                                                },
                                                "sg_social_hover_transition_duration": {
                                                    "unit": "px",
                                                    "size": 1,
                                                    "sizes": []
                                                },
                                                "sg_social_hover_background_background_gradient_angle": {
                                                    "unit": "deg",
                                                    "size": 280,
                                                    "sizes": []
                                                },
                                                "_id": "8ec17d6"
                                            },
                                            {
                                                "sg_social_icon": {
                                                    "value": "jki jki-whatsapp-1-light",
                                                    "library": "jkiticon"
                                                },
                                                "sg_social_label": "Whatsapp",
                                                "sg_social_normal_border_border_width": {
                                                    "unit": "px",
                                                    "top": "1",
                                                    "right": "1",
                                                    "bottom": "1",
                                                    "left": "1",
                                                    "isLinked": true
                                                },
                                                "sg_social_hover_border_border_width": {
                                                    "unit": "px",
                                                    "top": "1",
                                                    "right": "1",
                                                    "bottom": "1",
                                                    "left": "1",
                                                    "isLinked": true
                                                },
                                                "__globals__": {
                                                    "sg_social_normal_color": "globals\/colors?id=fa302c4",
                                                    "sg_social_hover_border_border_color": "globals\/colors?id=33f134d",
                                                    "sg_social_normal_border_border_color": "globals\/colors?id=33f134d",
                                                    "sg_social_normal_background_background_color": "globals\/colors?id=78d90f4",
                                                    "sg_social_hover_background_background_color": "globals\/colors?id=accent",
                                                    "sg_social_hover_color": "globals\/colors?id=primary",
                                                    "sg_social_normal_background_background_color_b": "globals\/colors?id=c57ecbd",
                                                    "sg_social_hover_background_background_color_b": "globals\/colors?id=29e3812"
                                                },
                                                "sg_social_normal_background_background_background": "gradient",
                                                "sg_social_hover_background_background_background": "gradient",
                                                "sg_social_normal_border_border_border": "solid",
                                                "sg_social_hover_border_border_border": "solid",
                                                "sg_social_brand": "whatsapp",
                                                "sg_social_normal_background_background_gradient_angle": {
                                                    "unit": "deg",
                                                    "size": 280,
                                                    "sizes": []
                                                },
                                                "sg_social_hover_transition_duration": {
                                                    "unit": "px",
                                                    "size": 1,
                                                    "sizes": []
                                                },
                                                "sg_social_hover_background_background_gradient_angle": {
                                                    "unit": "deg",
                                                    "size": 280,
                                                    "sizes": []
                                                },
                                                "_id": "f374aff"
                                            }
                                        ],
                                        "st_social_margin_responsive": {
                                            "unit": "px",
                                            "top": "0",
                                            "right": "0",
                                            "bottom": "0",
                                            "left": "8",
                                            "isLinked": false
                                        },
                                        "st_social_height_width": "yes",
                                        "st_social_icon_size_responsive": {
                                            "unit": "px",
                                            "size": 14,
                                            "sizes": []
                                        },
                                        "_margin": {
                                            "unit": "px",
                                            "top": "0",
                                            "right": "0",
                                            "bottom": "-6",
                                            "left": "15",
                                            "isLinked": false
                                        },
                                        "jkit_transform_rotate": {
                                            "unit": "px",
                                            "size": 0,
                                            "sizes": []
                                        },
                                        "jkit_glass_blur_level": {
                                            "unit": "px",
                                            "size": 0,
                                            "sizes": []
                                        },
                                        "motion_fx_translateY_direction": "negative",
                                        "motion_fx_translateY_speed": {
                                            "unit": "px",
                                            "size": 2,
                                            "sizes": []
                                        },
                                        "motion_fx_translateX_effect": "yes",
                                        "motion_fx_translateX_speed": {
                                            "unit": "px",
                                            "size": 1,
                                            "sizes": []
                                        },
                                        "motion_fx_scale_speed": {
                                            "unit": "px",
                                            "size": 1,
                                            "sizes": []
                                        },
                                        "motion_fx_tilt_speed": {
                                            "unit": "px",
                                            "size": 2.1,
                                            "sizes": []
                                        },
                                        "_element_custom_width": {
                                            "unit": "%",
                                            "size": 60,
                                            "sizes": []
                                        },
                                        "_offset_x": {
                                            "unit": "%",
                                            "size": 67,
                                            "sizes": []
                                        },
                                        "_offset_y": {
                                            "unit": "%",
                                            "size": 40,
                                            "sizes": []
                                        },
                                        "__globals__": {
                                            "st_social_typography_content_typography_typography": "globals\/typography?id=a3161ad"
                                        },
                                        "sg_social_icon_spacing_responsive": {
                                            "unit": "px",
                                            "size": 9,
                                            "sizes": []
                                        },
                                        "sg_social_alignment_responsive": "left",
                                        "st_social_padding_responsive": {
                                            "unit": "px",
                                            "top": "5",
                                            "right": "12",
                                            "bottom": "5",
                                            "left": "12",
                                            "isLinked": false
                                        },
                                        "st_social_height_width_line_height_responsive": {
                                            "unit": "px",
                                            "size": 0,
                                            "sizes": []
                                        },
                                        "sg_social_alignment_responsive_mobile": "left",
                                        "st_social_alignment_responsive_mobile": "left",
                                        "st_social_margin_responsive_mobile": {
                                            "unit": "px",
                                            "top": "0",
                                            "right": "8",
                                            "bottom": "0",
                                            "left": "0",
                                            "isLinked": false
                                        },
                                        "_element_width_mobile": "inherit",
                                        "st_social_alignment_responsive": "center",
                                        "st_social_icon_size_responsive_mobile": {
                                            "unit": "px",
                                            "size": 16,
                                            "sizes": []
                                        },
                                        "sg_social_style": "text",
                                        "st_social_border_radius_responsive": {
                                            "unit": "px",
                                            "top": "50",
                                            "right": "50",
                                            "bottom": "50",
                                            "left": "50",
                                            "isLinked": true
                                        },
                                        "_margin_mobile": {
                                            "unit": "px",
                                            "top": "2",
                                            "right": "0",
                                            "bottom": "0",
                                            "left": "0",
                                            "isLinked": false
                                        },
                                        "st_social_display_responsive_mobile": "inline-block",
                                        "st_social_height_width_width_responsive_mobile": {
                                            "unit": "%",
                                            "size": 100,
                                            "sizes": []
                                        }
                                    },
                                    "elements": [],
                                    "isInner": false,
                                    "widgetType": "jkit_social_share",
                                    "elType": "widget"
                                }
                            ],
                            "isInner": true,
                            "elType": "container"
                        },
                        {
                            "id": "4299299b",
                            "settings": {
                                "_margin_mobile": {
                                    "unit": "px",
                                    "top": "0",
                                    "right": "0",
                                    "bottom": "0",
                                    "left": "0",
                                    "isLinked": false
                                },
                                "_margin": {
                                    "unit": "px",
                                    "top": "40",
                                    "right": "0",
                                    "bottom": "0",
                                    "left": "0",
                                    "isLinked": false
                                },
                                "st_form_field_normal_background_background_background": "classic",
                                "st_form_field_normal_border_border_border": "solid",
                                "st_form_field_normal_border_border_width": {
                                    "unit": "px",
                                    "top": "1",
                                    "right": "1",
                                    "bottom": "1",
                                    "left": "1",
                                    "isLinked": true
                                },
                                "st_form_field_normal_radius_responsive": {
                                    "unit": "px",
                                    "top": "0",
                                    "right": "0",
                                    "bottom": "0",
                                    "left": "0",
                                    "isLinked": false
                                },
                                "st_title_margin_responsive": {
                                    "unit": "px",
                                    "top": "0",
                                    "right": "0",
                                    "bottom": "3",
                                    "left": "0",
                                    "isLinked": false
                                },
                                "st_button_padding_responsive": {
                                    "unit": "px",
                                    "top": "22",
                                    "right": "30",
                                    "bottom": "22",
                                    "left": "30",
                                    "isLinked": false
                                },
                                "st_button_normal_background_background_background": "gradient",
                                "st_button_normal_border_border_border": "none",
                                "st_button_normal_border_border_width": {
                                    "unit": "px",
                                    "top": "1",
                                    "right": "1",
                                    "bottom": "1",
                                    "left": "1",
                                    "isLinked": true
                                },
                                "st_button_normal_radius_responsive": {
                                    "unit": "px",
                                    "top": "0",
                                    "right": "0",
                                    "bottom": "0",
                                    "left": "0",
                                    "isLinked": true
                                },
                                "st_button_hover_background_background_background": "gradient",
                                "st_button_hover_background_background_color": "#A036FF",
                                "__globals__": {
                                    "st_form_label_typography_content_typography_typography": "",
                                    "st_form_label_text_color": "globals\/colors?id=primary",
                                    "st_form_label_required_text_color": "globals\/colors?id=accent",
                                    "st_form_field_typography_content_typography_typography": "globals\/typography?id=text",
                                    "st_form_field_normal_background_background_color": "",
                                    "st_form_field_normal_text_color": "globals\/colors?id=fa302c4",
                                    "st_form_field_normal_border_border_color": "globals\/colors?id=33f134d",
                                    "st_title_typography_content_typography_typography": "globals\/typography?id=ff68ca0",
                                    "st_title_text_color_responsive": "globals\/colors?id=primary",
                                    "st_description_typography_content_typography_typography": "globals\/typography?id=text",
                                    "st_description_text_color_responsive": "globals\/colors?id=text",
                                    "st_description_link_normal_typography_content_typography_typography": "globals\/typography?id=text",
                                    "st_description_link_normal_text_color_responsive": "globals\/colors?id=fa302c4",
                                    "st_description_link_hover_text_color_responsive": "globals\/colors?id=accent",
                                    "st_button_typography_content_typography_typography": "globals\/typography?id=6433c51",
                                    "st_button_normal_text_color": "globals\/colors?id=primary",
                                    "st_button_normal_background_background_color": "globals\/colors?id=accent",
                                    "st_button_normal_border_border_color": "globals\/colors?id=accent",
                                    "st_button_hover_text_color": "globals\/colors?id=fa302c4",
                                    "st_form_field_focus_border_border_color": "globals\/colors?id=fa302c4",
                                    "st_form_field_focus_text_color": "globals\/colors?id=fa302c4",
                                    "st_button_normal_background_background_color_b": "globals\/colors?id=29e3812",
                                    "st_button_hover_background_background_color": "globals\/colors?id=29e3812",
                                    "st_button_hover_background_background_color_b": "globals\/colors?id=accent"
                                },
                                "st_form_label_typography_content_typography_typography": "custom",
                                "st_form_label_typography_content_typography_font_family": "Archivo",
                                "st_form_label_typography_content_typography_font_size": {
                                    "unit": "px",
                                    "size": 12,
                                    "sizes": []
                                },
                                "st_form_label_typography_content_typography_font_size_tablet": {
                                    "unit": "px",
                                    "size": 14,
                                    "sizes": []
                                },
                                "st_form_label_typography_content_typography_font_size_mobile": {
                                    "unit": "px",
                                    "size": 13,
                                    "sizes": []
                                },
                                "st_form_label_typography_content_typography_font_weight": "600",
                                "st_form_label_typography_content_typography_line_height": {
                                    "unit": "em",
                                    "size": 2.3,
                                    "sizes": []
                                },
                                "st_form_label_typography_content_typography_letter_spacing": {
                                    "unit": "px",
                                    "size": 2,
                                    "sizes": []
                                },
                                "st_form_label_typography_content_typography_word_spacing": {
                                    "unit": "em",
                                    "size": "",
                                    "sizes": []
                                },
                                "st_form_label_text_color": "#FFFFFF",
                                "st_form_label_required_text_color": "#6136FF",
                                "st_form_field_typography_content_typography_typography": "custom",
                                "st_form_field_typography_content_typography_font_family": "Manrope",
                                "st_form_field_typography_content_typography_font_size": {
                                    "unit": "px",
                                    "size": 15,
                                    "sizes": []
                                },
                                "st_form_field_typography_content_typography_font_size_tablet": {
                                    "unit": "px",
                                    "size": 15,
                                    "sizes": []
                                },
                                "st_form_field_typography_content_typography_font_size_mobile": {
                                    "unit": "px",
                                    "size": 14,
                                    "sizes": []
                                },
                                "st_form_field_typography_content_typography_font_weight": "400",
                                "st_form_field_typography_content_typography_text_decoration": "none",
                                "st_form_field_typography_content_typography_line_height": {
                                    "unit": "em",
                                    "size": 1.5,
                                    "sizes": []
                                },
                                "st_form_field_typography_content_typography_letter_spacing": {
                                    "unit": "px",
                                    "size": 0,
                                    "sizes": []
                                },
                                "st_form_field_normal_text_color": "#FFFFFF",
                                "st_form_field_normal_background_background_color": "#5631DE00",
                                "st_form_field_normal_border_border_color": "#FFFFFF30",
                                "st_form_field_focus_border_border_border": "solid",
                                "st_form_field_focus_border_border_width": {
                                    "unit": "px",
                                    "top": "1",
                                    "right": "1",
                                    "bottom": "1",
                                    "left": "1",
                                    "isLinked": true
                                },
                                "st_form_field_focus_border_border_color": "#FFFFFF",
                                "st_title_text_color_responsive": "#FFFFFF",
                                "st_description_typography_content_typography_typography": "custom",
                                "st_description_typography_content_typography_font_family": "Manrope",
                                "st_description_typography_content_typography_font_size": {
                                    "unit": "px",
                                    "size": 15,
                                    "sizes": []
                                },
                                "st_description_typography_content_typography_font_size_tablet": {
                                    "unit": "px",
                                    "size": 15,
                                    "sizes": []
                                },
                                "st_description_typography_content_typography_font_size_mobile": {
                                    "unit": "px",
                                    "size": 14,
                                    "sizes": []
                                },
                                "st_description_typography_content_typography_font_weight": "400",
                                "st_description_typography_content_typography_text_decoration": "none",
                                "st_description_typography_content_typography_line_height": {
                                    "unit": "em",
                                    "size": 1.5,
                                    "sizes": []
                                },
                                "st_description_typography_content_typography_letter_spacing": {
                                    "unit": "px",
                                    "size": 0,
                                    "sizes": []
                                },
                                "st_description_text_color_responsive": "#AAB1C2",
                                "st_description_link_normal_typography_content_typography_typography": "custom",
                                "st_description_link_normal_typography_content_typography_font_family": "Manrope",
                                "st_description_link_normal_typography_content_typography_font_size": {
                                    "unit": "px",
                                    "size": 15,
                                    "sizes": []
                                },
                                "st_description_link_normal_typography_content_typography_font_size_tablet": {
                                    "unit": "px",
                                    "size": 15,
                                    "sizes": []
                                },
                                "st_description_link_normal_typography_content_typography_font_size_mobile": {
                                    "unit": "px",
                                    "size": 14,
                                    "sizes": []
                                },
                                "st_description_link_normal_typography_content_typography_font_weight": "400",
                                "st_description_link_normal_typography_content_typography_text_decoration": "none",
                                "st_description_link_normal_typography_content_typography_line_height": {
                                    "unit": "em",
                                    "size": 1.5,
                                    "sizes": []
                                },
                                "st_description_link_normal_typography_content_typography_letter_spacing": {
                                    "unit": "px",
                                    "size": 0,
                                    "sizes": []
                                },
                                "st_description_link_normal_text_color_responsive": "#FFFFFF",
                                "st_description_link_hover_text_color_responsive": "#6136FF",
                                "st_button_typography_content_typography_typography": "custom",
                                "st_button_typography_content_typography_font_family": "Archivo",
                                "st_button_typography_content_typography_font_size": {
                                    "unit": "px",
                                    "size": 14,
                                    "sizes": []
                                },
                                "st_button_typography_content_typography_font_size_tablet": {
                                    "unit": "px",
                                    "size": 15,
                                    "sizes": []
                                },
                                "st_button_typography_content_typography_font_size_mobile": {
                                    "unit": "px",
                                    "size": 14,
                                    "sizes": []
                                },
                                "st_button_typography_content_typography_font_weight": "600",
                                "st_button_typography_content_typography_text_transform": "uppercase",
                                "st_button_typography_content_typography_text_decoration": "none",
                                "st_button_typography_content_typography_line_height": {
                                    "unit": "em",
                                    "size": 1,
                                    "sizes": []
                                },
                                "st_button_typography_content_typography_letter_spacing": {
                                    "unit": "px",
                                    "size": 2.5,
                                    "sizes": []
                                },
                                "st_button_typography_content_typography_word_spacing": {
                                    "unit": "em",
                                    "size": "",
                                    "sizes": []
                                },
                                "st_button_normal_text_color": "#FFFFFF",
                                "st_button_normal_background_background_color": "#6136FF",
                                "st_button_normal_border_border_color": "#6136FF",
                                "st_button_hover_text_color": "#FFFFFF",
                                "_element_width": "inherit",
                                "st_form_label_typography_content_typography_text_transform": "uppercase",
                                "st_form_label_typography_content_typography_text_decoration": "none",
                                "st_form_field_focus_transition_duration": {
                                    "unit": "px",
                                    "size": 0.3,
                                    "sizes": []
                                },
                                "st_form_field_focus_text_color": "#FFFFFF",
                                "st_description_link_hover_transition_duration": {
                                    "unit": "px",
                                    "size": 0.3,
                                    "sizes": []
                                },
                                "st_button_normal_background_background_color_b": "#A036FF",
                                "st_button_normal_background_background_gradient_angle": {
                                    "unit": "deg",
                                    "size": 280,
                                    "sizes": []
                                },
                                "st_button_hover_background_background_color_b": "#6136FF",
                                "st_button_hover_background_background_gradient_angle": {
                                    "unit": "deg",
                                    "size": 280,
                                    "sizes": []
                                }
                            },
                            "elements": [],
                            "isInner": false,
                            "widgetType": "jkit_post_comment",
                            "elType": "widget"
                        }
                    ],
                    "isInner": true,
                    "elType": "container"
                }
            ],
            "isInner": false,
            "elType": "container"
        }
    ]
}